"timestamp","Index","br_meat_production","econ_var2","econ_var3","econ_var4","econ_var5","econ_var6","econ_var7","econ_var8","econ_var9","econ_var10","econ_var11","econ_var12","econ_var13","econ_var14","econ_var15","econ_var16","econ_var17","econ_var18","econ_var19","econ_var20","econ_var21","econ_var22","econ_var23","econ_var24","econ_var25","econ_var26","econ_var27","econ_var28","econ_var29","econ_var30","econ_var31","econ_var32","econ_var33","econ_var34","econ_var35","econ_var36","econ_var37","econ_var38","econ_var39","econ_var40","econ_var41","econ_var42","econ_var43","econ_var44","econ_var45","econ_var46","econ_var47","econ_var48","econ_var49","econ_var50","econ_var51","econ_var52","econ_var53","econ_var54","econ_var55","econ_var56","econ_var57","econ_var58","econ_var59","econ_var60","econ_var61","econ_var62","econ_var63","econ_var64","econ_var65","econ_var66","econ_var67","econ_var68","econ_var69","econ_var70","econ_var71","econ_var72","econ_var73","econ_var74","econ_var75"
2010 jan,2010-01-01,2600,2510,7500,3035,13000,25,21000,7,145422,63618,8,3145787,4548000,83,94,251.63,62596,260970,520,254139.4537,34,4779.3775,2.369889705,420,66.2,4800,51.17480976,8.653405213,41.55076923,18.26983306,12750,12084,48300,8784,7000,1000,51000,4.530909041,2341311,386813181,2473460,204204,30800,53319,159000,60219,148.8099367,100,166000,5,9048.204487,176676.4732,11919,1.22,171166,2300,544,6100,954,5000,50,11500,5,33087,44157,287034,46189,50802,590.4776743,339614,10,180000,3302.131,3872.4,850.34
2010 fev,2010-02-01,2600,2510,7500,3035,13000,25,21000,7,145422,63618,8,3145787,4548000,83,94,251.63,62596,260970,520,247400,34,4779.3775,1.414573625,420,66.2,4800,50.03286469,78.11741515,41.55076923,17.95085523,12750,12084,48300,8784,7000,1000,51000,4.529671461,2198281,376019864,2478287,191687,30800,53319,159000,60219,149.2229082,100,166000,5,9332.936135,176676.4732,11919,0.84,38738,2300,544,6100,954,5000,50,11500,5,33087,44157,287034,46189,50802,590.3825607,339614,10,180000,3208.499,3694.5,850.34
2010 mar,2010-03-01,2600,2510,7500,3035,13000,25,21000,7,145422,63618,8,3145787,4548000,83,94,251.63,62596,260970,520,274552.1262,34,4779.3775,1.444197381,420,66.2,4800,49.74016328,50.63314461,41.55076923,18.95569508,12750,12084,48300,8784,7000,1000,51000,4.527143248,2544042,443844180,2858417,207836,30800,53319,159000,60219,149.1436666,100,166000,5,10072.90654,176485.6512,11919,0.35,43301,2300,544,6100,954,5000,50,11500,5,33087,44157,287034,46189,50802,592.8450258,339614,10,180000,3705.327,4234.8,850.34
2010 abr,2010-04-01,2600,2510,7500,3035,13000,25,21000,7,145422,63618,8,3145787,4548000,83,94,251.63,62596,260970,520,270527.1476,34,4779.3775,1.343794966,420,66.2,4800,49.58019886,0,41.55076923,19.69317101,12750,12084,48300,8784,7000,1000,51000,4.528057458,2460748,403520009,2585513,202624,30800,53319,159000,60219,159.9752496,100,166000,5,10335.80451,176773.7595,11919,-0.17,137427,2300,544,6100,954,5000,50,11500,5,33087,44157,287034,46189,50802,589.8722092,339614,10,180000,3543.869,3969.7,850.34
2010 mai,2010-05-01,2600,2510,7500,3035,13000,25,21000,8,145422,63618,8,3145787,4548000,83,94,251.63,62596,260970,520,299861.6764,34,4779.3775,1.094673908,420,66.2,4800,49.35920577,0,41.55076923,20.05929933,12750,12084,48300,8784,7000,1000,51000,4,2587253,418749984,2730925,204515,30800,53319,159000,60219,200,100,166000,5,10621.48151,177124.2726,11919,-0.66,42686,2300,544,6100,954,5000,10,11500,5,33087,44157,287034,46189,50802,254,339614,10,180000,3508.234,3691,850.34
2010 jun,2010-06-01,2600,2917,7500,2442,14000,25,21000,8,145422,63618,8,3145787,4548000,83,94,251.63,62596,260970,520,281783.7357,34,4779.3775,1.306301189,420,66.2,4800,49.42714098,0,41.55076923,20.17665939,12750,11584,48300,8284,7000,1000,51000,4,2547255,413805953,2755943,203454,30800,53019,159000,59919,200,100,166000,5,10906.62406,177362.0278,12154.19528,-1.05,144450,2600,544,6600,1454,5500,10,13000,5,33087,40728,289828,39966,50802,254,339614,10,180000,3682.759,4133.3,850.34
2010 jul,2010-07-01,2600,2917,7500,2442,14000,25,21000,8,145422,63618,8,3145787,4548000,83,94,251.63,62596,260970,520,285354.6193,34,4779.3775,2.653420431,420,66.2,4800,49.20819829,0,41.55076923,19.62547683,12750,11084,48300,7784,7000,1000,51000,4,2566645,434777534,2826396,208974,30800,53019,159000,59919,200,100,166000,5,11168.97791,177668.7077,12520.74351,-1.35,312307,2600,544,6600,954,6000,10,13000,5,32782,37552,289827,34885,49532,254,336438,10,180000,3579.059,3916.7,850.34
2010 ago,2010-08-01,2700,1917,7500,1442,14000,25,21000,8,145422,63618,8,3145787,4548000,83,94,251.63,62596,260970,520,290419.213,34,4779.3775,3.242050627,420,66.2,4800,49.36239083,0,41.55076923,19.27567532,12750,11434,48300,8134,7000,1000,51000,4,2408483,430164996,2769004,207864,30800,53019,160000,59819,200,1000,166000,5,11386.19533,177938.2317,12875.25194,-1.56,337438,2600,544,6500,554,5000,10,11500,4,32782,36232,290590,33316,52072,254,339492,10,180000,3738.849,4082.2,850.34
2010 set,2010-09-01,2700,1917,7500,1442,14000,25,21000,8,145422,63618,8,3145787,4548000,83,94,251.63,62596,260970,520,274441.0533,34,4779.3775,2.845422484,420,66.2,4800,49.35161201,0,41.55076923,19.38768183,12750,12684,48300,9384,7000,1000,51000,4,2428699,417954066,2713582,205163,30800,53319,160000,60119,200,1000,166000,5,11618.45625,178170.7412,13214.46383,-1.64,220468,2600,744,6000,754,5500,10,11500,4,32782,35215,288049,28350,53342,254,334272,10,180000,3762.036,4113,850.34
2010 out,2010-10-01,3200,1617,7000,2142,17500,25,25000,8,145422,63618,8,3145787,4548000,83,94,251.63,62596,260970,520,290754.0744,34,4779.3775,3.050131635,420,66.2,4800,49.64696542,0,41.55076923,19.1565348,12750,12884,48300,9584,7000,1000,51000,4,2322666,415694035,2664805,208922,30800,53319,160000,60119,200,1000,166000,5,11809.67807,178170.7412,13554.02033,-1.64,401743,2600,744,6000,754,5500,10,11500,4,32886,43374,291605,22900,50802,254,321679,10,180000,3759.627,4213.5,850.34
2010 nov,2010-11-01,3200,917,7500,942,17500,25,25000,8,145422,63618,8,3145787,4548000,83,94,251.63,62596,260970,520,287390.4919,34,4779.3775,2.958551294,420,66.2,4800,50.0717268,0,41.55076923,19.29055641,12750,12884,48300,9584,7000,1000,51000,4,2357854,413439919,2689032,205195,31500,53314,162000,60114,200,1000,168000,5,11970.54353,178105.9671,13909.18287,-1.59,229796,2600,744,6000,754,5500,10,11500,4,32886,43374,291606,21012,49532,254,318522,10,180000,3695.555,4286.1,850.34
2010 dez,2010-12-01,3200,792,7300,1017,17500,25,25000,8,145422,63618,8,3145787,4548000,83,94,251.63,62596,260970,520,283598.0625,34,4779.3775,2.517415453,420,66.2,4800,50.34316846,0,41.55076923,19.06614285,12750,12884,48300,9584,7000,1000,51000,4,2514858,433537020,2965205,207441,31500,53314,162000,60114,200,1000,168000,5,12116.05164,178571.0347,14283.38286,1.5,72013,2600,672,6200,982,5500,10,12000,5,32886,43374,291606,21139,49532,381,318522,10,180000,3691.453,4306.7,850.34
2011 jan,2011-01-01,3200,792,7300,1017,17500,19.72504109,25000,7,145422,63618,8,3145787,4548000,83,94,251.63,62596,260970,520,251756.9421,34,4779.3775,2.046362349,420,66.2,4800,49.16603396,6.962587285,41.55076923,18.48901841,12750,12884,48300,9584,7000,1000,51000,4.63847413,2338977,431740660,2660648,210307,32019.65272,53314,162000,60114,134.8909559,1000,168000,5,15622.7795,178571.0347,15371.84184,-1.19,73802,2600,672,6200,982,5500,50,12000,5,32886,43374,291606,21139,49532,668.5235785,318522,10,180000,3640.714,3998.5,850.34
2011 fev,2011-02-01,3200,792,7300,1017,17500,19.31636518,25000,7.006353729,145422,63618,8,3145787,4548000,83,94,251.63,62596,260970,520,247400,34,4467.203859,1.773293205,420,66.2,4550.984771,48.24924953,45.52843794,41.55076923,17.85839325,12750,12884,48300,9584,7000,1000,51000,4.64665596,2323704,414879720,2555617,196983,32026.242,53314,162000,60114,133.7329628,1000,168000,5,15795.00987,178445.3943,15669.89069,-0.93,62643,2600,672,6200,982,5500,50,12000,5,32886,43374,291606,21139,49532,667.0508507,318522,10,180000,3334.556,3771,850.34
2011 mar,2011-03-01,3200,792,7300,1017,17500,21.11568287,25000,7,145422,63618,8,3145787,4548000,83,94,251.63,62596,260970,520,286887.0195,34,4779.3775,1.209394411,420,66.2,4800,49.14990719,112.2417099,41.55076923,18.92026539,12750,12884,48300,9584,7000,1000,51000,4.643608913,2441193,460405830,2965128,212814,32061.5294,53314,162000,60114,140.3519374,1000,168000,5,13968.64635,179590.4047,14968.20139,-0.73,137683,2600,672,6200,982,5500,50,12000,5,32886,43374,291606,21139,49532,674.4106147,318522,10,180000,3868.2,4302.2,850.34
2011 abr,2011-04-01,3200,792,7300,1017,17500,21.24209111,25000,7,145422,63618,8,3145787,4548000,83,94,251.63,62596,260970,520,286674.1775,34,4779.3775,1.017848123,420,66.2,4800,48.40775445,0,41.55076923,19.65342159,12750,12884,48300,9584,7000,1000,51000,4.643193324,2222024,414583707,2662214,209061,31994.41318,53314,162000,60114,140.7264727,1000,168000,5,14687.48328,181548.9685,15827.19677,-0.55,424082,2600,672,6200,982,5500,50,12000,5,32886,43374,291606,21139,49532,666.5138024,318522,10,180000,3479.159,3828.4,850.34
2011 mai,2011-05-01,3400,1002,7500,1512,18000,10,26000,8,145422,63618,8,3145787,4548000,83,94,251.63,62596,260970,520,306151.7171,34,4779.3775,0.911709946,420,66.2,4800,47.48213958,0,41.55076923,19.95060125,13000,8689,50500,6189,8000,1000,55000,4,2488387,455319408,3020582,214305,31900,58714,168000,63014,200,500,172000,5,15458.74413,183368.7725,16499.44583,-0.44,271244,3000,501,6900,1611,6500,10,14500,5,34432,18534,293511,22852,45722,508,343043,10,180000,3800.655,3875,850.34
2011 jun,2011-06-01,3400,1002,7500,1512,18000,10,26000,8,145422,63618,8,3145787,4548000,83,94,251.63,62596,260970,520,293649.6879,34,4779.3775,1.049501286,420,66.2,4800,47.60218834,0,41.55076923,20.17665939,13000,8689,50500,6189,8000,1000,55000,4,2355829,440266740,2932361,210536,33000,53714,181000,51014,200,500,178000,5,16163.87999,184924.3538,17016.61223,-0.48,414789,3200,501,6900,1111,7500,10,15000,5,33663,18534,290970,17645,45722,508,335295,10,180000,3863.476,4177,850.34
2011 jul,2011-07-01,3400,1002,7500,1512,18000,10,26000,8,145422,63618,8,3145787,4548000,83,94,251.63,62596,260970,520,302110.2487,34,4779.3775,2.502679114,420,66.2,4800,47.56848893,0,41.25243888,19.40033539,13000,8689,50500,6189,8000,1000,55000,4,2390570,447651837,2961132,216293,33000,53714,182500,51014,200,2000,178000,5,16641.8459,186458.895,17368.18282,-0.62,171578,3300,501,7400,1111,7500,10,15500,5,34353,22344,294654,22090,48262,508,342154,10,180000,3533.847,3755.9,850.34
2011 ago,2011-08-01,3400,1302,7600,1212,18500,10,26000,8,145422,63618,8,3145787,4548000,83,94,251.63,62596,260970,520,299672.5417,34,4779.3775,3.156429804,420,66.2,4800,47.93509165,0,41.26554828,19.1821373,13500,8689,50500,8189,8000,1000,57000,4,2503310,464121356,3127175,220313,33000,53714,182500,51014,200,2000,178000,5,16805.78412,188004.7885,17616.86111,-0.83,169028,3500,501,7400,1111,8500,10,16500,5,34151,23868,289827,18130,44452,508,328033,10,180000,3892.139,4257.8,850.34
2011 set,2011-09-01,3600,1302,7600,1712,19500,10,27500,8,145422,63618,8,3145787,4548000,83,94,251.63,62596,260970,520,279501.7173,34,4779.3775,2.725202495,420,66.2,4791.967519,48.14396567,0,41.55076923,19.71496122,14500,9989,52000,10989,8500,500,61000,4,2390353,438424360,2977441,214209,33000,53514,182500,50814,200,2000,178000,5,16845.39137,189561.1455,17807.80684,-1.01,212855,3500,1001,7400,1611,10000,10,18000,5,34151,23360,282206,17063,41912,381,317440,9,180000,3710.827,4146.4,850.34
2011 out,2011-10-01,3600,1302,7600,1712,19500,10,27500,8,145422,63618,8,3145787,4548000,83,94,251.63,62596,260970,520,295082.362,34,4700.746756,3.085622125,420,66.2,4674.011471,48.54174781,0,41.55076923,18.9962194,14500,9989,52000,10989,8500,500,61000,4,2382895,430585719,2925096,221378,33000,53447,186500,50747,200,2000,182000,6,16621.31158,190529.519,18033.06966,-1.09,155624,3500,1051,7750,2311,12000,10,21000,6,33968,28659,282207,22001,40642,381,315810,9,180000,3675.846,4221.3,850.34
2011 nov,2011-11-01,3800,1302,7800,2512,20000,10,29000,8,145422,63618,8,3145787,4548000,83,94,251.63,62596,260970,520,301724.0754,34,4779.3775,2.658134863,420,66.2,4800,48.66246612,0,41.55076923,19.15935214,14500,9489,52000,10489,8500,500,61000,4,2463734,430842176,2942641,217779,33200,53415,189000,51715,200,3000,184500,6,16257.14307,191458.7786,18364.78659,-1.04,256342,3500,1051,7750,2311,12000,10,21000,6,33968,28659,279667,21418,40642,381,312687,9,180000,3468.877,4215.8,850.34
2011 dez,2011-12-01,3800,1289,7800,2499,20000,10,29000,8,145422,63618,8,3145787,4548000,83,94,251.63,62596,260970,520,314002.3821,34,4779.3775,2.075671433,420,66.2,4800,48.59045406,0,41.55076923,18.80130669,14500,9489,52000,10489,8500,500,61000,4,2522968,458881053,3143119,222744,33400,53415,191000,56965,200,3000,191750,6,15945.11288,192781,18855.23991,-1.42,605317,3500,1051,7750,2311,12000,10,21000,6,33968,28659,279540,21545,40642,381,312687,9,180000,3368.913,4171.3,850.34
2012 jan,2012-01-01,3800,1289,7800,2499,20000,12.96749197,29000,7.167029923,145422,63618,8,3145787,4548000,83,94,251.63,62596,260970,520,249000.1891,34,4779.3775,1.735173378,420,66.2,4800,47.16075194,4.629775528,41.55076923,18.71156826,14500,9489,52000,10489,8500,500,61000,4.745875604,2336145,455217953,2914219,229097,33493.51798,53415,191000,56965,120.9932915,3000,191750,6,22234.81368,192781,20504.18286,-0.72,320137,3500,1051,7750,2311,12000,50,21000,6,33968,28659,279540,21545,40642,746.5494229,312687,9,180000,3622.264,4077.6,850.34
2012 fev,2012-02-01,3800,1289,7800,2499,20000,12.206026,29000,7.203573262,145422,63618,8,3145787,4548000,83,94,251.63,62596,260970,520,247400,34,4099.037311,2.135838269,420,66.2,4142.60316,46.48717518,13.64120562,41.17433838,17.76419562,14500,9489,52000,10489,8500,500,61000,4.76370243,2305274,424938949,2779749,215547,33473.63959,53415,191000,56965,118.3043438,3000,191750,6,22228.07755,192335.0786,20853.32517,-0.59,152357,3500,1051,7750,2311,12000,50,21000,6,33968,28659,279540,21545,40642,743.75312,312687,9,180000,3469.184,3872.7,850.34
2012 mar,2012-03-01,3800,1289,7800,2499,20000,11.13571091,29000,7.182629507,145422,63618,8,3145787,4548000,83,94,251.63,62596,260970,520,293493.6183,34,4426.922013,1.233291411,420,66.2,4437.230148,45.04890488,0,40.54451077,18.83431272,14500,9489,52000,10489,8500,500,61000,4.781601845,2578583,468714740,3070617,228521,33542.76824,53415,191000,56965,109.8220162,3000,191750,6,22318.43447,194106.006,21597.62352,-0.47,97374,3500,1051,7750,2311,12000,50,21000,6,33968,28659,279540,21545,40642,743.2084844,312687,9,180000,3596.086,4131.8,850.34
2012 abr,2012-04-01,3800,1289,7800,2499,20000,10.32884817,29000,7.320715116,145422,63618,8,3145787,4548000,83,94,251.63,62596,260970,520,281344.1204,34,4687.609881,1.334667925,420,66.2,4662.121485,45.97932444,0,41.20617059,19.57764347,14500,9489,52000,10489,8500,500,61000,4.786192183,2357539,400965932,2783127,223914,33651.70459,53415,191000,56965,141.5196559,3000,191750,6,21782.63772,195190.0991,21166.40315,-0.26,229202,3500,1051,7750,2311,12000,45.08969259,21000,6,33968,28659,279540,21545,40642,749.9084322,312687,9,180000,3523.413,3815,850.34
2012 mai,2012-05-01,3400,1179,8600,1589,16000,10,25000,7,145422,63618,8,3145787,4548000,83,94,251.63,62596,260970,520,330329.2931,34,4779.3775,0.809822903,420,66.2,4800,47.18046235,0,41.55076923,20.08558944,15800,13076,56000,12876,12000,800,67000,4,2695535,452736122,3111206,227051,34000,57965,2e+05,57765,200,7000,193000,6,21140.4706,196570.3698,21007.30913,-0.01,431965,4500,1209,9300,1959,14000,50,24000,5,36058,21618,301639,47781,48262,381,375683,10,180000,3859.967,4143.3,850.34
2012 jun,2012-06-01,3400,1140,8600,1550,16000,10,25000,7,145422,63618,8,3145787,4548000,83,94,251.63,62596,260970,520,301534.2512,34,4779.3775,1.172456519,420,66.2,4800,47.18788555,0,41.55076923,19.97481907,15800,14076,56000,13876,12000,800,67000,4,2605173,420390108,2947883,222387,34300,58995,201000,59795,200,7000,195000,6,20578.53102,198272.8971,21124.6476,0.25,443985,4500,1209,9300,1959,14000,50,24000,5,36058,21618,301639,47781,48262,381,375683,10,180000,3670.875,3984.9,850.34
2012 jul,2012-07-01,3400,1140,8600,1550,16000,10,25000,7,145422,63618,8,3145787,4548000,83,94,251.63,62596,260970,520,294786.6952,34,4779.3775,2.311601759,420,66.2,4800,46.62693111,0,41.27582249,19.88569883,15800,13076,56000,12876,12000,800,67000,4,2661436,446490466,3186782,231664,34300,59095,201000,57895,200,5000,195000,6,20370.82029,200098.7509,21499.43938,0.37,218065,4500,1209,9300,1959,14000,50,24000,5,35957,22939,282461,30051,40642,762,329453,9,180000,3676.745,3906.5,850.34
2012 ago,2012-08-01,3800,1440,8800,2150,18500,10,28000,7,145422,63618,8,3145787,4548000,83,94,251.63,62596,260970,520,314468.6901,34,4650.536216,2.764770759,420,66.2,4635.870128,46.36230198,0,40.72496131,19.29341651,16000,15876,56000,16676,14000,800,70000,4,2832005,472840770,3263973,230366,34300,59095,201000,59895,200,2000,2e+05,6,20656.4898,201933.2511,22053.16833,0.37,1122773,4500,1209,8500,1259,12500,50,21000,5,35354,25936,252106,16502,33022,1905,273789,8,180000,3909.105,4344.8,850.34
2012 set,2012-09-01,3800,1440,8800,2150,18500,10,28000,7,145422,63618,8,3145787,4548000,83,94,251.63,62596,260970,520,307285.0079,34,4718.510265,2.43510527,420,66.2,4686.657551,45.89912333,0,40.88303536,18.5412494,16000,15307,56000,15107,15000,800,70000,4,2559484,412546315,2836763,220803,34300,59395,201000,60195,200,2000,2e+05,6,20986.85808,203642.6068,22688.26193,0.27,1249512,4500,1209,8500,1259,12500,50,21000,5,35354,30000,254012,18630,31751,1905,272488,8,180000,3433.015,3903.4,850.34
2012 out,2012-10-01,3800,1440,8800,2150,18500,10,28000,7,145422,63618,8,3145787,4548000,83,94,251.63,62596,260970,520,325890.9299,34,4719.34517,2.311223124,420,66.2,4688.968823,45.95132843,0,41.1782657,19.26558413,16000,10807,56000,9607,16000,800,70000,4,2833344,455601839,3201753,225089,34300,59595,201000,60395,200,2000,2e+05,6,21749.92773,204477.3803,23269.64223,0.05,1928527,4500,1209,8500,1259,12500,50,21000,5,35500,25107,254012,15727,29211,1905,271938,8,180000,3970.384,4525.8,850.34
2012 nov,2012-11-01,3800,1440,8800,2150,18500,10,28000,7,145422,63618,8,3145787,4548000,83,94,251.63,62596,260970,520,302924.7781,34,4602.710789,2.883005285,420,66.2,4549.748069,46.95873085,0,41.55076923,19.35426318,16000,10576,55000,10376,16000,800,70000,4,2731047,428794865,3003859,218468,34300,59335,201000,60135,200,2000,2e+05,6,22737.86681,204800.9654,23690.70652,-0.21,448753,4400,1209,8500,1259,12500,50,21000,5,35500,25107,254444,16424,29211,2540,272432,8,180000,3571.828,4265.3,850.34
2012 dez,2012-12-01,3700,940,8300,1650,18500,10,27500,7,145422,63618,8,3145787,4548000,83,94,251.63,62596,260970,520,265206.3855,34,4746.56333,2.752541438,420,66.2,4694.676555,47.92556784,0,41.55076923,19.41934259,15500,10576,55000,10376,16000,800,70000,5,2623175,404340551,2905866,222568,34950,59335,209000,60135,200,2000,208000,6,23697.06246,205614,23857.58305,-0.86,413673,4400,1052,8000,1102,12500,50,20500,5,35500,25107,254444,16424,29211,2540,272432,8,180000,3342.132,3954.4,850.34
2013 jan,2013-01-01,3700,940,8300,1650,18500,12.19902056,27500,7.267061154,145422,63618,8,3145787,4548000,83,94,251.63,62596,260970,520,299299.8691,34,4779.3775,2.052171348,420,66.2,4800,47.29675121,60.64696698,41.55076923,17.86307877,15500,10576,55000,10376,16000,800,70000,4.909923321,2894006,457049017,3117788,229401,35028.92204,59335,209000,60135,106.0329605,2000,208000,6,21369.08111,205614,23808.81775,-0.43,283853,4400,1052,8000,1102,12500,50,20500,5,35500,25107,254444,16424,29211,825.9581325,272432,8,180000,3848.992,4302,850.34
2013 fev,2013-02-01,3700,940,8300,1650,18500,13.00458941,27500,7.245668343,145422,63618,8,3145787,4548000,83,94,251.63,62596,260970,520,247400,34,4751.170341,0.406797107,420,66.2,4800,45.94815195,162.3304165,41.55076923,17.85045537,15500,10576,55000,10376,16000,800,70000,4.899501666,2575523,401792482,2794669,212779,35077.47362,59335,209000,60135,108.0569189,2000,208000,6,21441.39668,205614,23939.61426,-0.34,366123,4400,1052,8000,1102,12500,50,20500,5,35500,25107,254444,16424,29211,827.2940158,272432,8,180000,3388.329,3631.3,850.34
2013 mar,2013-03-01,3700,940,8300,1650,18500,10.62939567,27500,7.315744825,145422,63618,8,3145787,4548000,83,94,251.63,62596,260970,520,305529.3941,34,4461.455042,1.016524345,420,66.2,4525.56606,44.44645438,40.52969273,41.01711629,18.79959768,15500,10576,55000,10376,16000,800,70000,4.897655038,2658279,426659064,2900040,228319,35008.61015,59335,209000,60135,101.1539641,2000,208000,6,24508.32478,207397.6457,25622.18939,-0.3,254108,4400,1052,8000,1102,12500,50,20500,5,35500,25107,254444,16424,29211,824.807846,272432,8,180000,3520.067,3954.7,850.34
2013 abr,2013-04-01,3700,940,8300,1650,18500,10.60685446,27500,7.412402454,145422,63618,8,3145787,4548000,83,94,251.63,62596,260970,520,297524.3237,34,4661.583125,1.013834646,420,66.2,4640.987718,44.84420342,0,41.33520146,19.54047031,15500,10576,55000,10376,16000,800,70000,4.900235586,2923508,472529149,3127981,225709,35043.45821,59335,209000,60135,122.42965,2000,208000,6,24094.08199,208637.8483,25602.51802,-0.36,624590,4400,1052,8000,1102,12500,46.85321157,20500,5,35500,25107,254444,16424,29211,826.7023406,272432,8,180000,3754.824,4051.4,850.34
2013 mai,2013-05-01,3500,901,8300,1111,18500,10,27000,8,145422,63618,8,3145787,4548000,83,94,251.63,62596,260970,520,336697.6423,34,4779.3775,0.625112415,420,66.2,4800,45.33247985,0,41.55076923,19.9768739,15500,11510,54000,12310,18000,800,72000,5,2874033,464346794,3075159,229956,36000,63285,224000,58235,50,7000,212000,6,23657.85954,210046.1311,25719.12959,-0.41,421047,4700,823,8600,1773,16500,50,26000,6,36220,19288,295162,50912,33022,635,359173,10,180000,3834.325,4111.6,850.34
2013 jun,2013-06-01,3500,901,8300,1111,18500,10,27000,8,145422,63618,8,3145787,4548000,83,94,251.63,62596,260970,520,313187.1058,34,4779.3775,0.911690213,420,66.2,4800,45.36291558,0,41.55076923,20.01251318,15500,12510,54000,13310,18000,800,72000,5,2739208,433641559,2897304,225143,36000,60885,224000,55835,50,7000,212000,6,23261.24358,211577.4564,25974.65094,-0.4,420705,4700,823,8600,1773,16500,50,26000,6,36220,19542,293383,49515,33022,635,355743,10,180000,3527.578,3817.5,850.34
2013 jul,2013-07-01,3500,901,8300,1111,18500,10,27000,8,145422,63618,8,3145787,4548000,83,94,251.63,62596,260970,520,311686.9206,34,4756.791322,2.154082993,420,66.2,4742.050953,44.96812359,0,40.75550265,19.65989333,15500,12010,54000,12810,18000,800,72000,5,3043310,479926562,3230698,231799,35600,60885,224000,54835,50,7000,211000,6,23044.17196,213185.9156,26348.7675,-0.32,944958,4700,823,8600,1773,16500,50,26000,6,36072,18526,292114,49769,31751,762,354346,10,180000,3850.869,4117.8,850.34
2013 ago,2013-08-01,3500,701,8300,911,18500,10,27000,8,145422,63618,8,3145787,4548000,83,94,251.63,62596,260970,520,324127.6771,34,4580.718959,2.675820751,420,66.2,4563.200554,44.91177486,0,40.3923174,19.18533074,15500,12510,54000,13310,18000,800,72000,5,3018043,467403359,3162417,233710,35600,60885,224000,54835,50,7000,211000,6,23042.91731,214796.4906,26804.84588,-0.26,251286,4800,823,9100,2773,18000,50,29000,6,36072,18272,290844,46671,31116,762,349597,10,180000,3841.598,4161.3,850.34
2013 set,2013-09-01,3370,701,7800,911,18000,10,26000,8,145422,63618,8,3145787,4548000,83,94,251.63,62596,260970,520,312480.9926,34,4588.625983,2.313040215,420,66.2,4576.326148,44.6768516,0,40.64809024,18.86887103,15500,13510,54000,14310,18000,800,72000,5,2797972,433709499,2966705,227231,35600,60885,224000,54835,50,7000,211000,6,23198.90197,216325.0634,27291.95413,-0.18,969864,4800,823,9100,2773,18000,50,29000,6,36072,16798,290844,47110,31116,635,351637,10,180000,3603.221,3896.4,850.34
2013 out,2013-10-01,3370,701,7800,911,18000,9.492095572,26000,7.450185937,145422,63618,8,3145787,4548000,83,94,251.63,62596,260970,520,329802.0586,34,4559.526544,2.356292185,420,66.2,4536.912434,44.85697222,0,40.94211572,19.11890207,15500,13510,54000,14310,18000,800,72000,4.991657026,3018455,485756617,3180153,235697,35376.5339,60885,224000,54835,84.51495336,7000,211000,6,23551.69903,217076.6782,27750.05298,-0.17,696274,4800,823,9100,2773,18000,49.78704147,29000,6,36072,16798,290844,47110,31116,852.6097025,351637,10,180000,4051.769,4460.1,850.34
2013 nov,2013-11-01,3450,901,8000,911,18000,10,26000,8,145422,63618,8,3145787,4548000,83,94,251.63,62596,260970,520,316564.145,34,4569.221229,2.597933528,420,66.2,4530.009125,45.5774372,0,41.48636091,19.22814853,15000,16010,55000,11810,20000,800,70000,5,2905532,435544104,2881783,228892,35600,65556,216000,67456,100,7000,211000,6,23990.17245,217473.3967,28134.53539,-0.27,489561,4800,1223,9600,2673,18000,50,29000,6,35302,20921,293383,47941,35562,635,355330,10,180000,3492.972,4079.8,850.34
2013 dez,2013-12-01,3450,901,8000,911,18000,10,26000,8,145422,63618,8,3145787,4548000,83,94,251.63,62596,260970,520,296101.6588,34,4683.742993,2.307541872,420,66.2,4647.073368,46.19537829,0,41.55076923,19.14479098,15000,16010,55000,11810,20000,800,70000,5,2964201,435396227,2951401,231684,35600,65556,216000,67456,100,7000,211000,6,24391.62067,218489,28400.26,-0.43,407610,4800,1197,10100,3147,18000,50,30000,6,35302,20921,294653,45528,36832,762,355330,10,180000,3568.112,4095,850.34
2014 jan,2014-01-01,3450,901,8000,911,18000,10.27972433,26000,7.445319857,145422,63618,8,3145787,4548000,83,94,251.63,62596,260970,520,297303.1263,34,4764.16606,1.716434849,420,66.2,4800,45.28531448,59.62509685,41.55076923,18.07867509,15000,16010,55000,11810,20000,800,70000,4.98600643,3039396,474581278,3018032,234110,36174.13898,65556,216000,67456,92.09284294,7000,211000,6,24851.31195,218489,28921.95969,-0.46,426300,4800,1197,10100,3147,18000,50,30000,6,35302,20921,294653,45528,36832,903.923955,355330,10,180000,3693.122,4206.7,850.34
2014 fev,2014-02-01,3450,901,8000,911,18000,10.66778526,26000,7.444404183,145422,63618,8,3145787,4548000,83,94,251.63,62596,260970,520,250012.1362,34,4380.635458,0.761118769,420,66.2,4524.951086,44.14336941,129.0891068,41.55076923,17.75969725,15000,16010,55000,11810,20000,800,70000,4.97589021,2674139,433420956,2826980,218280,36172.60136,65556,216000,67456,92.50581445,7000,211000,6,24876.44188,217632.291,29146.60736,-0.27,250384,4800,1197,10100,3147,18000,50,30000,6,35302,20921,294653,45528,36832,903.8160762,355330,10,180000,3486.211,3614.9,850.34
2014 mar,2014-03-01,3450,901,8000,911,18000,10.56746406,26000,7.447594159,145422,63618,8,3145787,4548000,83,94,251.63,62596,260970,520,317715.7988,34,4500.208909,0.790742526,420,66.2,4618.723842,43.850668,101.6048362,41.50456729,18.7645371,15000,16010,55000,11810,20000,800,70000,4.965342579,2659337,444157643,2959386,235204,36129.60943,65556,216000,67456,92.42657281,7000,211000,6,25381.71859,217632.291,29203.71988,0.04,420362,4800,1197,10100,3147,18000,50,30000,6,35302,20921,294653,45528,36832,906.2670115,355330,10,180000,3607.313,3776.7,850.34
2014 abr,2014-04-01,3450,901,8000,911,18000,10.85662176,26000,7.50483999,145422,63618,8,3145787,4548000,83,94,251.63,62596,260970,520,313690.8202,34,4634.041254,0.690340111,420,66.2,4617.948135,43.69070358,0,41.44898578,19.50201303,15000,16010,55000,11810,20000,800,70000,4.956439872,2804301,440255099,3005361,230837,36084.21561,65556,216000,67456,103.2581558,7000,211000,6,25384.77712,217632.291,29136.71935,0.21,360073,4800,1197,10100,3147,18000,48.63920115,30000,6,35302,20921,294653,45528,36832,903.2814295,355330,10,180000,3737.989,3939.4,850.34
2014 mai,2014-05-01,3650,3025,9000,4035,16000,10,26000,7,145422,63618,8,3145787,4548000,83,94,251.63,62596,260970,520,343025.349,34,4685.077095,0.441219052,420,66.2,4688.979839,43.46971049,0,41.4402554,19.86814136,14800,14950,56500,13250,20000,800,74000,5,2998791,461918597,3182055,236675,36500,77700,222000,78600,100,3000,220000,6,25418.99661,217632.291,29068.4964,0.16,468790,4800,3241,10400,2891,16000,50,26000,5,34115,29118,296812,43851,43182,762,353965,10,180000,3729.049,3916.5,850.34
2014 jun,2014-06-01,3650,3525,9000,4535,16000,10,26000,7,145422,63618,8,3145787,4548000,83,94,251.63,62596,260970,520,324947.4083,34,4719.968488,0.652846333,420,66.2,4683.988102,43.5376457,0,41.27197828,20.04870643,14800,15450,56500,13750,20000,800,74000,5,2735812,427721548,2988563,230856,36500,77200,222000,78100,100,3000,220000,6,25444.09249,217632.291,28880.05878,0.05,729236,4800,2241,10900,2391,16000,50,27000,6,34115,29118,296812,43851,43182,762,353965,10,180000,3745.444,3787.9,850.34
2014 jul,2014-07-01,3650,3525,9000,4535,16000,10,26000,7,145422,63618,8,3145787,4548000,83,94,251.63,62596,260970,520,328518.2919,34,4584.143366,1.999965575,420,66.2,4560.345684,43.31870301,0,40.24299763,19.43431885,14800,17450,56500,15750,20000,800,74000,5,2978609,488692148,3360410,238941,36800,77460,222000,80360,100,3000,222000,6,25454.78828,217632.291,28687.74401,0.07,774834,4800,2241,10900,2391,16000,50,27000,6,33929,31658,295542,45756,43182,762,352060,10,180000,3887.178,3869.5,850.34
2014 ago,2014-08-01,3650,3525,9000,4535,16000,10,26000,7,145422,63618,8,3145787,4548000,83,94,251.63,62596,260970,520,333582.8856,34,4511.661809,2.588595771,420,66.2,4491.837788,43.47289555,0,40.0679118,19.08451734,14800,17450,56500,15750,20000,800,74000,5,2700879,451113665,3070314,242079,36800,77460,222000,80360,100,3000,222000,6,25411.77577,217632.291,28464.48426,0.23,1571473,4700,2241,10900,2391,16000,50,27000,6,33929,30007,297447,45932,43817,762,356427,11,180000,3737.929,3756.7,850.34
2014 set,2014-09-01,3250,2825,9200,2635,14000,10,23000,7,145422,63618,8,3145787,4548000,83,94,251.63,62596,260970,520,317604.726,34,4458.347133,2.191967629,420,66.2,4465.933848,43.46211673,0,40.41749525,19.19652385,15000,17750,56500,17050,20000,800,75000,5,2791392,466187312,3219858,239075,36800,77460,220000,77360,100,3000,217000,6,25383.80674,217632.291,28225.92798,0.49,2728988,4600,2241,9900,2391,16000,50,26000,6,33929,30006,301131,50844,44452,762,365659,11,180000,3856.255,3919.3,850.34
2014 out,2014-10-01,3250,2825,9200,2635,14000,10,23000,7,145422,63618,8,3145787,4548000,83,94,251.63,62596,260970,520,333917.7471,34,4401.29905,2.39667678,420,66.2,4386.427217,43.75747014,0,40.70559677,18.96537682,15000,17750,56500,17050,20000,800,75000,5,2939046,490951946,3335557,242571,36800,77435,220000,77335,100,3000,217000,6,25323.08732,215401.7491,28006.07392,0.64,1094215,4600,2241,9400,1891,16000,50,25000,5,33628,31388,302401,52850,44452,635,367680,11,180000,4146.809,4272.1,850.34
2014 nov,2014-11-01,3250,2120,9200,2930,13000,10,23000,7,145422,63618,8,3145787,4548000,83,94,251.63,62596,260970,520,330554.1645,34,4536.956527,2.305096438,420,66.2,4511.409144,44.18223152,0,41.28370808,19.09939844,15000,17750,56500,17550,19500,800,75000,5,2656957,449658107,2972984,236903,36800,77315,216000,77715,100,2500,214000,6,25223.6135,218221.6959,27783.17889,0.66,804319,4600,2241,10400,2391,16500,50,27000,6,33628,31388,302528,51008,44452,635,365965,11,180000,3467.272,3722.8,850.34
2014 dez,2014-12-01,3250,2120,9200,2930,13000,8.593945314,23000,7.608612446,145422,63618,8,3145787,4548000,83,94,251.63,62596,260970,520,326761.7351,34,4619.028549,1.863960597,420,66.2,4597.009342,44.45367318,0,41.55076923,18.87498487,15000,17750,56500,17550,19500,800,75000,4.981312986,2929059,467732834,3190594,239343,37205.51384,77315,216000,77715,78.13924834,2500,214000,6,25117.18036,221082.9263,27597.96832,-0.42,497944,4600,2241,10400,2391,16500,49.053401,27000,6,33628,31388,302528,51008,44452,1014.826586,365965,11,180000,3880.476,4096.6,850.34
2015 jan,2015-01-01,3250,2120,9200,2930,13000,8.359319591,23000,7.624006243,145422,63618,8,3145787,4548000,83,94,251.63,62596,260970,520,294920.6147,34,4300,1.392907494,420,66.2,4300,41.3682692307692,57.93427892,41.3682692307692,18.29786043,15000,17750,56500,17550,19500,800,75000,4.979668762,2736723,462643953,3046946,238629,37195.91545,77315,216000,77715,78.17386213,2500,214000,6,28363.56894,221082.9263,28108.36972,0.47,590951,4600,2241,10400,2391,16500,49.24301873,27000,6,33628,31388,302528,51008,44452,981.8195582,365965,11,180000,3873.591,4047.5,850.34
2015 fev,2015-02-01,3250,2120,9200,2930,13000,8.361581038,23000,7.642406534,145422,63618,8,3145787,4548000,83,94,251.63,62596,260970,520,255190.7447,34,3717.51,1.11983835,412,66.2,3800,40.8067307692308,82.49,40.8067307692308,17.66723527,15000,17750,56500,17550,19500,800,75000,4.978001974,2408611,422615461,2757127,224224,37150.00257,77315,216000,77715,77.01586902,2500,214000,6,28275.46003,221082.9263,27828.361,0.53,242587,4600,2241,10400,2391,16500,49.40795565,27000,6,33628,31388,302528,51008,44452,980.3340653,365965,11,180000,3486.92,3696.2,850.34
2015 mar,2015-03-01,3250,2120,9200,2930,13000,10.53206796,23000,7.578223074,145422,63618,8,3145787,4548000,83,94,251.63,62596,260970,520,330050.6922,34,4217.51,0.555939556,410,66.2,4300,40.2451923076923,82.49,40.2451923076923,18.72910741,15000,17750,56500,17550,19500,800,75000,4.966059402,2594316,497447561,3373790,243556,37137.86866,77315,216000,77715,83.63484366,2500,214000,6,26213.95135,228184.829,26604.55518,0.7,373574,4600,2241,10400,2391,16500,46.89388567,27000,6,33628,31388,302528,51008,44452,987.6822996,365965,11,180000,3947.085,4026.6,850.34
2015 abr,2015-04-01,3250,2120,9200,2930,13000,11.06941357,23000,7.598106033,145422,63618,8,3145787,4548000,83,94,251.63,62596,260970,520,329837.8501,34,4200,0.364393267,409,66.2,4200,40.8067307692308,0,40.8067307692308,19.46226362,15000,17750,56500,17550,19500,800,75000,4.955795195,2527693,452256770,3165490,238573,37018.25028,77315,216000,77715,84.00937896,2500,214000,6,26672.44899,228184.829,26885.49299,0.93,629847,4600,2241,10400,2391,16500,50,27000,6,33628,31388,302528,51008,44452,979.7727222,365965,11,180000,3901.589,3978.1,850.34
2015 mai,2015-05-01,3100,1513,10000,1018,15500,5,25000,8,145422,63618,8,3145787,4548000,83,94,251.63,62596,260970,520,349315.3898,34,4055.6425,0.25825509,409,66.2,4200,39.8240384615385,144.357499999999,39.8240384615385,19.75944327,14800,17272,59000,12072,22000,800,75000,5,2581901,469632925,3210663,241805,37700,79960,220000,90910,50,3000,228000,6,27191.7686,228184.829,26998.33149,1.18,502907,4300,2353,10400,2003,16000,50,26000,6,33063,47015,301258,44348,48262,635,346218,10,180000,3731.8,3771.4,850.34
2015 jun,2015-06-01,3100,1513,10000,1018,15500,5,25000,8,145422,63618,8,3145787,4548000,83,94,251.63,62596,260970,521.2723282,336813.3606,34,4300,0.396046431,407,66.2,4300,40.1048076923077,0,40.1048076923077,20.08337579,14800,20272,59000,15072,22000,800,75000,5,2523444,481218178,3308693,241085,37700,79960,220000,90910,50,3000,228000,6,27636.56517,228184.829,26937.44032,1.52,432355,4300,2353,10400,2003,16000,50,26000,6,33063,47650,301258,44983,48262,635,346218,10,180000,3943.972,3981.4,850.34
2015 jul,2015-07-01,3100,1513,10000,1018,15500,5,25000,8,145422,63618,8,3145787,4548000,83,94,251.63,62596,260970,520,345273.9214,34,4100,1.849224259,407,66.2,4100,40.3153846153846,0,40.3153846153846,19.20917741,15000,18772,59000,14572,23000,800,77000,5,2587492,517787539,3556373,250072,37850,79960,220000,91910,50,3000,229000,6,27862.58984,243291.4901,26729.60035,1.86,723638,4300,2353,10400,2003,16000,50,26000,6,32821,45179,301258,40607,47627,635,343678,10,180000,3973.412,4002.5,850.34
2015 ago,2015-08-01,3100,1513,10000,1018,15500,5,25000,8,145422,63618,8,3145787,4548000,83,94,251.63,62596,260970,520,342836.2143,34,4200,2.502974949,409,66.2,4200,40.6663461538462,0,40.6663461538462,18.99097932,15300,19772,59000,16572,24000,800,79000,5,2474886,492399204,3324845,254129,37850,81260,219000,90210,50,3000,225000,6,27766.18951,243291.4901,26400.22107,2.16,962047,4100,2253,9500,2303,17500,50,27000,7,32821,45022,302909,43525,46992,762,347642,11,180000,3921.481,3863.8,850.34
2015 set,2015-09-01,3100,1513,10000,1018,15500,5,25000,8,145422,63618,8,3145787,4548000,83,94,251.63,62596,260970,520,322665.39,34,4500,2.07174764,412,66.2,4500,40.8067307692308,0,40.8067307692308,19.52380325,15300,18572,59000,15172,24000,600,79000,5,2523077,492902939,3303303,247222,37850,81460,219000,90410,50,3000,225000,6,27545.4582,243291.4901,26013.10923,2.42,441046,4100,2053,8900,1703,18500,50,27000,7,32821,44006,302401,40448,46992,762,345073,11,180000,3995.883,4100.1,850.34
2015 out,2015-10-01,3000,1513,10000,1018,14500,5,24000,8,145422,63618,8,3145787,4548000,83,94,251.63,62596,260970,531.6084351,338246.0347,34,4500,2.432167269,412,66.2,4500,41.3682692307692,0,41.3682692307692,18.80506142,15500,18572,59000,15172,25000,600,80000,5,2611449,513880400,3415407,250883,37850,81660,219000,90610,50,3000,225000,6,27069.50177,253573.7628,25678.98402,2.57,595371,4000,1753,8400,1403,17000,50,25000,6,32644,43977,302401,39657,46992,762,344311,11,180000,4052.446,4270,850.34
2015 nov,2015-11-01,3200,1513,10000,1118,16000,5,25600,8,145422,63618,8,3145787,4548000,83,94,251.63,62596,260970,544.7131941,344887.748,34,4600,2.004680008,415,66.2,4600,41.3682692307692,0,41.3682692307692,18.96819416,15800,11572,59000,9672,25000,600,81500,5,2467301,486222740,3279080,245555,37850,100488,214000,114438,50,3000,225000,6,26445.06075,256596.0778,25432.66664,2.64,1175217,4000,1753,8400,1403,15000,50,23000,6,32644,43977,301131,44701,45722,762,346815,11,180000,3656.295,3997.9,850.34
2015 dez,2015-12-01,3200,1513,10000,1118,16000,5,25600,8,145422,63618,8,3145787,4548000,83,94,251.63,62596,260970,520,357166.0547,34,4400,1.422216577,415,66.2,4400,41.3682692307692,0,41.3682692307692,18.61014871,15800,10572,59000,8672,25000,600,81500,5,2614909,507217420,3522247,251611,37850,100464,214000,114414,50,3000,225000,6,25881.27909,259868.7018,25363.87771,0.55,851717,4000,1753,8400,1403,15000,50,23000,6,32644,43977,301766,45336,44452,762,346815,11,180000,3852.854,4234.9,850.34
2016 jan,2016-01-01,3200,1513,10000,1118,16000,6.437119412,25600,7.80308273,145422,63618,8,3145787,4548000,83,94,251.63,62596,260970,520,292163.8617,34,4779.3775,1.1,411,61.5,4800,41.2278846153846,20.6224999999995,40.1278846153846,18.52041028,15800,10572,59000,8672,25000,600,81500,4.971110705,2452002,481169703,3241918,253056,37332.4846,100464,214000,114414,64.27648612,3000,225000,6,31910.83672,259868.7018,26434.93699,2.14,641399,4000,1753,8400,1403,15000,46.92167519,23000,6,32644,43977,301766,45336,44452,1059.695104,346815,11,180000,3786.866,4017.3,850.34
2016 fev,2016-02-01,3200,1513,10000,1118,16000,6.085814062,25600,7.839626065,145422,63618,8,3145787,4548000,83,94,251.63,62596,260970,520,260490.2586,34,3679.3775,1.4,410,60,3700,41.0875,20.6225000000005,39.6875,18.1624647246776,15800,10572,59000,8672,25000,600,81500,4.979088913,2451636,477426682,3348295,244958,37112.75083,100464,214000,114414,61.58782661,3000,225000,6,31643.95741,259868.7018,26206.19564,1.58,136940,4000,1753,8400,1403,15000,46.77183422,23000,6,32644,43977,301766,45336,44452,1056.886036,346815,11,180000,3765.777,3866,850.34
2016 mar,2016-03-01,3200,1513,10000,1118,16000,5.399197618,25600,7.818682308,145422,63618,8,3145787,4548000,83,94,251.63,62596,260970,520,336657.2909,34,3938.1325,1.7,397,60.1,4000,40.6663461538462,61.8674999999995,38.9663461538462,18.2548950410709,15800,10572,59000,8672,25000,600,81500,4.987775105,2416099,521827907,3604578,259176,36994.91798,100464,214000,114414,53.10576862,3000,225000,6,31490.96021,259868.7018,26409.90865,0.94,133962,4000,1753,8400,1403,15000,50,23000,6,32644,43977,301766,45336,44452,1056.329459,346815,11,180000,4091.672,4220.8,850.34
2016 abr,2016-04-01,3200,1513,10000,1118,16000,5.002495487,25600,7.956767913,145422,63618,8,3145787,4548000,83,94,251.63,62596,260970,520,324507.793,34,4089.68875,2,392,59.5,4100,40.5961538461538,10.3112500000003,38.5961538461538,18.2598160452084,15800,10572,59000,8672,25000,600,81500,4.982516825,2519207,490747604,3417804,252340,36903.99894,100464,214000,114414,84.80374376,3000,225000,6,30695.0263,270591.206,25400.82119,0.39,294240,4000,1753,8400,1403,15000,38.1492687,23000,6,32644,43977,301766,45336,44452,1063.016641,346815,11,180000,3842.138,3945.8,850.34
2016 mai,2016-05-01,4200,1614,10400,2219,23000,5,34000,8,145422,63618,8,3145787,4548000,83,94,251.63,62596,260970,531.5407943,373492.9657,34,4200,3,398,60.5,4200,40.8769230769231,0,37.8769230769231,18.5988062529607,15800,5942,59000,5542,24000,600,82000,5,2570131,490476332,3545009,257356,36000,109524,227000,101504,20,1000,218000,6,29801.36972,273999.9938,24682.56616,-0.07,479305,4200,802,8700,1152,17000,50,26000,6,34763,45788,310403,54678,48262,1016,366539,11,180000,4022.292,3960.4,850.34
2016 jun,2016-06-01,4200,1614,10400,2219,23000,5,34000,8,145422,63618,8,3145787,4548000,83,94,251.63,62596,260970,563.0405126,344697.9239,34,4300,3.5,399,61,4300,40.9471153846154,0,37.4471153846154,18.6237109522017,15800,5942,59000,6542,23000,600,82000,5,2565024,512982229,3628465,251190,36000,109524,227000,101504,20,1000,218000,6,28979.55771,273999.9938,24222.10491,-0.36,467661,4200,802,8700,1152,17000,50,26000,6,34763,43375,310403,50995,49532,1016,366539,11,180000,4079.702,4189.1,850.34
2016 jul,2016-07-01,4200,1614,10400,2219,23000,5,34000,8,145422,63618,8,3145787,4548000,83,94,251.63,62596,260970,683.569916,337950.3678,34,4700,3.5,400,66.2,4700,41.7192307692308,0,38.2192307692308,20.1766593871081,15800,5342,58000,5942,22000,600,80000,5,2472933,485901754,3471254,259346,36000,110624,226000,103604,20,1000,218000,6,28520.62515,273999.9938,24037.73701,-0.54,711060,4200,802,8700,1152,17000,50,26000,6,35026,43200,308625,52852,52072,1016,369333,11,180000,3779.216,3831.1,850.34
2016 ago,2016-08-01,4500,2114,10600,4019,24000,5,36500,8,145422,63618,8,3145787,4548000,83,94,251.63,62596,260970,626.3257298,357632.3627,34,4100,3.5,400,63.2,4100,41.7894230769231,0,38.2894230769231,18.9058135890108,15800,5342,58000,5942,22000,600,80000,5,2515377,513834147,3716041,264536,36000,110674,226000,103654,20,1000,218000,6,28546.69877,273999.9938,24013.66762,-0.63,1281965,4250,802,8700,1152,17000,50,26000,6,35026,43327,313069,61196,55248,1270,384916,11,180000,4241.48,4390.5,850.34
2016 set,2016-09-01,4500,1114,10600,3019,24000,5,36500,8,145422,63618,8,3145787,4548000,83,94,251.63,62596,260970,607.1385396,350448.6806,34,4300,3,400,63,4300,41.8596153846154,0,38.8596153846154,18.8143300890453,16300,5342,58000,5942,24500,600,82500,5,2333286,472533196,3534044,255715,36000,110674,226000,103654,20,3000,216000,6,28875.16127,273999.9938,24070.96289,-0.69,627760,4250,802,8700,1152,17000,50,26000,6,35026,43581,312434,60547,55248,1270,383378,11,180000,4009.993,4283,850.34
2016 out,2016-10-01,4500,1114,10500,2119,25000,5,36500,8,145422,63618,8,3145787,4548000,83,94,251.63,62596,260970,610.3137249,369054.6025,34,4179.3775,2.8,407,64.5,4200,41.7192307692308,20.6225000000005,38.9192307692308,19.2299903523683,16400,5342,58000,5942,25500,600,83500,5,2370695,461416942,3509609,267475,36000,110714,226000,103694,20,3000,216000,6,29636.38662,292256.2272,24093.1835,-0.67,878305,4250,682,8300,732,17700,50,26000,6,35141,44141,312434,58935,56518,1270,382476,11,180000,3991.192,4381.3,850.34
2016 nov,2016-11-01,4500,1053,10500,2058,25000,5,36500,8,145422,63618,8,3145787,4548000,83,94,251.63,62596,260970,613.2509818,346088.4507,34,4200,2.5,407,62.1,4200,41.7894230769231,0,39.2894230769231,18.5767567069236,16400,5342,58000,5942,25500,600,83500,5,2414150,461548188,3514287,263381,36000,110774,226000,103754,20,3000,216000,6,30622.41992,294677.2855,23936.44946,-0.56,931539,4250,682,8300,1432,18000,50,27000,6,35141,44141,314593,61048,56518,1270,386748,11,180000,3908.466,4461.5,850.34
2016 dez,2016-12-01,4500,1053,10500,2058,25000,5,36500,8,145422,63618,8,3145787,4548000,83,94,251.63,62596,260970,571.2287477,308370.0582,34,4289.68875,2,409.5,61,4300,41.7192307692308,10.3112500000003,39.7192307692308,18.2170497687582,16700,5342,58000,6442,28000,600,86500,5,2621508,490451925,3788487,269312,36760,110774,227000,106308,20,3000,219554,6,31604,296666.6421,23544.1663,2.48,279788,4250,585,8300,1335,18000,50,27000,6,35141,44141,314593,61048,56518,1270,386748,11,180000,3845.464,4362,850.34
2017 jan,2017-01-01,4500,1053,10500,2058,25000,6.879637372,36500,7.896632859,145422,63618,8,3145787,4548000,83,94,251.63,62596,260970,550,344200,34,4550,1.8,401,60.4,4550,41.7894230769231,0,39.9894230769231,18.0682142527888,16700,5342,58000,6442,28000,600,86500,5.018881192,2473739,505531920,3529416,270661,36508.35961,110774,227000,106308,50.1018135,3000,219554,6,29250.31004,296666.6421,22917.60267,-0.16,583927,4250,585,8300,1335,18000,41.12884553,27000,6,35141,44141,314593,61048,56518,1138.953749,386748,11,180000,4051.202,4249.5,850.34
2017 fev,2017-02-01,4500,1053,10500,2058,25000,7.685738158,36500,7.873015821,145422,63618,8,3145787,4548000,83,94,251.63,62596,260970,520,398800,33,4489.68875,1.6,400,59,4500,41.7192307692308,10.3112500000003,40.1192307692308,17.619769448471,16700,5342,58000,6442,28000,600,86500,4.998610921,2324082,459310498,3222589,250989,36371.14599,110774,227000,106308,52.89369768,3000,219554,6,29321.04595,301263.7995,22470.60084,0.05,553797,4250,585,8300,1335,18000,41.19127562,27000,6,35141,44141,314593,61048,56518,1140.276955,386748,11,180000,3663.146,3898.9,850.34
2017 mar,2017-03-01,4500,1053,10500,2058,25000,5.31084082,36500,7.941083325,145422,63618,8,3145787,4548000,83,94,251.63,62596,260970,550,389000,31.5,4489.68875,1.4,400,62.3,4500,41.6490384615385,10.3112500000003,40.2490384615385,18.6365852309394,16700,5342,58000,6442,28000,600,86500,4.987868769,2600299,531926736,3727694,268896,36134.49458,110774,227000,106308,46.68686488,3000,219554,6,32386.54725,301263.7995,23631.2936,0.2,569248,4250,585,8300,1335,18000,41.63307989,27000,6,35141,44141,314593,61048,56518,1137.779334,386748,11,180000,4169.944,4493.8,850.34
2017 abr,2017-04-01,4500,1053,10500,2058,25000,5.28862778,36500,8.033959334,145422,63618,8,3145787,4548000,83,94,251.63,62596,260970,630,350000,30.5,4500,1.2,402,63.7,4500,41.7192307692308,0,40.5192307692308,19.0874994805495,16700,5342,58000,6442,28000,600,86500,4.984866479,2125479,447662830,3140624,269936,35983.57744,110774,227000,106308,68.73325728,3000,219554,6,31970.95741,308860.1614,23033.82389,0.3,286402,4250,585,8300,1335,18000,34.46603487,27000,6,35141,44141,314593,61048,56518,1139.661151,386748,11,180000,3702.627,3929.9,850.34
2017 mai,2017-05-01,4900,2858,11300,3063,28500,5,40000,8,145422,63618,8,3145787,4548000,83,94,251.63,62596,260970,700,440000,28,4400,1,402,64.3,4400,41.8315384615385,0,40.8315384615385,19.234870471098,17700,9269,61000,9569,34000,300,95000,5,2740361,510562200,3824748,278764,35000,101308,238000,81288,20,3000,215000,6,31533.43135,312418.7846,22591.27578,0.31,379131,4300,1235,8400,860,20000,25,28000,7,33346,58298,315609,53599,47627,1270,357267,11,180000,4228.17,4236.2,850.34
2017 jun,2017-06-01,4900,2866,11300,3071,28500,5,40000,8,145422,63618,8,3145787,4548000,83,94,251.63,62596,260970,750,348000,27.5,4450,0.8,405,64.7,4450,42,0,41.2,19.3025652341811,17700,9769,61500,9569,34000,300,95000,5,2557566,475739820,3651364,271698,35000,101308,238000,81288,20,3000,215000,6,31135.78928,312418.7846,22268.9988,0.14,445748,4400,1235,8300,960,20500,25,28500,6,33346,58298,315609,53599,47627,1270,357267,11,180000,4125.051,4314.3,850.34
2017 jul,2017-07-01,4900,3566,11800,3271,28500,5,40000,8,145422,63618,8,3145787,4548000,83,94,251.63,62596,260970,725,316800,28.5,4500,0.6,403,63,4500,42,0,41.4,18.72,17700,9769,61500,9569,34000,300,95000,5,2675512,486053245,3667100,281224,35000,101298,238000,81278,20,3000,215000,6,30917.72464,312418.7846,22083.95568,-0.11,617637,4400,1035,7900,1160,20500,25,28500,6,33790,60203,316880,59060,47627,1270,362094,11,180000,3878.759,3952.9,850.34
2017 ago,2017-08-01,4900,3566,11800,3271,28500,5,40000,8,145422,63618,8,3145787,4548000,83,94,251.63,62596,260970,700,338400,29,4485.56425,0.4,403,64.7,4500,41.9017307692308,14.4357499999993,41.5017307692308,19.2251428571429,17700,10269,61500,10069,34000,300,95000,5,2805361,520672687,3870486,285160,35000,101278,238000,81258,20,3000,215000,6,30915.44389,312418.7846,21962.23571,-0.38,1157369,4500,1135,6900,1260,21500,25,28500,6,33790,60203,316245,57738,46992,1270,359502,11,180000,4369.203,4587.6,850.34
2017 set,2017-09-01,5200,3566,12500,4571,28500,5,42000,8,145422,63618,8,3145787,4548000,83,94,251.63,62596,260970,690,315800,28.5,4373.19075,0.2,400,63.7,4400,41.7192307692308,26.8092500000007,41.5192307692308,18.9723905291226,17700,9269,61500,9069,34000,300,95000,5,2505548,475924591,3498020,277524,35000,101278,238000,81258,20,3000,215000,6,31070.55483,312418.7846,21871.61022,-0.65,1273812,4500,1535,5900,1160,22000,25,27500,6,33790,59695,314974,59301,46992,1270,360302,11,180000,3952.588,4362.2,850.34
2017 out,2017-10-01,5200,5566,12500,6071,29000,5,42000,8,145422,63618,8,3145787,4548000,83,94,251.63,62596,260970,720,362400,26.5,4375.253,2.77555756156289e-16,399,63.7,4400,41.5507692307692,24.7469999999996,41.5507692307692,19.0553848990504,17700,9269,61500,9069,34000,300,95000,5,2645615,480418672,3758229,288326,35000,101248,240000,79198,50,3000,215000,6,31422.50635,330416.3383,21770.61189,-0.84,459605,4500,1535,5900,1160,21500,25,27000,6,33637,58295,315864,59441,46992,1270,362732,11,180000,4324.242,4589.7,850.34
2017 nov,2017-11-01,5200,5766,12500,6271,29000,5,42000,8,145422,63618,8,3145787,4548000,83,94,251.63,62596,260970,680,354000,27.7,4300,1.944873838,398,63.6,4300,41.5507692307692,0,41.5507692307692,19.1026066350711,17700,9269,61500,9069,34000,300,95000,5,2602970,470714638,3644096,283022,35000,100715,240000,78665,50,3000,215000,6,31860.13486,333035.7512,21577.58607,-0.97,439479,4500,1635,5100,1060,20500,25,25000,6,33637,58295,317769,63185,48897,1270,370286,11,180000,4012.138,4517,850.34
2017 dez,2017-12-01,5200,5762,12500,6267,29000,5,42000,8,145422,63618,8,3145787,4548000,83,94,251.63,62596,260970,700,315600,27.5,4500,1.654665507,398,63.6,4500,41.5507692307692,0,41.5507692307692,19.1026066350711,17700,9569,61500,9369,34000,300,95000,5,2810131,478203377,3651019,286860,35445,100715,240000,79556,50,3000,215891,6,32260.76543,335469.1344,21284.43176,-0.34,511628,4500,1580,5100,1005,20500,25,25000,6,33637,58295,319039,61915,48897,1270,370286,11,180000,3838.232,4365.3,850.34
2018 jan,2018-01-01,5200,5762,12500,6267,29000,5,42000,8.022006652,145422,63618,8,3145787,4548000,83,94,251.63,62596,260970,740,347800,29,4533.502,1.063747919,408,62,4550,41.4384615384615,16.4980000000004,41.4384615384615,18.6220379146919,17700,9569,61500,9369,34000,300,95000,5.127832375,2676918,511752062,3686284,292446,36371.4825,100715,240000,79556,45.23553832,3000,215891,6,32719.71916,335469.1344,21228.72678,-0.85,430737,4500,1580,5100,1005,20500,33.90030295,25000,6,33637,58295,319039,61915,48897,1216.870266,370286,11,180000,4204.533,4545.3,850.34
2018 fev,2018-02-01,5200,5762,12500,6267,29000,5.350213725,42000,8.014791627,145422,63618,8,3145787,4548000,83,94,251.63,62596,260970,720,247400,29.5,4489.68875,0.108869856,405,61.2,4500,41.3682692307692,10.3112500000003,41.3682692307692,18.4315723036941,17700,9569,61500,9369,34000,300,95000,5.139778082,2434199,464629403,3330841,273010,36471.90933,100715,240000,79556,46.41963533,3000,215891,6,32744.11152,339795.8797,20875.9698,-0.7,181231,4500,1580,5100,1005,20500,33.76986977,25000,6,33637,58295,319039,61915,48897,1216.762387,370286,11,180000,3767.029,4019.9,850.34
2018 mar,2018-03-01,5200,5762,12500,6267,29000,5.24989252,42000,8.011099402,145422,63618,8,3145787,4548000,83,94,251.63,62596,260970,730,357300,29.3,4479.3775,0.138889241,400,64.2,4500,41.2278846153846,20.6224999999995,41.2278846153846,19.3678878739279,17700,9569,61500,9369,34000,300,95000,5.149157354,2661888,502412584,3708347,295611,36521.01433,100715,240000,79556,47.03689414,3000,215891,6,33248.93676,343381.8198,20842.43455,-0.5,244562,4500,1580,5100,1005,20500,32.47683381,25000,6,33637,58295,319039,61915,48897,1219.213322,370286,11,180000,4026.427,4479.1,850.34
2018 abr,2018-04-01,5200,5762,12500,6267,29000,5.539050225,42000,8.060725652,145422,63618,8,3145787,4548000,83,94,251.63,62596,260970,790,351400,29,4500,0.038924842,408,64.2,4500,41.2278846153846,0,41.2278846153846,19.433837255405,17700,9569,61500,9369,34000,300,95000,5.163254851,2618660,484735648,3673832,292410,36577.58497,100715,240000,79556,58.63960267,3000,215891,6,33251.49545,343381.8198,20675.074,-0.22,352593,4500,1580,5100,1005,20500,30.43519367,25000,6,33637,58295,319039,61915,48897,1216.22774,370286,11,180000,3992.482,4238.3,850.34
2018 mai,2018-05-01,5000,3481,12000,5486,27000,5,41000,8.2,145422,63618,8,3145787,4548000,83,94,251.63,62596,260970,800,392700,28.8,4385.56425,2.78e-16,411,66.2,4400,41.1296153846154,14.4357499999993,41.1296153846154,20.0392527462276,17700,9419,65500,9619,31000,700,96000,5.42,2313387,406446715,3098349,297813,36500,79554,249000,60504,50,5000,225000,6.16,33285.23121,343381.8198,20509.72845,-0.01,476166,4600,889,5800,1114,24000,25,30000,6.52,32658,55435,317261,42734,53342,1270,356632,10.92,180000,4306.852,4462.6,850.34
2018 jun,2018-06-01,5000,3481,12000,5486,27000,5,41000,8.2,145422,63618,8,3145787,4548000,83,94,251.63,62596,260970,840,352900,28.7,4437.6265,0.002779949,411,66.2,4450,41.0453846153846,12.3735000000014,41.0453846153846,20.0871316756595,17700,8519,65500,8719,31000,700,96000,5.42,2835830,485613476,4062335,289312,36500,79554,249000,60504,50,5000,225000,6.16,33310.03447,343381.8198,20320.72502,0.09,716710,4600,1389,5800,1614,24000,25,30000,6.52,32658,53403,317896,40067,53342,1270,356632,10.92,180000,4038.513,4290.6,850.34
2018 jul,2018-07-01,5000,3489,12000,5494,27000,5,41000,8.2,145422,63618,8,3145787,4548000,83,94,251.63,62596,260970,830,363700,28.9,4488.86385,1.350730095,409,64.2,4500,40.9695769230769,11.1361499999999,40.9695769230769,19.5202458816694,17700,9019,65500,9219,31000,700,96000,5.42,2852807,470995151,4008280,308619,36500,79554,251000,58504,50,5000,225000,6.16,33320.44708,343381.8198,20127.8627,0.23,586903,4600,1389,5800,1614,24000,25,30000,6.52,33091,51498,318277,39432,56518,1270,361459,10.92,180000,4174.889,4196.6,850.34
2018 ago,2018-08-01,5000,3489,12000,5494,27000,5,41000,8.2,145422,63618,8,3145787,4548000,83,94,251.63,62596,260970,750,383800,29.5,4488.86385,1.940218892,410,64.4,4500,40.8937692307692,11.1361500000009,40.8937692307692,19.6172882504748,17500,10519,66500,10219,29000,700,94500,5.4,2933805,506899033,4091404,313530,36500,79554,251000,58504,50,5000,225000,6.16,33277.32522,343381.8198,19904.31355,0.49,930894,4500,1389,6300,1614,24500,25,31000,6.89,33091,51498,320817,42772,59693,1270,370514,11.2,180000,4474.554,4722.3,850.34
2018 set,2018-09-01,5000,2378,12400,3983,27000,5,41000,8.2,145422,63618,8,3145787,4548000,83,94,251.63,62596,260970,720,334500,30,4388.86385,0.1,403,63.7,4400,40.8179615384615,11.1361499999999,40.7179615384615,19.8138742219522,17500,10519,66500,10519,29000,1000,94500,5.4,2530262,448530250,3487181,302581,36500,79554,251000,58504,50,5000,225000,6.16,33249.24685,343381.8198,19665.46787,0.76,622821,4500,1409,6200,1234,25000,25,31000,6.89,33091,50863,322722,45063,60963,1270,376615,11.38,180000,3898.913,4145.5,850.34
2018 out,2018-10-01,5000,2378,12400,3983,27000,5,41000,8.2,145422,63618,8,3145787,4548000,83,94,251.63,62596,260970,750,360000,30.2,4388.86385,0.1,401,63.7,4400,40.7421538461538,11.1361500000009,40.6421538461538,19.8506728278558,17500,10519,66500,10519,29000,1000,94500,5.4,2812702,501885050,3922085,318129,36500,79554,251000,58504,50,5000,225000,6.16,33188.52743,368582.3378,19445.61381,0.9,1388330,4500,1409,6200,1234,25000,25,31000,6.89,33090,54367,322087,46056,62868,1270,375374,11.34,180000,4546.825,4851.3,850.34
2018 nov,2018-11-01,5200,2378,12400,4483,28000,5,42500,8.17,145422,63618,8,3145787,4548000,83,94,251.63,62596,260970,770,360000,31.2,4288.86385,0.1,399,62.1,4300,40.6663461538462,11.1361499999978,40.5663461538462,19.7538893755853,17500,10519,66500,10519,29000,1000,94500,5.4,2663844,464696500,3663749,308658,41500,222536,276000,207486,50,5000,256000,6.17,33089.05361,371402.2847,19222.71878,0.81,379297,4500,1409,6600,1334,27000,25,33500,7.44,33090,54367,320817,44104,62233,1270,371517,11.23,180000,4004.474,4644.4,850.34
2018 dez,2018-12-01,5200,2378,12400,4483,28000,5,42500,8.17,145422,63618,8,3145787,4548000,83,94,251.63,62596,260970,760,350000,31,4479.3775,0.1,395,59.8,4500,40.5259615384615,20.6225000000005,40.4259615384615,19.0577239732343,17500,9019,66500,9019,29000,1000,94500,5.4,2708386,449897894,3604518,314628,41500,222536,276000,207486,50,5000,256000,6.17,32982.62047,374263.515,19037.50821,-0.92,916110,4500,1409,6900,1534,28000,25,35000,7.78,33090,54367,319547,45247,62233,1143,371517,11.23,180000,3726.196,4330.7,850.34
2019 jan,2019-01-01,5200,2378,12400,4483,28000,5,42500,8.093876431,145422,63618,8,3145787,4548000,83,94,251.63,62596,260970,750,355000,32,4395.293,0.15,367,54.5,4750,38.1113461538462,354.706999999999,37.9613461538462,18.558473912734,17500,9019,66500,9019,29000,1000,94500,5.390135941,2771629,503851028,3896569,318001,39142.5533,222536,276000,207486,40.39593839,5000,256000,6.17,34461,374263.515,19547.90962,0.72,871811,4500,1409,6900,1534,28000,26.65813453,35000,7.78,33090,54367,319547,45247,62233,1294.765868,371517,11.23,180000,4280.471,4659.2,850.34
2019 fev,2019-02-01,5200,2378,12400,4483,28000,5,42500,8.100910577,145422,63618,8,3145787,4548000,83,94,251.63,62596,260970,740,315000,32.5,3598.87325,0.15,342,46,4100,34.7,501.126749999999,34.55,16.6564570413616,17500,9019,66500,9019,29000,1000,94500,5.411255046,2541184,464294511,3658904,293380,39273.52792,222536,276000,207486,40.00907079,5000,256000,6.17,34461,374263.515,19267.90089,0.71,443606,4500,1409,6900,1534,28000,26.32937934,35000,7.78,33090,54367,319547,45247,62233,1293.280375,371517,11.23,180000,3772.447,4134.2,850.34
2019 mar,2019-03-01,5200,2378,12400,4483,28000,5.214496426,42500,8.026460921,145422,63618,8,3145787,4548000,83,94,251.63,62596,260970,780,360000,33,3455.335,0.2,320,44,3874,31.85,418.665000000001,31.65,17.4985590778098,17500,9019,66500,9019,29000,1000,94500,5.418047491,2614530,470254258,3743148,317665,39421.16335,222536,276000,207486,47.32454587,5000,256000,6.17,34079.39146,381365.4177,18044.09507,0.66,165125,4500,1409,6900,1534,28000,23.36948718,35000,7.78,33090,54367,319547,45247,62233,1300.62861,371517,11.23,180000,3940.606,4394.2,850.34
2019 abr,2019-04-01,5200,2378,12400,4483,28000,5.75184203,42500,8.034977735,145422,63618,8,3145787,4548000,83,94,251.63,62596,260970,900,370000,33.8,3708.135,0.4,305,43,3833,31,124.865,30.6,18.6310832025118,17500,9019,66500,9019,29000,1000,94500,5.428525624,2642359,478413475,3815904,316551,39478.43246,222536,276000,207486,48.47020668,5000,256000,6.17,34461,381365.4177,18325.03288,0.54,317061,4500,1409,6900,1534,28000,26.42376827,35000,7.78,33090,54367,319547,45247,62233,1292.719032,371517,11.23,180000,4128.353,4511.7,850.34
2019 mai,2019-05-01,6000,6083,15000,7588,32500,5,49000,8.17,145422,63618,8,3145787,4548000,83,94,251.63,62596,260970,1000,380000,34.2,3732.55,0.5,304,42,3806,30.5,73.45,30,18.6967741935484,18100,9813,69500,8313,34000,1000,101000,5.58,2838930,503773614,4008137,320459,41000,209835,279000,191815,20,7000,254000,6.2,34461,381365.4177,18437.87139,0.45,231813,4600,1597,6400,1217,27000,20,33000,7.17,34560,53227,314975,63133,57788,889,381780,11.05,180000,4377.947,4528,850.34
2019 jun,2019-06-01,6100,3583,15000,5088,33500,5,50000,8.2,145422,63618,8,3145787,4548000,83,94,251.63,62596,260970,980,4e+05,33.7,3444.6492213,1,292.6731,41.044,3500,30.1232077692308,55.3507787000003,29.1232077692308,18.5707278688525,18100,8813,69500,7313,34000,1000,101000,5.58,2457582,442741292,3571970,310804,41000,209835,279000,191815,20,7000,254000,6.2,34461,381365.4177,18376.98021,0.28,712512,4600,1597,6400,1217,27000,20,33000,7.17,33346,55767,307354,42558,54613,1270,347488,10.42,180000,4057.519,4333.8,850.34
2019 jul,2019-07-01,6100,4583,15000,6088,33500,5,50000,8.2,145422,63618,8,3145787,4548000,83,94,251.63,62596,260970,920,415000,33.6,3287.16359105754,2,278.53698927,38.8317284,3350,29.6954582189077,62.8364089424602,27.6954582189077,17.7895347675214,18100,7813,69500,6313,34000,1000,101000,5.58,2944430,508926115,4050501,325824,41000,209835,279000,191815,20,7000,254000,6.2,34461,396472.0788,18169.14024,0.14,889414,4700,1612,6400,1232,28000,20,34000,7.23,33830,59450,307481,51067,54613,1270,352441,10.42,180000,4419.189,4551.1,850.34
2019 ago,2019-08-01,6100,4085,15000,5590,33500,5,50000,8.2,145422,63618,8,3145787,4548000,83,94,251.63,62596,260970,950,4e+05,34.5,2931.98190459564,4,261.601940322384,35.72907330084,2990,29.3005086245962,58.0180954043554,25.3005086245962,15.8820168422522,18100,6313,68000,6313,34000,1000,101000,5.58,2875879,496762811,3959551,327973,41000,211835,277000,195815,20,7000,254000,6.2,34461,396472.0788,17839.76096,0.19,535152,4900,1612,6500,1632,30000,20,36500,7.45,33191,59958,306847,55402,52072,1270,353093,10.64,180000,4407.731,4608.6,850.34
2019 set,2019-09-01,6100,4085,15000,5590,33500,5,50000,8.2,145422,63618,8,3145787,4548000,83,94,251.63,62596,260970,910,405000,34.9,2253.02528304682,4,225,34,2400,28.3,146.974716953184,24.3,15.3171402500248,18100,5488,68000,5488,34000,1000,101000,5.58,2678420,465997834,3740111,320025,41000,211835,277000,195815,20,7000,254000,6.2,34461,396472.0788,17452.64912,0.35,811102,4900,1612,6400,1232,30000,20,36000,7.35,33191,62117,306212,55618,52072,1270,350515,10.56,180000,4200.524,4401.6,850.34
2019 out,2019-10-01,6100,4085,15000,5590,33500,5,50000,8.2,145422,63618,8,3145787,4548000,83,94,251.63,62596,260970,950,405000,35.6,1876.035134,6.07643,206.3925,29.172,1908.877567,28.07643,32.8424330000003,22,13.6067279151943,18100,7280,67000,8280,34000,1000,101000,5.58,2918075,516245753,4135775,333124,41000,211835,277000,195815,20,7000,254000,6.2,34461,406754.3515,17118.52391,0.51,993771,4900,912,6100,832,30000,20,36000,7.35,33109,53709,307735,48993,48262,1270,350011,10.57,180000,4711.366,5015.6,850.34
2019 nov,2019-11-01,6100,3612,15000,5117,33500,5,50000,8.2,145422,63618,8,3145787,4548000,83,94,251.63,62596,260970,970,409000,35,2401.12,7.69411146,205.897158,28.4368656,2401.12,28.69411146,0,21,13.3694570826847,18100,5080,66000,5080,36000,1000,101000,5.58,2614803,475637486,3840942,327260,41000,211319,277000,195299,20,7000,254000,6.2,34310.50086,409776.6666,16872.20653,0.55,863607,4900,912,5600,832,30000,20,35500,7.24,33109,53709,306466,48527,46992,1270,347006,10.48,180000,3950.115,4707,850.34
2019 dez,2019-12-01,6100,3612,15000,5117,33500,5,50000,8.2,145422,63618,8,3145787,4548000,83,94,251.63,62596,260970,890,433002,35.6,2600,8.829,205,28.53656,2600,29.43,0,20.601,13.1275224369676,18100,5080,66000,5080,36000,1000,101000,5.58,2548029,478417236,3934847,331071,41280,211319,278000,201069,20,7000,260770,6.32,33746.7192,413049.2905,16803.4176,0.75,975701,4900,891,5600,811,30000,20,35500,7.24,33109,53709,306466,48527,46992,1270,347006,10.48,180000,4148.878,4689.4,850.34
2020 jan,2020-01-01,6100,3612,15000,5117,33500,5,50000,8.139087868,145422,63618,8,3145787,4548000,83,94,251.63,62596,260970,900,336000,34.6,2703.48,10.33655175,200.941,29.573657528,2703.48,29.533005,0,19.19645325,13.0232620306789,18100,5080,66000,5080,36000,1000,101000,5.553804849,2463833,514908605,4027880,328200,42000,211319,278000,201069,35.57765494,7000,260770,6.32,34461,413049.2905,17874.47688,0.48,913210,4900,891,5600,811,30000,19.40245946,35500,7.24,33109,53709,306466,48527,46992,1372.641413,347006,10.48,180000,4531.756,4917,850.34
2020 fev,2020-02-01,6100,3612,15000,5117,33500,5,50000,8.164258866,145422,63618,8,3145787,4548000,83,94,251.63,62596,260970,890,324000,34.5,1968.674136,11.9167956,194.5309821,29.2660914897088,1968.674136,29.791989,0,17.8751934,12.8428700603486,18100,5080,66000,5080,36000,1000,101000,5.568578465,2386671,469077114,3787626,313847,42000,211319,278000,201069,33.65983271,7000,260770,6.32,34461,413049.2905,17645.73553,0.4,222868,4900,891,5600,811,30000,18.87056739,35500,7.24,33109,53709,306466,48527,46992,1369.832345,347006,10.48,180000,3917.54,4415.7,850.34
2020 mar,2020-03-01,6100,3612,15000,5117,33500,5,50000,8.132676471,145422,63618,8,3145787,4548000,83,94,251.63,62596,260970,900,395687.33579344,36.5,2074.9144,14.091084,197.62,30.4348119712,2074.9144,31.31352,0,17.222436,13.2396384526979,18100,5080,66000,5080,36000,1000,101000,5.583621652,2486226,531943917,4130771,332509,42000,211319,278000,201069,25.89888056,7000,260770,6.32,34461,413049.2905,17849.44854,0.19,610938,4900,891,5600,811,30000,21.8264944,35500,7.24,33109,53709,306466,48527,46992,1369.275767,347006,10.48,180000,4428.752,4951.3,850.34
2020 abr,2020-04-01,6100,3612,15000,5117,33500,5,50000,8.2,145422,63618,8,3145787,4548000,83,94,251.63,62596,260970,910,389812.025756538,37,2249.971,15.90726816,203.232408,32.388726899751,2249.971,31.81453632,0,15.90726816,13.4050052699528,18100,5080,66000,5080,36000,1000,101000,5.585158781,2272323,483069904,3913570,322260,42000,211319,278000,201069,58.36764573,7000,260770,6.32,34461,423771.7948,16840.36109,-0.08,330169,4900,891,5600,811,30000,10,35500,7.24,33109,53709,306466,48527,46992,1375.96295,347006,10.48,180000,4098.863,3815.9,850.34
2020 mai,2020-05-01,6200,4373,15500,4878,34000,5,50000,8.06,145422,63618,8,3145787,4548000,83,94,251.63,62596,260970,920,424000,37,2591.7415949,17,216.3815447976,32.9684851112566,2591.7415949,33.907932809856,0,16.907932809856,13.4300736853199,18700,4390,68000,5890,38000,1500,106000,5.67,2588595,474825714,4060585,327822,42000,208069,275000,200049,20,7000,260000,6.19,34461,427180.5825,16122.10606,-0.3,718245,5350,748,5200,1563,33000,15,39000,7.29,36260,53302,321325,84291,54613,635,406292,11.21,180000,4039.7,3709.3,850.34
2020 jun,2020-06-01,6200,3373,15500,3878,34000,5,50000,8.06,145422,63618,8,3145787,4548000,83,94,251.63,62596,260970,940,434000,37,2494.2188691,20.556,218.15,34.2082270000836,2494.2188691,34.26,0,13.704,13.0747758764055,18900,4390,68000,6890,38000,1500,107000,5.66,2542659,456313009,4142365,327205,42000,207069,276000,198049,20,7000,260000,6.19,34461,427180.5825,15661.64481,-0.41,998859,5350,748,5200,1563,33000,15,39000,7.29,36260,53419,321324,84409,54613,635,406292,11.21,180000,4334.669,4737.4,850.34
2020 jul,2020-07-01,6200,1873,15000,2878,34000,5,50000,8.06,145422,63618,8,3145787,4548000,83,94,251.63,62596,260970,1040,447900,38,2635.39165709106,22.332142,225.501655,36.5001782090891,2635.39165709106,34.832142,0,12.5,13.5517299130068,18900,5492,68000,7992,38000,1500,107000,5.66,2660712,522014163,4456637,340544,42000,204069,277000,194049,20,7000,260000,6.19,34461,427180.5825,15477.2769,-0.57,958881,5350,748,5200,1563,33000,15,39000,7.29,34003,57102,316879,67263,54613,635,381018,11.21,180000,4308.131,4759,850.34
2020 ago,2020-08-01,6200,1873,15000,2878,34000,5,50000,8.06,145422,63618,8,3145787,4548000,83,94,251.63,62596,260970,1011.712,458991.17,39,2663.85388698764,25,231.590199685,36.627928832821,2663.85388698764,35.2919262744,0,10.2919262744,13.3757853523186,18900,5492,68000,7992,38000,1500,107000,5.66,2545219,497946087,4162253,341405,42000,204069,277000,194049,20,7000,260000,6.19,34461,427180.5825,15453.20752,-0.89,516507,5400,948,5400,1563,33500,15,39500,7.31,34003,56594,318784,70011,56518,635,388084,11.41,180000,4265.943,4639,850.34
2020 set,2020-09-01,6200,1873,15000,2878,34000,5,50000,8.06,145422,63618,8,3145787,4548000,83,94,251.63,62596,260970,1000,474000,37,2819.68933937642,25.59574,239.4,34.374,2819.68933937642,35.59574,0,10,12.3891588291445,19500,5492,70000,7992,39000,1500,110000,5.64,2567849,496938144,4116931,337390,42000,201069,279000,189049,20,7000,260000,6.19,34461,427180.5825,15510.50279,-1.17,591481,5400,1048,5500,1563,32500,15,38500,7.13,33780,57229,313704,63568,59058,635,378466,11.2,180000,4409.357,4652,850.34
2020 out,2020-10-01,6200,1873,15000,2878,34000,5,50000,8.06,145422,63618,8,3145787,4548000,83,94,251.63,62596,260970,1000,474000,36,2969.13287436337,25.979465953,248.976,38.6157516,2969.13287436337,36.979465953,0,11,13.7991894634583,19500,5492,70000,7992,39000,1500,110000,5.64,2606362,526021566,4237648,334160,42000,200922,279000,188902,20,7000,260000,6.19,34461,445436.8159,15532.7234,-1.27,1111867,5400,1248,6100,1163,30500,15,36500,6.76,33398,50681,311164,55043,59058,635,373949,11.2,180000,4429.938,5032.1,850.34
2020 nov,2020-11-01,6200,1872,15000,2877,34000,5,50000,8.06,145422,63618,8,3145787,4548000,83,94,251.63,62596,260970,1020,450000,36,2837.89720131651,27.2862074188327,267.898176,43.01022413208,2837.89720131651,39.7862074188327,0,12.5,14.7944281200652,19500,5492,70000,7992,39000,1500,110000,5.64,2269135,499350354,4013246,325920,42000,200526,282000,191506,20,13000,260000,6.19,34461,447857.8742,15375.98935,-1.19,632176,5400,1248,6100,1163,22500,15,28500,5.28,33398,50681,309260,43233,67313,635,368490,11.03,180000,3984.978,4641.5,850.34
2020 dez,2020-12-01,6100,2872,15000,2877,34000,5,49000,8.03,145422,63618,8,3145787,4548000,83,94,251.63,62596,260970,900,429000,36,2840,26.8,285,47.0319172260099,2840,41.9,0,15.1,15.0365170727901,19500,4992,70000,7492,39000,1500,110000,5.64,2497452,534006693,4306695,335876,42000,200526,285500,191506,20,16500,260000,6.19,34461,449847.2308,14983.7062,0.5,826416,5400,1478,6100,893,24000,15,29500,5.46,33398,50681,309260,43233,67313,635,368490,11.03,180000,4243.421,4807.3,850.34
2021 jan,2021-01-01,6100,2872,15000,2877,34000,5,49000,8.104852107,145422,63618,8,3145787,4548000,83,94,251.63,62596,260970,900,430000,37,2810.562182051,25.05582079,259.635,35.8853528434455,3074.127108,40.10582079,263.564925948998,15.05,10.8940737033085,19500,4992,70000,7492,39000,1500,110000,5.67,2126217,512050488,4064912,331581,42000,200526,285500,191506,29.72157974,16500,260000,6.19,34461,449847.2308,14357.14256,-0.93,475413,5400,1478,6100,893,24000,12.11856976,29500,5.46,33398,50681,309260,43233,67313,1451.900057,368490,11.03,180000,4110.875,4751.9,850.34
2021 fev,2021-02-01,6100,2872,15000,2877,34000,5,49000,8.072086954,145422,63618,8,3145787,4548000,83,94,251.63,62596,260970,910,305000,38,2264.59562532938,22.09788423075,249.509235,33.3267271857079,2706.4615058832,37.09788423075,441.865880553825,15,10.5699362698968,19500,4992,70000,7492,39000,1500,110000,5.668330134,2175445,491742280,4048692,309482,42000,200526,285500,191506,32.51666365,16500,260000,6.19,34461,454444.3882,13910.14073,-0.84,927031,5400,1478,6100,893,24000,12.18097884,29500,5.46,33398,50681,309260,43233,67313,1453.223262,368490,11.03,180000,3741.253,4340.2,850.34
2021 mar,2021-03-01,6100,2872,15000,2877,34000,5,49000,8.131891646,145422,63618,8,3145787,4548000,83,94,251.63,62596,260970,800,432000,39,2697.53565150282,21.10503,248.50715,37.7,2980,35.17505,282.464348497177,14.07002,12.9264514659979,19500,4992,70000,7492,39000,1500,110000,5.663725769,2286006,568750849,4604858,341997,42000,200526,285500,191506,26.31020932,16500,260000,6.19,34461,454444.3882,15070.8335,-0.65,800226,5400,1478,6100,893,24000,12.62276415,29500,5.46,33398,50681,309260,43233,67313,1450.725641,368490,11.03,180000,4587.38,4992.7,850.34
2021 abr,2021-04-01,6100,2872,15000,2877,34000,5,49000,8.2,145422,63618,8,3145787,4548000,83,94,251.63,62596,260970,730,445000,40.5,3159.6342753,21.615771726,255.9623645,41.54163,3159.6342753,36.02628621,0,14.410514484,15.0222823734437,19500,4992,70000,7492,39000,1500,110000,5.663253108,2238129,502611563,4212452,331149,42000,200526,285500,191506,48.35702074,16500,260000,6.19,34461,462040.7501,14473.36378,-0.48,1033877,5400,1478,6100,893,24000,10,29500,5.46,33398,50681,309260,43233,67313,1452.607458,368490,11.03,180000,4211.546,4656.3,850.34
2021 mai,2021-05-01,6250,2124,14500,2629,36000,5,51000,8.16,145422,63618,8,3145787,4548000,83,94,251.63,62596,260970,750,450000,40.2,3755.22533619405,20.0403422300367,271.5248762616,45.039435246,3755.22533619405,36.436985872794,0,16.3966436427573,15.902322348455,20800,5230,73000,8930,43000,1700,118000,5.67,2406920,519647261,4441886,333439,42000,198176,294000,198156,20,26000,268000,6.38,34461,465599.3733,14030.81568,-0.37,915095,5500,890,6800,1105,30500,15,37500,6.82,33791,31928,312816,38278,62233,635,380764,11.27,180000,4117.246,4246.3,850.34
2021 jun,2021-06-01,6250,2124,14500,2629,36000,5,51000,8.16,145422,63618,8,3145787,4548000,83,94,251.63,62596,260970,700,459000,40.2,3770.46312728656,15.540336,286.82362,51.3123405001253,4050,34.53408,279.53687271344,18.993744,17.9129243412237,20800,5230,73000,8930,43000,1700,118000,5.67,2438190,502722068,4472939,322010,42000,198176,294000,198156,20,26000,268000,6.38,34461,465599.3733,13708.53869,-0.39,984992,5500,890,6800,1105,30500,15,37500,6.82,33791,28118,312816,34468,62233,635,380764,11.27,180000,4472.033,4617.9,850.34
2021 jul,2021-07-01,6250,2124,14500,2629,36000,5,51000,8.16,145422,63618,8,3145787,4548000,83,94,251.63,62596,260970,780,469098,40.1,3843.7358042016,13.44539510496,297.43609394,52.9338104599293,3852.36,34.475372064,8.62419579840069,21.02997695904,19.4972059209425,20800,5230,73000,8930,43000,1700,118000,5.67,2512370,516579852,4673521,334661,42000,198176,294000,198156,20,26000,268000,6.38,34461,465599.3733,13708.53869,-0.48,1667644,5500,890,6800,1105,30500,15,37500,6.82,34194,27483,313451,36373,63503,635,385209,11.27,180000,4266.448,4337,850.34
2021 ago,2021-08-01,6250,1924,14500,2429,36000,5,51000,8.16,145422,63618,8,3145787,4548000,83,94,251.63,62596,260970,780,469098,40.1,3843.7358042016,13.44539510496,297.43609394,52.9338104599293,3852.36,34.475372064,8.62419579840069,21.02997695904,19.4972059209425,20800,4730,73000,8430,43000,1700,118000,5.67,2522192,518116750,4608283,337053,42000,198176,294000,198156,20,26000,268000,6.38,34461,465599.3733,13708.53869,-0.67,1233844,5420,890,6800,1105,32000,15,39000,7.2,34194,28372,311165,31556,60963,635,374677,10.96,180000,4434.059,4538.1,850.34
2021 set,2021-09-01,6500,2124,14500,2629,38000,5,53000,8.15,145422,63618,8,3145787,4548000,83,94,251.63,62596,260970,780,469098,40.1,3843.7358042016,13.44539510496,297.43609394,52.9338104599293,3852.36,34.475372064,8.62419579840069,21.02997695904,19.4972059209425,20800,4730,73000,8430,43000,1700,118000,5.67,1909507,501017557,4442199,329630,42000,202186,294000,207166,20,26000,273000,6.5,34461,465599.3733,13708.53869,-0.8,1603664,5420,895,6800,1110,32000,15,39000,7.2,34433,30150,313070,35774,62868,635,380927,11.06,180000,4455.822,4526.8,850.34
2021 out,2021-10-01,6500,2124,14500,2629,38000,5,53000,8.15,145422,63618,8,3145787,4548000,83,94,251.63,62596,260970,780,469098,40.1,3843.7358042016,13.44539510496,297.43609394,52.9338104599293,3852.36,34.475372064,8.62419579840069,21.02997695904,19.4972059209425,20800,4730,73000,8430,43000,1700,118000,5.67,1909507,501017557,4442199,329630,42000,204186,294000,209166,20,26000,273000,6.5,34461,465599.3733,13708.53869,-0.8,1057275,5420,895,6500,910,31500,15,38000,7.01,34433,31408,311927,38102,63503,635,381489,11.08,180000,4365.905,4699.4,850.34
2021 nov,2021-11-01,6800,1624,14500,2629,39000,5,54500,8.01,145422,63618,8,3145787,4548000,83,94,251.63,62596,260970,780,469098,40.1,3843.7358042016,13.44539510496,297.43609394,52.9338104599293,3852.36,34.475372064,8.62419579840069,21.02997695904,19.4972059209425,20800,5230,73000,8930,43000,1700,118000,5.67,1909507,501017557,4442199,329630,42000,205704,294000,210684,20,26000,273000,6.5,34461,465599.3733,13708.53869,-0.8,861408,5420,895,6500,910,31500,15,38000,7.01,34433,31408,313196,37936,63503,635,382592,11.11,180000,4365.905,4699.4,850.34
2021 dez,2021-12-01,6800,1624,14500,2629,39000,5,54500,8.01,145422,63618,8,3145787,4548000,83,94,251.63,62596,260970,780,469098,40.1,3843.7358042016,13.44539510496,297.43609394,52.9338104599293,3852.36,34.475372064,8.62419579840069,21.02997695904,19.4972059209425,20800,5230,73000,8930,43000,1700,118000,5.67,1909507,501017557,4442199,329630,42000,205704,294000,210684,20,26000,273000,6.5,34461,465599.3733,13708.53869,-1.05,861408,5420,895,6500,910,31500,15,38000,7.01,34433,31408,313196,37936,63503,635,382592,11.11,180000,4365.905,4699.4,850.34
