date;yhat_final;y;residual
01/02/2022;96.76;88.61;-8.15
02/02/2022;97.29;89.17;-8.12
03/02/2022;97.66;87.35;-10.31
04/02/2022;97.87;88.37;-9.5
05/02/2022;97.95;88.01;-9.94
06/02/2022;97.93;86.53;-11.4
07/02/2022;97.83;87.2;-10.63
08/02/2022;97.65;86.87;-10.78
09/02/2022;97.41;88.03;-9.38
10/02/2022;97.14;88.06;-9.08
11/02/2022;96.83;88.51;-8.32
12/02/2022;96.51;88.51;-8
13/02/2022;96.17;89.86;-6.31
14/02/2022;95.83;90.77;-5.06
15/02/2022;95.5;91.91;-3.59
16/02/2022;95.18;91.91;-3.27
17/02/2022;94.88;92.38;-2.5
18/02/2022;94.6;93.69;-0.91
19/02/2022;94.34;95.12;0.78
20/02/2022;94.11;95.12;1.01
21/02/2022;93.9;95.12;1.22
22/02/2022;93.72;92.26;-1.46
23/02/2022;93.57;91.87;-1.7
24/02/2022;93.44;90.07;-3.37
25/02/2022;93.34;89.4;-3.94
26/02/2022;93.26;88.88;-4.38
27/02/2022;93.2;87.86;-5.34
28/02/2022;93.16;86.79;-6.37
01/03/2022;93.13;86.8;-6.33
02/03/2022;93.12;86.31;-6.81
03/03/2022;93.11;86.98;-6.13
04/03/2022;93.11;86.75;-6.36
05/03/2022;93.12;86.65;-6.47
06/03/2022;93.08;86.65;-6.43
07/03/2022;93.01;93.5;0.49
08/03/2022;92.84;93.06;0.22
09/03/2022;92.64;92.08;-0.56
10/03/2022;92.46;90.84;-1.62
11/03/2022;92.29;92.1;-0.19
12/03/2022;92.15;91.31;-0.84
13/03/2022;92.01;90.56;-1.45
14/03/2022;91.88;90.74;-1.14
15/03/2022;91.73;89.18;-2.55
16/03/2022;91.57;88.42;-3.15
17/03/2022;91.4;87.13;-4.27
18/03/2022;91.25;86.56;-4.69
19/03/2022;91.13;86.34;-4.79
20/03/2022;91.04;87.11;-3.93
21/03/2022;90.97;88.41;-2.56
22/03/2022;90.94;88.42;-2.52
23/03/2022;90.94;89.6;-1.34
24/03/2022;90.98;89.31;-1.67
25/03/2022;91.04;89.03;-2.01
26/03/2022;91.13;88.93;-2.2
27/03/2022;91.23;90.02;-1.21
28/03/2022;91.31;90.02;-1.29
29/03/2022;91.41;91.25;-0.16
30/03/2022;91.53;91.83;0.3
31/03/2022;91.7;91.83;0.13
01/04/2022;91.89;87.64;-4.25
02/04/2022;92.09;86.7;-5.39
03/04/2022;92.28;87.46;-4.82
04/04/2022;92.44;85.89;-6.55
05/04/2022;92.55;86.2;-6.35
06/04/2022;92.6;84.62;-7.98
07/04/2022;92.53;84.64;-7.89
08/04/2022;88.24;89.17;0.93
09/04/2022;88.77;87.35;-1.42
10/04/2022;89.14;88.37;-0.77
11/04/2022;89.36;88.01;-1.35
12/04/2022;89.46;86.53;-2.93
13/04/2022;89.45;87.2;-2.25
14/04/2022;89.36;86.87;-2.49
15/04/2022;89.21;88.03;-1.18
16/04/2022;89;88.06;-0.94
17/04/2022;88.75;88.51;-0.24
18/04/2022;88.48;88.51;0.03
19/04/2022;88.19;89.86;1.67
20/04/2022;87.89;90.77;2.88
21/04/2022;87.59;91.91;4.32
22/04/2022;87.3;91.91;4.61
23/04/2022;87.03;92.38;5.35
24/04/2022;86.77;93.69;6.92
25/04/2022;86.53;95.12;8.59
26/04/2022;86.32;95.12;8.8
27/04/2022;86.13;95.12;8.99
28/04/2022;85.96;92.26;6.3
29/04/2022;85.83;91.87;6.04
30/04/2022;85.72;90.07;4.35
01/05/2022;85.63;89.4;3.77
02/05/2022;85.57;88.88;3.31
03/05/2022;85.53;87.86;2.33
04/05/2022;85.5;86.79;1.29
05/05/2022;85.49;86.8;1.31
06/05/2022;85.5;86.31;0.81
07/05/2022;85.51;86.98;1.47
08/05/2022;85.53;86.75;1.22
09/05/2022;85.55;86.65;1.1
10/05/2022;85.53;86.65;1.12
11/05/2022;85.48;93.5;8.02
12/05/2022;85.35;93.06;7.71
13/05/2022;85.2;92.08;6.88
14/05/2022;85.04;90.84;5.8
15/05/2022;84.88;92.1;7.22
16/05/2022;84.73;91.31;6.58
17/05/2022;84.6;90.56;5.96
18/05/2022;84.48;90.74;6.26
19/05/2022;84.36;89.18;4.82
20/05/2022;84.23;88.42;4.19
21/05/2022;84.08;87.13;3.05
22/05/2022;83.95;86.56;2.61
23/05/2022;83.84;86.34;2.5
24/05/2022;83.76;87.11;3.35
25/05/2022;83.69;88.41;4.72
26/05/2022;83.65;88.42;4.77
27/05/2022;83.64;89.6;5.96
28/05/2022;83.68;89.31;5.63
29/05/2022;83.75;89.03;5.28
30/05/2022;83.86;88.93;5.07
31/05/2022;83.98;90.02;6.04
01/06/2022;84.1;90.02;5.92
02/06/2022;84.22;91.25;7.03
03/06/2022;84.35;91.83;7.48
04/06/2022;84.52;91.83;7.31
05/06/2022;84.72;87.64;2.92
06/06/2022;84.92;86.7;1.78
07/06/2022;85.1;87.46;2.36
08/06/2022;85.26;85.89;0.63
09/06/2022;85.39;86.2;0.81
10/06/2022;85.47;84.62;-0.85
11/06/2022;85.43;84.64;-0.79
12/06/2022;-7.15;-9.17;-2.02
13/06/2022;-7.21;-7.35;-0.14
14/06/2022;-7.26;-8.37;-1.11
15/06/2022;-7.32;-8.01;-0.69
16/06/2022;-7.36;-6.53;0.83
17/06/2022;-7.41;-7.2;0.21
18/06/2022;-7.46;-6.87;0.59
19/06/2022;-7.5;-8.03;-0.53
20/06/2022;-7.54;-8.06;-0.52
21/06/2022;-7.58;-12.01;-4.43
22/06/2022;-7.62;-12.01;-4.39
23/06/2022;-7.65;-13.36;-5.71
24/06/2022;-7.69;-14.27;-6.58
25/06/2022;-7.72;-15.41;-7.69
26/06/2022;-7.75;-15.41;-7.66
27/06/2022;-7.78;-18.38;-10.6
28/06/2022;-7.81;-19.69;-11.88
29/06/2022;-7.83;-21.12;-13.29
30/06/2022;-7.86;-21.12;-13.26
01/07/2022;-7.88;-21.12;-13.24
02/07/2022;-7.91;-18.26;-10.35
03/07/2022;-7.93;-17.87;-9.94
04/07/2022;-7.95;-16.07;-8.12
05/07/2022;-7.97;-15.4;-7.43
06/07/2022;-7.99;-16.88;-8.89
07/07/2022;-8;-15.86;-7.86
08/07/2022;-8.02;-14.79;-6.77
09/07/2022;-8.03;-14.8;-6.77
10/07/2022;-8.05;-14.31;-6.26
11/07/2022;-8.06;-13.48;-5.42
12/07/2022;-8.08;-13.25;-5.17
13/07/2022;-8.09;-13.15;-5.06
14/07/2022;-8.1;-13.15;-5.05
15/07/2022;-8.11;-19.5;-11.39
16/07/2022;-8.12;-19.06;-10.94
17/07/2022;-8.13;-18.08;-9.95
18/07/2022;-8.14;-16.84;-8.7
19/07/2022;-8.15;-18.1;-9.95
20/07/2022;-8.16;-17.31;-9.15
21/07/2022;-8.16;-16.56;-8.4
22/07/2022;-8.17;-16.74;-8.57
23/07/2022;-8.18;-15.18;-7
24/07/2022;-8.18;-14.42;-6.24
25/07/2022;-8.19;-13.63;-5.44
26/07/2022;-8.2;-13.06;-4.86
27/07/2022;-8.2;-12.84;-4.64
28/07/2022;-8.21;-13.11;-4.9
29/07/2022;-8.21;-14.41;-6.2
30/07/2022;-8.22;-14.42;-6.2
31/07/2022;-8.22;-15.6;-7.38
01/08/2022;-8.22;-15.31;-7.09
02/08/2022;-8.23;-15.03;-6.8
03/08/2022;-8.23;-17.43;-9.2
04/08/2022;-8.23;-18.52;-10.29
05/08/2022;-8.24;-18.52;-10.28
06/08/2022;-8.24;-19.75;-11.51
07/08/2022;-8.24;-20.33;-12.09
08/08/2022;-8.25;-19.83;-11.58
09/08/2022;-8.25;-15.64;-7.39
10/08/2022;-8.25;-15.2;-6.95
11/08/2022;-8.26;-15.96;-7.7
12/08/2022;-8.26;-13.89;-5.63
13/08/2022;-8.27;-14.2;-5.93
14/08/2022;-8.28;-12.62;-4.34
15/08/2022;-8.29;-12.64;-4.35
16/08/2022;9.02;-2.67;-11.69
17/08/2022;8.72;-0.85;-9.57
18/08/2022;8.43;0.13;-8.3
19/08/2022;8.16;-0.01;-8.17
20/08/2022;7.92;1.47;-6.45
21/08/2022;7.69;0.8;-6.89
22/08/2022;7.48;1.13;-6.35
23/08/2022;7.29;-0.03;-7.32
24/08/2022;7.11;-0.06;-7.17
25/08/2022;6.95;-2.51;-9.46
26/08/2022;6.8;-2.51;-9.31
27/08/2022;6.67;-3.86;-10.53
28/08/2022;6.54;-4.77;-11.31
29/08/2022;6.43;-5.91;-12.34
30/08/2022;6.33;-4.91;-11.24
31/08/2022;6.24;-5.38;-11.62
01/09/2022;6.16;-6.69;-12.85
02/09/2022;6.09;-8.12;-14.21
03/09/2022;6.02;-8.12;-14.14
04/09/2022;5.96;-8.12;-14.08
05/09/2022;5.91;-5.26;-11.17
06/09/2022;5.87;-1.87;-7.74
07/09/2022;5.83;-0.07;-5.9
08/09/2022;5.79;0.6;-5.19
09/09/2022;5.76;0.62;-5.14
10/09/2022;5.73;1.64;-4.09
11/09/2022;5.71;2.71;-3
12/09/2022;5.68;2.7;-2.98
13/09/2022;5.66;2.19;-3.47
14/09/2022;5.65;0.52;-5.13
15/09/2022;5.63;0.75;-4.88
16/09/2022;5.62;2.35;-3.27
17/09/2022;5.6;2.35;-3.25
18/09/2022;5.59;-4.5;-10.09
19/09/2022;5.58;-1.56;-7.14
20/09/2022;5.56;-0.58;-6.14
21/09/2022;5.55;0.16;-5.39
22/09/2022;5.54;-1.1;-6.64
23/09/2022;5.52;-1.31;-6.83
24/09/2022;5.51;-0.56;-6.07
25/09/2022;5.49;-1.24;-6.73
26/09/2022;5.48;0.32;-5.16
27/09/2022;5.46;1.08;-4.38
28/09/2022;5.44;1.87;-3.57
29/09/2022;5.42;1.44;-3.98
30/09/2022;5.39;2.66;-2.73
01/10/2022;5.37;1.89;-3.48
02/10/2022;5.34;-0.41;-5.75
03/10/2022;5.31;-0.42;-5.73
04/10/2022;5.28;-1.6;-6.88
05/10/2022;5.25;-0.31;-5.56
06/10/2022;5.21;-0.03;-5.24
07/10/2022;5.18;-1.43;-6.61
08/10/2022;5.14;-2.02;-7.16
09/10/2022;5.1;-2.52;-7.62
10/10/2022;5.06;-3.75;-8.81
11/10/2022;5.01;-4.33;-9.34
12/10/2022;4.97;-3.83;-8.8
13/10/2022;4.92;0.36;-4.56
14/10/2022;4.87;1.3;-3.57
15/10/2022;4.82;0.54;-4.28
16/10/2022;4.77;1.11;-3.66
17/10/2022;4.71;0.8;-3.91
18/10/2022;4.66;2.38;-2.28
19/10/2022;4.61;2.36;-2.25
20/10/2022;6.55;6.83;0.28
21/10/2022;6.19;8.65;2.46
22/10/2022;5.87;7.63;1.76
23/10/2022;5.57;7.99;2.42
24/10/2022;5.3;5.97;0.67
25/10/2022;5.05;5.3;0.25
26/10/2022;4.83;5.63;0.8
27/10/2022;4.62;4.47;-0.15
28/10/2022;4.43;4.44;0.01
29/10/2022;4.27;3.99;-0.28
30/10/2022;4.11;3.99;-0.12
31/10/2022;3.98;0.64;-3.34
01/11/2022;3.86;-0.27;-4.13
02/11/2022;3.75;-1.41;-5.16
03/11/2022;3.65;-1.41;-5.06
04/11/2022;3.56;-1.88;-5.44
05/11/2022;3.48;-3.19;-6.67
06/11/2022;3.42;-4.62;-8.04
07/11/2022;3.35;-4.62;-7.97
08/11/2022;3.3;-4.62;-7.92
09/11/2022;3.25;-0.76;-4.01
10/11/2022;3.21;-0.37;-3.58
11/11/2022;3.17;3.93;0.76
12/11/2022;3.14;4.6;1.46
13/11/2022;3.11;5.12;2.01
14/11/2022;3.08;6.14;3.06
15/11/2022;3.05;7.21;4.16
16/11/2022;3.03;7.2;4.17
17/11/2022;3;6.19;3.19
18/11/2022;2.98;5.52;2.54
19/11/2022;2.96;6.75;3.79
20/11/2022;2.93;6.85;3.92
21/11/2022;2.91;7.85;4.94
22/11/2022;2.88;1;-1.88
23/11/2022;2.86;1.44;-1.42
24/11/2022;2.83;2.42;-0.41
25/11/2022;2.8;3.66;0.86
26/11/2022;2.77;2.4;-0.37
27/11/2022;2.73;3.19;0.46
28/11/2022;2.7;3.94;1.24
29/11/2022;2.66;3.76;1.1
30/11/2022;2.62;3.32;0.7
01/12/2022;2.57;4.83;2.26
02/12/2022;2.53;6.37;3.84
03/12/2022;2.48;6.94;4.46
04/12/2022;2.43;6.66;4.23
05/12/2022;2.37;5.89;3.52
06/12/2022;2.32;4.09;1.77
07/12/2022;2.26;4.08;1.82
08/12/2022;2.2;2.9;0.7
09/12/2022;2.13;4.19;2.06
10/12/2022;2.07;4.47;2.4
11/12/2022;2;2.57;0.57
12/12/2022;1.94;2.48;0.54
13/12/2022;1.87;2.48;0.61
14/12/2022;1.8;0.25;-1.55
15/12/2022;1.72;-0.33;-2.05
16/12/2022;1.64;0.67;-0.97
17/12/2022;1.55;4.86;3.31
18/12/2022;1.47;5.8;4.33
19/12/2022;1.38;5.04;3.66
20/12/2022;1.3;8.11;6.81
21/12/2022;1.22;7.8;6.58
22/12/2022;1.14;9.38;8.24
23/12/2022;1.06;9.36;8.3
24/12/2022;-0.14;-9.67;-9.53
25/12/2022;-0.12;-7.35;-7.23
26/12/2022;-0.11;-8.37;-8.26
27/12/2022;-0.09;-8.01;-7.92
28/12/2022;-0.07;-8.53;-8.46
29/12/2022;-0.05;-9.2;-9.15
30/12/2022;-0.03;-8.37;-8.34
31/12/2022;0;-9.53;-9.53
01/01/2023;0.02;-9.56;-9.58
02/01/2023;0.04;-10.01;-10.05
03/01/2023;0.07;-10.01;-10.08
04/01/2023;0.09;-12.86;-12.95
05/01/2023;0.11;-13.77;-13.88
06/01/2023;0.14;-13.91;-14.05
07/01/2023;0.16;-13.91;-14.07
08/01/2023;0.18;-14.38;-14.56
09/01/2023;0.21;-15.69;-15.9
10/01/2023;0.23;-17.12;-17.35
11/01/2023;0.25;-17.12;-17.37
12/01/2023;0.27;-17.12;-17.39
13/01/2023;0.29;-14.26;-14.55
14/01/2023;0.31;-13.87;-14.18
15/01/2023;0.32;-7.57;-7.89
16/01/2023;0.34;-6.9;-7.24
17/01/2023;0.36;-6.88;-7.24
18/01/2023;0.37;-5.86;-6.23
19/01/2023;0.38;-4.79;-5.17
20/01/2023;0.4;-4.8;-5.2
21/01/2023;0.41;-4.31;-4.72
22/01/2023;0.42;-4.98;-5.4
23/01/2023;0.43;-3.25;-3.68
24/01/2023;0.43;-3.15;-3.58
25/01/2023;0.44;-3.15;-3.59
26/01/2023;0.45;-10;-10.45
27/01/2023;0.45;-9.56;-10.01
28/01/2023;0.45;-8.58;-9.03
29/01/2023;0.46;-7.34;-7.8
30/01/2023;0.46;-8.6;-9.06
31/01/2023;0.46;-7.81;-8.27
01/02/2023;0.46;-7.06;-7.52
02/02/2023;0.46;-7.24;-7.7
03/02/2023;0.45;-5.68;-6.13
04/02/2023;0.45;-4.92;-5.37
05/02/2023;0.45;-3.63;-4.08
06/02/2023;0.44;-3.06;-3.5
07/02/2023;0.44;-2.84;-3.28
08/02/2023;0.43;-6.61;-7.04
09/02/2023;0.43;-7.91;-8.34
10/02/2023;0.42;-9.42;-9.84
11/02/2023;0.41;-11.1;-11.51
12/02/2023;0.41;-10.81;-11.22
13/02/2023;0.4;-10.53;-10.93
14/02/2023;0.39;-9.93;-10.32
15/02/2023;0.38;-11.52;-11.9
16/02/2023;0.38;-11.02;-11.4
17/02/2023;0.37;-12.25;-12.62
18/02/2023;0.36;-12.83;-13.19
19/02/2023;0.35;-12.83;-13.18
20/02/2023;0.35;-6.64;-6.99
21/02/2023;0.34;-5.7;-6.04
22/02/2023;0.33;-8.96;-9.29
23/02/2023;0.32;-7.39;-7.71
24/02/2023;0.31;-9.7;-10.01
25/02/2023;0.31;-8.12;-8.43
26/02/2023;0.3;-8.14;-8.44
27/02/2023;7.33;6.83;-0.5
28/02/2023;7.36;8.65;1.29
01/03/2023;7.39;7.63;0.24
02/03/2023;7.41;7.99;0.58
03/03/2023;7.44;9.47;2.03
04/03/2023;7.45;8.8;1.35
05/03/2023;7.47;9.13;1.66
06/03/2023;7.48;7.97;0.49
07/03/2023;7.49;7.94;0.45
08/03/2023;7.5;5.49;-2.01
09/03/2023;7.51;5.49;-2.02
10/03/2023;7.52;4.14;-3.38
11/03/2023;7.52;3.23;-4.29
12/03/2023;7.53;2.09;-5.44
13/03/2023;7.53;1.59;-5.94
14/03/2023;7.54;1.12;-6.42
15/03/2023;7.54;-0.19;-7.73
16/03/2023;7.55;-1.62;-9.17
17/03/2023;7.56;-1.12;-8.68
18/03/2023;7.56;-1.12;-8.68
19/03/2023;7.57;1.74;-5.83
20/03/2023;7.58;2.13;-5.45
21/03/2023;7.59;1.93;-5.66
22/03/2023;7.6;2.6;-5
23/03/2023;7.61;0.12;-7.49
24/03/2023;7.63;1.14;-6.49
25/03/2023;7.64;2.21;-5.43
26/03/2023;7.65;2.2;-5.45
27/03/2023;7.67;2.69;-4.98
28/03/2023;7.68;2.52;-5.16
29/03/2023;7.7;2.75;-4.95
30/03/2023;7.72;2.85;-4.87
31/03/2023;7.74;2.85;-4.89
01/04/2023;7.75;-4;-11.75
02/04/2023;7.77;-3.56;-11.33
03/04/2023;7.79;-2.58;-10.37
04/04/2023;7.81;-1.84;-9.65
05/04/2023;7.83;-3.1;-10.93
06/04/2023;7.85;-2.31;-10.16
07/04/2023;7.87;-1.56;-9.43
08/04/2023;7.88;-1.74;-9.62
09/04/2023;7.9;-0.18;-8.08
10/04/2023;7.92;0.58;-7.34
11/04/2023;7.93;2.37;-5.56
12/04/2023;7.95;2.94;-5.01
13/04/2023;7.96;3.16;-4.8
14/04/2023;7.98;1.89;-6.09
15/04/2023;7.99;0.59;-7.4
16/04/2023;8;0.58;-7.42
17/04/2023;8.01;-0.6;-8.61
18/04/2023;8;-0.31;-8.31
19/04/2023;8;-0.03;-8.03
20/04/2023;8;0.07;-7.93
21/04/2023;7.99;-1.02;-9.01
22/04/2023;7.98;-1.02;-9
23/04/2023;7.97;-2.25;-10.22
24/04/2023;7.95;-2.83;-10.78
25/04/2023;7.93;-3.33;-11.26
26/04/2023;7.91;0.86;-7.05
27/04/2023;7.88;1.8;-6.08
28/04/2023;7.86;1.04;-6.82
29/04/2023;7.84;4.11;-3.73
30/04/2023;7.82;3.8;-4.02
01/05/2023;7.8;5.38;-2.42
02/05/2023;7.77;5.36;-2.41
03/05/2023;-6.49;-12.17;-5.68
04/05/2023;-6.54;-9.35;-2.81
05/05/2023;-6.59;-10.37;-3.78
06/05/2023;-6.65;-10.51;-3.86
07/05/2023;-6.71;-9.03;-2.32
08/05/2023;-6.78;-9.7;-2.92
09/05/2023;-6.85;-9.37;-2.52
10/05/2023;-6.93;-10.53;-3.6
11/05/2023;-7.01;-11.06;-4.05
12/05/2023;-7.1;-11.51;-4.41
13/05/2023;-7.18;-12.51;-5.33
14/05/2023;-7.27;-13.86;-6.59
15/05/2023;-7.36;-15.77;-8.41
16/05/2023;-7.45;-16.91;-9.46
17/05/2023;-7.54;-19.41;-11.87
18/05/2023;-7.63;-19.88;-12.25
19/05/2023;-7.72;-21.19;-13.47
20/05/2023;-7.81;-22.62;-14.81
21/05/2023;-7.9;-21.12;-13.22
22/05/2023;-7.99;-21.12;-13.13
23/05/2023;-8.08;-18.26;-10.18
24/05/2023;-8.17;-14.37;-6.2
25/05/2023;-8.25;-12.57;-4.32
26/05/2023;-8.33;-12.4;-4.07
27/05/2023;-8.42;-11.88;-3.46
28/05/2023;-8.49;-12.36;-3.87
29/05/2023;-8.57;-11.29;-2.72
30/05/2023;-8.64;-11.3;-2.66
31/05/2023;-8.72;-10.81;-2.09
01/06/2023;-8.79;-11.48;-2.69
02/06/2023;-8.85;-11.25;-2.4
03/06/2023;-8.92;-11.15;-2.23
04/06/2023;-8.98;-11.15;-2.17
05/06/2023;-9.04;-17.5;-8.46
06/06/2023;-9.09;-17.06;-7.97
07/06/2023;-9.14;-16.08;-6.94
08/06/2023;-9.2;-15.34;-6.14
09/06/2023;-9.24;-16.6;-7.36
10/06/2023;-9.29;-15.81;-6.52
11/06/2023;-9.33;-15.06;-5.73
12/06/2023;-9.37;-15.24;-5.87
13/06/2023;-9.41;-13.68;-4.27
14/06/2023;-9.44;-12.92;-3.48
15/06/2023;-9.48;-11.63;-2.15
16/06/2023;-9.51;-11.06;-1.55
17/06/2023;-9.54;-10.84;-1.3
18/06/2023;-9.56;-13.61;-4.05
19/06/2023;-9.59;-14.91;-5.32
20/06/2023;-9.61;-14.92;-5.31
21/06/2023;-9.63;-16.1;-6.47
22/06/2023;-9.68;-15.81;-6.13
23/06/2023;-9.74;-15.53;-5.79
24/06/2023;-9.78;-17.43;-7.65
25/06/2023;-9.81;-18.52;-8.71
26/06/2023;-9.83;-18.52;-8.69
27/06/2023;-9.84;-19.75;-9.91
28/06/2023;-9.82;-20.33;-10.51
29/06/2023;-9.79;-18.83;-9.04
30/06/2023;-9.76;-14.64;-4.88
01/07/2023;-9.73;-14.7;-4.97
02/07/2023;-9.71;-15.46;-5.75
03/07/2023;-9.69;-13.89;-4.2
04/07/2023;-9.68;-16.2;-6.52
05/07/2023;-9.67;-14.62;-4.95
06/07/2023;-9.68;-14.64;-4.96
07/07/2023;9.29;-4.17;-13.46
08/07/2023;8.88;-1.85;-10.73
09/07/2023;8.5;-2.87;-11.37
10/07/2023;8.16;-2.51;-10.67
11/07/2023;7.83;-1.03;-8.86
12/07/2023;7.54;-1.7;-9.24
13/07/2023;7.27;-0.37;-7.64
14/07/2023;7.02;-1.53;-8.55
15/07/2023;6.79;-2.06;-8.85
16/07/2023;6.58;-2.51;-9.09
17/07/2023;6.39;-3.01;-9.4
18/07/2023;6.21;-4.36;-10.57
19/07/2023;6.05;-5.27;-11.32
20/07/2023;5.91;-5.91;-11.82
21/07/2023;5.78;-5.91;-11.69
22/07/2023;5.67;-6.38;-12.05
23/07/2023;5.56;-7.69;-13.25
24/07/2023;5.47;-9.12;-14.59
25/07/2023;5.39;-9.12;-14.51
26/07/2023;5.31;-9.12;-14.43
27/07/2023;5.25;-6.26;-11.51
28/07/2023;5.19;-3.37;-8.56
29/07/2023;5.13;-1.57;-6.7
30/07/2023;5.09;-0.9;-5.99
31/07/2023;5.05;-0.88;-5.93
01/08/2023;5.01;0.14;-4.87
02/08/2023;4.98;1.21;-3.77
03/08/2023;4.95;1.2;-3.75
04/08/2023;4.92;1.69;-3.23
05/08/2023;4.9;0.02;-4.88
06/08/2023;4.88;0.25;-4.63
07/08/2023;4.86;2.35;-2.51
08/08/2023;4.84;2.35;-2.49
09/08/2023;4.82;-4.5;-9.32
10/08/2023;4.8;-4.06;-8.86
11/08/2023;4.78;-3.08;-7.86
12/08/2023;4.76;-2.34;-7.1
13/08/2023;4.74;-3.6;-8.34
14/08/2023;4.72;-2.81;-7.53
15/08/2023;4.7;-2.06;-6.76
16/08/2023;4.67;-2.74;-7.41
17/08/2023;4.65;-1.18;-5.83
18/08/2023;4.62;-0.42;-5.04
19/08/2023;4.59;1.87;-2.72
20/08/2023;4.56;2.44;-2.12
21/08/2023;4.52;2.66;-1.86
22/08/2023;4.49;0.89;-3.6
23/08/2023;4.45;-0.41;-4.86
24/08/2023;4.41;-1.92;-6.33
25/08/2023;4.37;-3.1;-7.47
26/08/2023;4.32;-2.81;-7.13
27/08/2023;4.27;-2.53;-6.8
28/08/2023;4.23;-1.93;-6.16
29/08/2023;4.19;-3.52;-7.71
30/08/2023;4.14;-3.02;-7.16
31/08/2023;4.09;-4.25;-8.34
01/09/2023;4.03;-4.83;-8.86
02/09/2023;3.97;-3.83;-7.8
03/09/2023;3.91;0.36;-3.55
04/09/2023;3.84;0.8;-3.04
05/09/2023;3.76;0.04;-3.72
06/09/2023;3.68;1.61;-2.07
07/09/2023;3.6;-0.2;-3.8
08/09/2023;3.51;1.38;-2.13
09/09/2023;3.43;0.36;-3.07
10/09/2023;14.63;6.83;-7.8
11/09/2023;14.23;7.65;-6.58
12/09/2023;13.87;6.63;-7.24
13/09/2023;13.54;6.49;-7.05
14/09/2023;13.23;7.97;-5.26
15/09/2023;12.95;7.3;-5.65
16/09/2023;12.7;7.63;-5.07
17/09/2023;12.47;6.97;-5.5
18/09/2023;12.26;6.94;-5.32
19/09/2023;12.07;4.99;-7.08
20/09/2023;11.89;3.99;-7.9
21/09/2023;11.73;2.64;-9.09
22/09/2023;11.59;1.23;-10.36
23/09/2023;11.46;-0.41;-11.87
24/09/2023;11.35;-0.41;-11.76
25/09/2023;11.24;-0.88;-12.12
26/09/2023;11.14;-2.19;-13.33
27/09/2023;11.06;-3.62;-14.68
28/09/2023;10.98;-3.62;-14.6
29/09/2023;10.9;-3.62;-14.52
30/09/2023;10.84;-0.76;-11.6
01/10/2023;10.78;3.13;-7.65
02/10/2023;10.72;4.93;-5.79
03/10/2023;10.66;5.6;-5.06
04/10/2023;10.61;6.12;-4.49
05/10/2023;10.56;7.14;-3.42
06/10/2023;10.51;8.21;-2.3
07/10/2023;10.47;7.7;-2.77
08/10/2023;10.42;8.69;-1.73
09/10/2023;10.37;7.52;-2.85
10/10/2023;10.33;7.75;-2.58
11/10/2023;10.28;7.85;-2.43
12/10/2023;10.23;7.85;-2.38
13/10/2023;10.18;1;-9.18
14/10/2023;10.12;1.44;-8.68
15/10/2023;10.07;2.42;-7.65
16/10/2023;10.01;4.66;-5.35
17/10/2023;9.95;3.4;-6.55
18/10/2023;9.89;4.19;-5.7
19/10/2023;9.83;4.94;-4.89
20/10/2023;9.76;4.26;-5.5
21/10/2023;9.69;5.32;-4.37
22/10/2023;9.62;6.58;-3.04
23/10/2023;9.55;7.37;-2.18
24/10/2023;9.47;7.94;-1.53
25/10/2023;9.39;8.16;-1.23
26/10/2023;9.31;5.39;-3.92
27/10/2023;9.22;4.09;-5.13
28/10/2023;9.13;4.08;-5.05
29/10/2023;9.04;2.9;-6.14
30/10/2023;8.96;5.19;-3.77
31/10/2023;8.88;5.47;-3.41
01/11/2023;8.81;3.07;-5.74
02/11/2023;8.74;1.98;-6.76
03/11/2023;8.66;3.48;-5.18
04/11/2023;8.57;2.25;-6.32
05/11/2023;8.47;1.67;-6.8
06/11/2023;8.36;1.67;-6.69
07/11/2023;8.25;5.86;-2.39
08/11/2023;8.14;7.8;-0.34
09/11/2023;8.01;7.04;-0.97
10/11/2023;7.88;8.61;0.73
11/11/2023;7.76;8.3;0.54
12/11/2023;7.63;9.88;2.25
13/11/2023;7.51;9.86;2.35
14/11/2023;-0.12;-6.67;-6.55
15/11/2023;-0.11;-4.85;-4.74
16/11/2023;-0.09;-5.87;-5.78
17/11/2023;-0.08;-5.51;-5.43
18/11/2023;-0.06;-5.53;-5.47
19/11/2023;-0.05;-6.2;-6.15
20/11/2023;-0.04;-6.37;-6.33
21/11/2023;-0.03;-8.53;-8.5
22/11/2023;-0.02;-8.06;-8.04
23/11/2023;-0.01;-8.51;-8.5
24/11/2023;0;-8.51;-8.51
25/11/2023;0.01;-11.36;-11.37
26/11/2023;0.02;-12.27;-12.29
27/11/2023;0.02;-11.91;-11.93
28/11/2023;0.03;-11.91;-11.94
29/11/2023;0.04;-12.38;-12.42
30/11/2023;0.05;-13.69;-13.74
01/12/2023;0.05;-14.12;-14.17
02/12/2023;0.06;-14.62;-14.68
03/12/2023;0.06;-14.62;-14.68
04/12/2023;0.07;-11.76;-11.83
05/12/2023;0.08;-7.37;-7.45
06/12/2023;0.08;-6.07;-6.15
07/12/2023;0.09;-5.9;-5.99
08/12/2023;0.1;-5.38;-5.48
09/12/2023;0.1;-5.86;-5.96
10/12/2023;0.11;-4.79;-4.9
11/12/2023;0.12;-4.8;-4.92
12/12/2023;0.12;-5.31;-5.43
13/12/2023;0.13;-5.48;-5.61
14/12/2023;0.14;-5.25;-5.39
15/12/2023;0.15;-5.15;-5.3
16/12/2023;0.16;-5.15;-5.31
17/12/2023;0.17;-12;-12.17
18/12/2023;0.17;-9.56;-9.73
19/12/2023;0.18;-8.58;-8.76
20/12/2023;0.19;-7.34;-7.53
21/12/2023;0.2;-10.6;-10.8
22/12/2023;0.21;-10.31;-10.52
23/12/2023;0.22;-9.56;-9.78
24/12/2023;0.23;-10.24;-10.47
25/12/2023;0.25;-8.68;-8.93
26/12/2023;0.26;-8.42;-8.68
27/12/2023;0.27;-7.13;-7.4
28/12/2023;0.28;-6.06;-6.34
29/12/2023;0.29;-5.84;-6.13
30/12/2023;0.3;-8.61;-8.91
31/12/2023;0.32;-9.91;-10.23
01/01/2024;0.33;-9.92;-10.25
02/01/2024;0.34;-11.1;-11.44
03/01/2024;0.36;-7.81;-8.17
04/01/2024;0.37;-7.53;-7.9
05/01/2024;0.38;-11.43;-11.81
06/01/2024;0.4;-12.52;-12.92
07/01/2024;0.41;-12.52;-12.93
08/01/2024;0.43;-13.75;-14.18
09/01/2024;0.44;-14.33;-14.77
10/01/2024;0.45;-14.33;-14.78
11/01/2024;0.46;-4.64;-5.1
12/01/2024;0.48;-3.7;-4.18
13/01/2024;0.49;-6.46;-6.95
14/01/2024;0.5;-5.89;-6.39
15/01/2024;0.51;-6.2;-6.71
16/01/2024;0.52;-4.62;-5.14
17/01/2024;0.53;-4.64;-5.17
18/01/2024;-2.79;-8.17;-5.38
19/01/2024;-2.93;-4.85;-1.92
20/01/2024;-3.07;-5.87;-2.8
21/01/2024;-3.19;-5.51;-2.32
22/01/2024;-3.32;-6.53;-3.21
23/01/2024;-3.44;-7.2;-3.76
24/01/2024;-3.55;-6.87;-3.32
25/01/2024;-3.65;-8.03;-4.38
26/01/2024;-3.75;-9.06;-5.31
27/01/2024;-3.85;-9.51;-5.66
28/01/2024;-3.94;-9.51;-5.57
29/01/2024;-4.03;-12.36;-8.33
30/01/2024;-4.11;-13.77;-9.66
31/01/2024;-4.19;-14.91;-10.72
01/02/2024;-4.26;-14.91;-10.65
02/02/2024;-4.33;-15.38;-11.05
03/02/2024;-4.39;-16.69;-12.3
04/02/2024;-4.45;-18.12;-13.67
05/02/2024;-4.51;-18.12;-13.61
06/02/2024;-4.56;-14.62;-10.06
07/02/2024;-4.61;-11.76;-7.15
08/02/2024;-4.66;-9.37;-4.71
09/02/2024;-4.7;-8.57;-3.87
10/02/2024;-4.74;-7.9;-3.16
11/02/2024;-4.78;-7.38;-2.6
12/02/2024;-4.81;-8.86;-4.05
13/02/2024;-4.84;-7.79;-2.95
14/02/2024;-4.87;-6.8;-1.93
15/02/2024;-4.9;-7.31;-2.41
16/02/2024;-4.92;-7.98;-3.06
17/02/2024;-4.95;-7.75;-2.8
18/02/2024;-4.97;-7.65;-2.68
19/02/2024;-4.99;-7.65;-2.66
20/02/2024;-5.01;-13.5;-8.49
21/02/2024;-5.02;-13.06;-8.04
22/02/2024;-5.04;-12.08;-7.04
23/02/2024;-5.05;-11.84;-6.79
24/02/2024;-5.07;-13.1;-8.03
25/02/2024;-5.08;-12.31;-7.23
26/02/2024;-5.09;-11.56;-6.47
27/02/2024;-5.1;-11.74;-6.64
28/02/2024;-5.11;-10.18;-5.07
29/02/2024;-5.12;-9.42;-4.3
01/03/2024;-5.13;-8.13;-3
02/03/2024;-5.14;-6.56;-1.42
03/03/2024;-5.15;-6.34;-1.19
04/03/2024;-5.16;-9.61;-4.45
05/03/2024;-5.17;-10.91;-5.74
06/03/2024;-5.18;-10.92;-5.74
07/03/2024;-5.19;-12.1;-6.91
08/03/2024;-5.2;-10.31;-5.11
09/03/2024;-5.22;-10.03;-4.81
10/03/2024;-5.23;-13.93;-8.7
11/03/2024;-5.24;-15.02;-9.78
12/03/2024;-5.26;-15.02;-9.76
13/03/2024;-5.27;-16.25;-10.98
14/03/2024;-5.29;-16.83;-11.54
15/03/2024;-5.3;-16.83;-11.53
16/03/2024;-5.32;-10.14;-4.82
17/03/2024;-5.33;-9.2;-3.87
18/03/2024;-5.35;-12.46;-7.11
19/03/2024;-5.37;-10.89;-5.52
20/03/2024;-5.38;-13.7;-8.32
21/03/2024;-5.4;-12.12;-6.72
22/03/2024;-5.42;-12.14;-6.72
23/03/2024;11.59;0.83;-10.76
24/03/2024;11.31;2.65;-8.66
25/03/2024;11.06;5.13;-5.93
26/03/2024;10.83;5.49;-5.34
27/03/2024;10.61;3.47;-7.14
28/03/2024;10.42;2.8;-7.62
29/03/2024;10.24;3.63;-6.61
30/03/2024;10.08;1.97;-8.11
31/03/2024;9.93;1.94;-7.99
01/04/2024;9.79;1.49;-8.3
02/04/2024;9.67;-0.01;-9.68
03/04/2024;9.56;-1.36;-10.92
04/04/2024;9.46;-2.27;-11.73
05/04/2024;9.37;-1.91;-11.28
06/04/2024;9.3;-1.41;-10.71
07/04/2024;9.23;-1.88;-11.11
08/04/2024;9.17;-3.19;-12.36
09/04/2024;9.11;-3.62;-12.73
10/04/2024;9.07;-3.87;-12.94
11/04/2024;9.03;-3.87;-12.9
12/04/2024;8.99;-1.01;-10
13/04/2024;8.96;1.38;-7.58
14/04/2024;8.94;3.18;-5.76
15/04/2024;8.92;3.85;-5.07
16/04/2024;8.9;4.37;-4.53
17/04/2024;8.89;2.14;-6.75
18/04/2024;8.88;3.21;-5.67
19/04/2024;8.87;3.7;-5.17
20/04/2024;8.86;4.19;-4.67
21/04/2024;8.86;0.02;-8.84
22/04/2024;8.86;0.25;-8.61
23/04/2024;8.85;3.35;-5.5
24/04/2024;8.85;3.35;-5.5
25/04/2024;8.85;-3.5;-12.35
26/04/2024;8.85;-0.31;-9.16
27/04/2024;8.85;0.67;-8.18
28/04/2024;8.85;1.91;-6.94
29/04/2024;8.84;0.65;-8.19
30/04/2024;8.84;1.44;-7.4
01/05/2024;8.84;-2.06;-10.9
02/05/2024;8.83;-3.74;-12.57
03/05/2024;8.83;-2.18;-11.01
04/05/2024;8.82;-1.42;-10.24
05/05/2024;8.81;-0.13;-8.94
06/05/2024;8.8;3.94;-4.86
07/05/2024;8.79;4.16;-4.63
08/05/2024;8.78;-0.11;-8.89
09/05/2024;8.77;-1.41;-10.18
10/05/2024;8.75;-1.42;-10.17
11/05/2024;8.73;-2.6;-11.33
12/05/2024;8.72;0.69;-8.03
13/05/2024;8.7;0.97;-7.73
14/05/2024;8.68;-0.93;-9.61
15/05/2024;8.66;-2.02;-10.68
16/05/2024;8.64;-1.02;-9.66
17/05/2024;8.61;-2.25;-10.86
18/05/2024;8.59;-2.83;-11.42
19/05/2024;8.56;-2.83;-11.39
20/05/2024;8.53;1.36;-7.17
21/05/2024;8.5;1.8;-6.7
22/05/2024;8.46;1.04;-7.42
23/05/2024;8.42;1.11;-7.31
24/05/2024;8.38;0.8;-7.58
25/05/2024;8.34;1.38;-6.96
26/05/2024;8.3;1.36;-6.94
27/05/2024;5.68;-1.67;-7.35
28/05/2024;5.49;0.15;-5.34
29/05/2024;5.31;-0.87;-6.18
30/05/2024;5.14;-0.51;-5.65
31/05/2024;4.99;-3.03;-8.02
01/06/2024;4.86;-3.7;-8.56
02/06/2024;4.74;-3.37;-8.11
03/06/2024;4.64;-6.53;-11.17
04/06/2024;4.54;-7.56;-12.1
05/06/2024;4.46;-8.01;-12.47
06/06/2024;4.38;-7.51;-11.89
07/06/2024;4.32;-8.86;-13.18
08/06/2024;4.26;-9.77;-14.03
09/06/2024;4.21;-10.91;-15.12
10/06/2024;4.17;-10.91;-15.08
11/06/2024;4.13;-11.38;-15.51
12/06/2024;4.1;-12.69;-16.79
13/06/2024;4.08;-14.12;-18.2
14/06/2024;4.06;-14.12;-18.18
15/06/2024;4.04;-14.12;-18.16
16/06/2024;4.03;-11.26;-15.29
17/06/2024;4.02;-9.37;-13.39
18/06/2024;4.01;-7.57;-11.58
19/06/2024;4.01;-6.9;-10.91
20/06/2024;4;-6.38;-10.38
21/06/2024;4;-6.86;-10.86
22/06/2024;4;-5.79;-9.79
23/06/2024;4;-5.3;-9.3
24/06/2024;4;-5.31;-9.31
25/06/2024;4;-6.48;-10.48
26/06/2024;4;-6.25;-10.25
27/06/2024;4;-5.65;-9.65
28/06/2024;4.01;-5.65;-9.66
29/06/2024;4;-12.5;-16.5
30/06/2024;4;-12.06;-16.06
01/07/2024;4;-11.08;-15.08
02/07/2024;4;-9.84;-13.84
03/07/2024;3.99;-11.1;-15.09
04/07/2024;3.99;-10.31;-14.3
05/07/2024;3.98;-9.56;-13.54
06/07/2024;3.98;-10.74;-14.72
07/07/2024;3.97;-9.18;-13.15
08/07/2024;3.96;-8.42;-12.38
09/07/2024;3.94;-6.13;-10.07
10/07/2024;3.93;-5.06;-8.99
11/07/2024;3.92;-4.84;-8.76
12/07/2024;3.9;-7.11;-11.01
13/07/2024;3.89;-8.41;-12.3
14/07/2024;3.87;-8.42;-12.29
15/07/2024;3.85;-9.6;-13.45
16/07/2024;3.83;-8.31;-12.14
17/07/2024;3.82;-9.03;-12.85
18/07/2024;3.8;-8.93;-12.73
19/07/2024;3.79;-10.02;-13.81
20/07/2024;3.77;-10.02;-13.79
21/07/2024;3.75;-11.25;-15
22/07/2024;3.72;-11.83;-15.55
23/07/2024;3.69;-10.83;-14.52
24/07/2024;3.67;-6.64;-10.31
25/07/2024;3.64;-5.7;-9.34
26/07/2024;3.61;-6.46;-10.07
27/07/2024;3.58;-5.39;-8.97
28/07/2024;3.55;-5.7;-9.25
29/07/2024;3.52;-4.12;-7.64
30/07/2024;3.49;-4.14;-7.63
31/07/2024;731.04;748.75;17.71
01/08/2024;732.29;735;2.71
02/08/2024;733.6;750.5;16.9
03/08/2024;734.96;759.75;24.79
04/08/2024;736.36;756.5;20.14
05/08/2024;737.81;757.75;19.94
06/08/2024;739.3;768.75;29.45
07/08/2024;740.83;764.5;23.67
08/08/2024;742.38;776.25;33.87
09/08/2024;743.96;783.5;39.54
10/08/2024;745.56;790.25;44.69
11/08/2024;747.17;790.25;43.08
12/08/2024;748.8;813.25;64.45
13/08/2024;750.44;804;53.56
14/08/2024;752.09;815.75;63.66
15/08/2024;753.74;799.25;45.51
16/08/2024;755.4;793;37.6
17/08/2024;757.06;800.25;43.19
18/08/2024;758.71;803.25;44.54
19/08/2024;760.36;803.25;42.89
20/08/2024;762.01;816;53.99
21/08/2024;763.64;818.25;54.61
22/08/2024;765.27;813;47.73
23/08/2024;766.89;800.75;33.86
24/08/2024;768.49;798.5;30.01
25/08/2024;770.08;803.75;33.67
26/08/2024;771.66;792.25;20.59
27/08/2024;773.22;784.5;11.28
28/08/2024;774.77;786.5;11.73
29/08/2024;776.3;802.25;25.95
30/08/2024;777.82;813.5;35.68
31/08/2024;779.32;794.5;15.18
01/09/2024;780.8;809.5;28.7
02/09/2024;782.26;800.75;18.49
03/09/2024;783.71;781.5;-2.21
04/09/2024;785.13;783.25;-1.88
05/09/2024;786.54;778.75;-7.79
06/09/2024;787.94;786.25;-1.69
07/09/2024;789.31;771.75;-17.56
08/09/2024;790.67;772.25;-18.42
09/09/2024;792.01;765;-27.01
10/09/2024;793.33;777.25;-16.08
11/09/2024;794.64;777.25;-17.39
12/09/2024;795.92;753.5;-42.42
13/09/2024;797.2;731.25;-65.95
14/09/2024;798.45;730.25;-68.2
15/09/2024;799.69;727;-72.69
16/09/2024;800.91;742.5;-58.41
17/09/2024;802.12;757;-45.12
18/09/2024;803.31;764.5;-38.81
19/09/2024;804.61;773;-31.61
20/09/2024;805.95;773.25;-32.7
21/09/2024;807.33;769.25;-38.08
22/09/2024;808.66;768.25;-40.41
23/09/2024;809.98;774;-35.98
24/09/2024;811.25;788.25;-23
25/09/2024;812.45;784.5;-27.95
26/09/2024;813.44;784.5;-28.94
27/09/2024;814.34;760.75;-53.59
28/09/2024;815.21;768;-47.21
29/09/2024;816.09;746.75;-69.34
30/09/2024;816.99;750.25;-66.74
01/10/2024;817.88;744.25;-73.63
02/10/2024;818.77;759.5;-59.27
03/10/2024;819.68;770.25;-49.43
04/10/2024;820.6;743.75;-76.85
05/10/2024;744.35;735;-9.35
06/10/2024;745.41;750.5;5.09
07/10/2024;746.56;759.75;13.19
08/10/2024;747.81;756.5;8.69
09/10/2024;749.14;757.75;8.61
10/10/2024;750.54;768.75;18.21
11/10/2024;752.01;764.5;12.49
12/10/2024;753.54;776.25;22.71
13/10/2024;755.12;783.5;28.38
14/10/2024;756.74;790.25;33.51
15/10/2024;758.41;790.25;31.84
16/10/2024;760.11;813.25;53.14
17/10/2024;761.84;804;42.16
18/10/2024;763.59;815.75;52.16
19/10/2024;765.36;799.25;33.89
20/10/2024;767.15;793;25.85
21/10/2024;768.94;800.25;31.31
22/10/2024;770.74;803.25;32.51
23/10/2024;772.55;803.25;30.7
24/10/2024;774.35;816;41.65
25/10/2024;776.16;818.25;42.09
26/10/2024;777.95;813;35.05
27/10/2024;779.74;800.75;21.01
28/10/2024;781.51;798.5;16.99
29/10/2024;783.28;803.75;20.47
30/10/2024;785.02;792.25;7.23
31/10/2024;786.76;784.5;-2.26
01/11/2024;788.47;786.5;-1.97
02/11/2024;790.16;802.25;12.09
03/11/2024;791.84;813.5;21.66
04/11/2024;793.49;794.5;1.01
05/11/2024;795.12;809.5;14.38
06/11/2024;796.72;800.75;4.03
07/11/2024;798.31;781.5;-16.81
08/11/2024;799.87;783.25;-16.62
09/11/2024;801.4;778.75;-22.65
10/11/2024;802.91;786.25;-16.66
11/11/2024;804.4;771.75;-32.65
12/11/2024;805.87;772.25;-33.62
13/11/2024;807.3;765;-42.3
14/11/2024;808.72;777.25;-31.47
15/11/2024;810.11;777.25;-32.86
16/11/2024;811.48;753.5;-57.98
17/11/2024;812.83;731.25;-81.58
18/11/2024;814.15;730.25;-83.9
19/11/2024;815.45;727;-88.45
20/11/2024;816.73;742.5;-74.23
21/11/2024;817.99;757;-60.99
22/11/2024;819.23;764.5;-54.73
23/11/2024;820.45;773;-47.45
24/11/2024;821.83;773.25;-48.58
25/11/2024;823.26;769.25;-54.01
26/11/2024;824.65;768.25;-56.4
27/11/2024;826.02;774;-52.02
28/11/2024;827.39;788.25;-39.14
29/11/2024;828.71;784.5;-44.21
30/11/2024;829.84;784.5;-45.34
01/12/2024;830.84;760.75;-70.09
02/12/2024;831.77;768;-63.77
03/12/2024;832.67;746.75;-85.92
04/12/2024;833.55;750.25;-83.3
05/12/2024;834.42;744.25;-90.17
06/12/2024;835.29;759.5;-75.79
07/12/2024;836.16;770.25;-65.91
08/12/2024;837.05;743.75;-93.3
09/12/2024;-1.58;-0.89;0.69
10/12/2024;-1.58;-1.44;0.14
11/12/2024;-1.58;-3.47;-1.89
12/12/2024;-1.57;-4.28;-2.71
13/12/2024;-1.56;-5.06;-3.5
14/12/2024;-1.55;-5.32;-3.77
15/12/2024;-1.54;-4.78;-3.24
16/12/2024;-1.53;-5.73;-4.2
17/12/2024;-1.52;-6.82;-5.3
18/12/2024;-1.5;-11.26;-9.76
19/12/2024;-1.49;-11.26;-9.77
20/12/2024;-1.47;-12.89;-11.42
21/12/2024;-1.45;-12.16;-10.71
22/12/2024;-1.44;-12.56;-11.12
23/12/2024;-1.42;-10.76;-9.34
24/12/2024;-1.4;-12.58;-11.18
25/12/2024;-1.39;-18.2;-16.81
26/12/2024;-1.37;-18.54;-17.17
27/12/2024;-1.35;-20.86;-19.51
28/12/2024;-1.33;-21.26;-19.93
29/12/2024;-1.32;-22.1;-20.78
30/12/2024;-1.3;-21.48;-20.18
31/12/2024;-1.28;-20.04;-18.76
01/01/2025;-1.27;-18.8;-17.53
02/01/2025;-1.25;-23.44;-22.19
03/01/2025;-1.23;-23.07;-21.84
04/01/2025;-1.22;-23.63;-22.41
05/01/2025;-1.21;-23.38;-22.17
06/01/2025;-1.19;-25.37;-24.18
07/01/2025;-1.18;-25.17;-23.99
08/01/2025;-1.17;-21.47;-20.3
09/01/2025;-1.15;-23.26;-22.11
10/01/2025;-1.14;-22.21;-21.07
11/01/2025;-1.13;-17.77;-16.64
12/01/2025;-1.12;-17.25;-16.13
13/01/2025;-1.11;-15.77;-14.66
14/01/2025;-1.1;-15.39;-14.29
15/01/2025;-1.09;-13.85;-12.76
16/01/2025;-1.08;-14.05;-12.97
17/01/2025;-1.08;-12.16;-11.08
18/01/2025;-1.07;-12.87;-11.8
19/01/2025;-1.06;-13.27;-12.21
20/01/2025;-1.05;-10.27;-9.22
21/01/2025;-1.05;-9.68;-8.63
22/01/2025;-1.04;-9.24;-8.2
23/01/2025;-1.03;-8.5;-7.47
24/01/2025;-1.02;-10.08;-9.06
25/01/2025;-1.02;-13.1;-12.08
26/01/2025;-1.01;-14.47;-13.46
27/01/2025;-1;-15.59;-14.59
28/01/2025;-0.99;-17.08;-16.09
29/01/2025;-0.98;-16.61;-15.63
30/01/2025;-0.97;-21.35;-20.38
31/01/2025;-0.96;-20.95;-19.99
01/02/2025;-0.95;-22.65;-21.7
02/02/2025;-0.95;-23.99;-23.04
03/02/2025;-0.94;-24.68;-23.74
04/02/2025;-0.93;-20.14;-19.21
05/02/2025;-0.92;-22.24;-21.32
06/02/2025;-0.91;-20.92;-20.01
07/02/2025;-0.9;-21.41;-20.51
08/02/2025;-0.88;-20.09;-19.21
09/02/2025;-0.87;-22.54;-21.67
10/02/2025;-0.85;-22.29;-21.44
11/02/2025;-0.83;-20.34;-19.51
12/02/2025;14.88;5.61;-9.27
13/02/2025;14.93;5.06;-9.87
14/02/2025;14.98;5.03;-9.95
15/02/2025;15.02;3.72;-11.3
16/02/2025;15.06;2.94;-12.12
17/02/2025;15.1;2.67;-12.43
18/02/2025;15.14;3.22;-11.92
19/02/2025;15.17;2.27;-12.9
20/02/2025;15.21;1.18;-14.03
21/02/2025;15.24;-1.76;-17
22/02/2025;15.27;-1.76;-17.03
23/02/2025;15.3;-3.39;-18.69
24/02/2025;15.33;-2.66;-17.99
25/02/2025;15.36;-3.06;-18.42
26/02/2025;15.39;-0.26;-15.65
27/02/2025;15.41;0.42;-14.99
28/02/2025;15.44;-5.2;-20.64
01/03/2025;15.47;-5.54;-21.01
02/03/2025;15.5;-7.86;-23.36
03/03/2025;15.53;-8.26;-23.79
04/03/2025;15.55;-9.1;-24.65
05/03/2025;15.58;-5.48;-21.06
06/03/2025;15.61;-4.04;-19.65
07/03/2025;15.64;-2.8;-18.44
08/03/2025;15.67;-5.94;-21.61
09/03/2025;15.7;-5.57;-21.27
10/03/2025;15.74;-6.13;-21.87
11/03/2025;15.77;-5.88;-21.65
12/03/2025;15.8;-8.87;-24.67
13/03/2025;15.84;-11.17;-27.01
14/03/2025;15.87;-7.47;-23.34
15/03/2025;15.91;-7.76;-23.67
16/03/2025;15.95;-6.71;-22.66
17/03/2025;15.98;-2.77;-18.75
18/03/2025;16.02;0.25;-15.77
19/03/2025;16.06;1.73;-14.33
20/03/2025;16.1;1.61;-14.49
21/03/2025;16.14;3.15;-12.99
22/03/2025;16.19;1.95;-14.24
23/03/2025;16.23;3.84;-12.39
24/03/2025;16.27;2.63;-13.64
25/03/2025;16.32;2.23;-14.09
26/03/2025;16.36;5.23;-11.13
27/03/2025;16.41;5.82;-10.59
28/03/2025;16.45;5.26;-11.19
29/03/2025;16.5;7;-9.5
30/03/2025;16.55;4.92;-11.63
31/03/2025;16.6;0.9;-15.7
01/04/2025;16.64;-0.47;-17.11
02/04/2025;16.69;-1.59;-18.28
03/04/2025;16.74;-2.08;-18.82
04/04/2025;16.79;-1.61;-18.4
05/04/2025;16.84;-5.35;-22.19
06/04/2025;16.88;-4.45;-21.33
07/04/2025;16.93;-6.65;-23.58
08/04/2025;16.98;-7.99;-24.97
09/04/2025;17.03;-8.68;-25.71
10/04/2025;17.08;-4.14;-21.22
11/04/2025;17.12;-6.24;-23.36
12/04/2025;17.17;-4.42;-21.59
13/04/2025;17.22;-4.91;-22.13
14/04/2025;17.27;-5.09;-22.36
15/04/2025;17.31;-7.54;-24.85
16/04/2025;17.36;-7.29;-24.65
17/04/2025;17.4;-5.34;-22.74
18/04/2025;12.23;15.11;2.88
19/04/2025;12.34;14.56;2.22
20/04/2025;12.45;12.53;0.08
21/04/2025;12.54;11.72;-0.82
22/04/2025;12.63;7.44;-5.19
23/04/2025;12.72;7.18;-5.54
24/04/2025;12.79;7.72;-5.07
25/04/2025;12.86;6.77;-6.09
26/04/2025;12.93;5.68;-7.25
27/04/2025;13;4.74;-8.26
28/04/2025;13.06;4.74;-8.32
29/04/2025;13.12;1.11;-12.01
30/04/2025;13.19;1.84;-11.35
01/05/2025;13.25;1.44;-11.81
02/05/2025;13.31;3.24;-10.07
03/05/2025;13.38;3.92;-9.46
04/05/2025;13.44;-1.7;-15.14
05/05/2025;13.51;-2.04;-15.55
06/05/2025;13.58;-4.36;-17.94
07/05/2025;13.65;-4.76;-18.41
08/05/2025;13.73;-4.6;-18.33
09/05/2025;13.81;-3.98;-17.79
10/05/2025;13.89;-0.04;-13.93
11/05/2025;13.98;1.21;-12.77
12/05/2025;14.07;-1.44;-15.51
13/05/2025;14.16;-1.07;-15.23
14/05/2025;14.26;-1.63;-15.89
15/05/2025;14.36;-1.38;-15.74
16/05/2025;14.47;-4.87;-19.34
17/05/2025;14.58;-6.17;-20.75
18/05/2025;14.69;-1.47;-16.16
19/05/2025;14.81;-3.26;-18.07
20/05/2025;14.93;-1.21;-16.14
21/05/2025;15.05;2.73;-12.32
22/05/2025;15.18;3.25;-11.93
23/05/2025;15.31;4.73;-10.58
24/05/2025;15.44;5.11;-10.33
25/05/2025;15.58;6.65;-8.93
26/05/2025;15.72;6.45;-9.27
27/05/2025;15.86;8.34;-7.52
28/05/2025;16;7.63;-8.37
29/05/2025;16.14;5.24;-10.9
30/05/2025;16.29;8.98;-7.31
31/05/2025;16.43;10.32;-6.11
01/06/2025;16.58;10.76;-5.82
02/06/2025;16.72;11;-5.72
03/06/2025;16.87;8.92;-7.95
04/06/2025;17.02;5.4;-11.62
05/06/2025;17.16;4.03;-13.13
06/06/2025;17.31;2.91;-14.4
07/06/2025;17.44;2.42;-15.02
08/06/2025;17.57;2.89;-14.68
09/06/2025;17.71;-1.35;-19.06
10/06/2025;17.83;0.05;-17.78
11/06/2025;17.96;-1.65;-19.61
12/06/2025;18.08;-3.99;-22.07
13/06/2025;18.2;-4.68;-22.88
14/06/2025;18.32;0.36;-17.96
15/06/2025;18.44;-1.74;-20.18
16/06/2025;18.55;0.08;-18.47
17/06/2025;18.65;-0.41;-19.06
18/06/2025;18.76;1.91;-16.85
19/06/2025;18.86;-0.54;-19.4
20/06/2025;18.95;-0.29;-19.24
21/06/2025;19.05;1.67;-17.38
22/06/2025;5.24;-1.39;-6.63
23/06/2025;5.22;-1.44;-6.66
24/06/2025;5.21;-3.47;-8.68
25/06/2025;5.2;-4.28;-9.48
26/06/2025;5.19;-7.06;-12.25
27/06/2025;5.18;-7.32;-12.5
28/06/2025;5.18;-6.28;-11.46
29/06/2025;5.17;-7.23;-12.4
30/06/2025;5.17;-8.32;-13.49
01/07/2025;5.16;-9.26;-14.42
02/07/2025;5.16;-9.26;-14.42
03/07/2025;5.16;-12.39;-17.55
04/07/2025;5.16;-11.66;-16.82
05/07/2025;5.16;-11.06;-16.22
06/07/2025;5.16;-9.26;-14.42
07/07/2025;5.15;-8.58;-13.73
08/07/2025;5.15;-14.2;-19.35
09/07/2025;5.15;-14.54;-19.69
10/07/2025;5.15;-16.86;-22.01
11/07/2025;5.15;-17.26;-22.41
12/07/2025;5.15;-18.1;-23.25
13/07/2025;5.14;-17.48;-22.62
14/07/2025;5.14;-11.54;-16.68
15/07/2025;5.14;-10.3;-15.44
16/07/2025;5.14;-13.44;-18.58
17/07/2025;5.13;-13.07;-18.2
18/07/2025;5.13;-13.63;-18.76
19/07/2025;5.12;-13.38;-18.5
20/07/2025;5.12;-15.37;-20.49
21/07/2025;5.11;-16.67;-21.78
22/07/2025;5.11;-11.47;-16.58
23/07/2025;5.1;-13.26;-18.36
24/07/2025;5.09;-12.21;-17.3
25/07/2025;5.09;-8.27;-13.36
26/07/2025;5.08;-7.75;-12.83
27/07/2025;5.07;-6.27;-11.34
28/07/2025;5.06;-5.89;-10.95
29/07/2025;5.06;-4.35;-9.41
30/07/2025;5.05;-4.55;-9.6
31/07/2025;5.04;-2.66;-7.7
01/08/2025;5.04;-3.37;-8.41
02/08/2025;5.03;-3.77;-8.8
03/08/2025;5.02;-0.77;-5.79
04/08/2025;5.02;0.32;-4.7
05/08/2025;5.01;0.76;-4.25
06/08/2025;5.01;1.5;-3.51
07/08/2025;5;-3.58;-8.58
08/08/2025;5;-6.6;-11.6
09/08/2025;4.99;-9.47;-14.46
10/08/2025;4.99;-11.09;-16.08
11/08/2025;4.99;-12.58;-17.57
12/08/2025;5;-12.11;-17.11
13/08/2025;5;-13.85;-18.85
14/08/2025;5.01;-13.95;-18.96
15/08/2025;5.02;-15.15;-20.17
16/08/2025;5.02;-16.49;-21.51
17/08/2025;5.03;-17.18;-22.21
18/08/2025;5.04;-13.14;-18.18
19/08/2025;5.05;-13.24;-18.29
20/08/2025;5.06;-11.42;-16.48
21/08/2025;5.07;-14.41;-19.48
22/08/2025;5.09;-13.59;-18.68
23/08/2025;5.1;-18.04;-23.14
24/08/2025;5.11;-17.79;-22.9
25/08/2025;5.12;-15.84;-20.96
26/08/2025;12.97;15.11;2.14
27/08/2025;13.03;14.56;1.53
28/08/2025;13.08;12.53;-0.55
29/08/2025;13.14;11.72;-1.42
30/08/2025;13.19;10.94;-2.25
31/08/2025;13.25;10.68;-2.57
01/09/2025;13.31;11.22;-2.09
02/09/2025;13.36;10.27;-3.09
03/09/2025;13.42;9.18;-4.24
04/09/2025;13.48;6.24;-7.24
05/09/2025;13.54;6.24;-7.3
06/09/2025;13.6;4.61;-8.99
07/09/2025;13.66;5.34;-8.32
08/09/2025;13.72;4.94;-8.78
09/09/2025;13.78;6.24;-7.54
10/09/2025;13.84;6.92;-6.92
11/09/2025;13.89;1.3;-12.59
12/09/2025;13.95;0.96;-12.99
13/09/2025;14.01;-0.86;-14.87
14/09/2025;14.07;-1.26;-15.33
15/09/2025;14.13;-2.1;-16.23
16/09/2025;14.18;-1.48;-15.66
17/09/2025;14.24;-2.04;-16.28
18/09/2025;14.3;-0.8;-15.1
19/09/2025;14.35;-6.44;-20.79
20/09/2025;14.41;-6.07;-20.48
21/09/2025;14.46;-6.63;-21.09
22/09/2025;14.52;-6.38;-20.9
23/09/2025;14.57;-8.37;-22.94
24/09/2025;14.62;-9.17;-23.79
25/09/2025;14.67;-5.47;-20.14
26/09/2025;14.72;-7.26;-21.98
27/09/2025;14.77;-6.21;-20.98
28/09/2025;14.82;-2.27;-17.09
29/09/2025;14.87;-1.75;-16.62
30/09/2025;14.92;-0.27;-15.19
01/10/2025;14.97;-0.39;-15.36
02/10/2025;15.02;1.15;-13.87
03/10/2025;15.06;0.95;-14.11
04/10/2025;15.11;2.84;-12.27
05/10/2025;15.15;2.13;-13.02
06/10/2025;15.2;1.74;-13.46
07/10/2025;15.24;4.73;-10.51
08/10/2025;15.29;6.32;-8.97
09/10/2025;15.33;6.76;-8.57
10/10/2025;15.37;7.5;-7.87
11/10/2025;15.41;4.92;-10.49
12/10/2025;15.46;1.9;-13.56
13/10/2025;15.5;0.53;-14.97
14/10/2025;15.54;-0.59;-16.13
15/10/2025;15.58;-2.08;-17.66
16/10/2025;15.63;-1.61;-17.24
17/10/2025;15.67;-3.85;-19.52
18/10/2025;15.71;-3.45;-19.16
19/10/2025;15.75;-5.15;-20.9
20/10/2025;15.79;-6.49;-22.28
21/10/2025;15.83;-7.18;-23.01
22/10/2025;15.87;-3.64;-19.51
23/10/2025;15.91;-5.74;-21.65
24/10/2025;15.95;-3.92;-19.87
25/10/2025;15.99;-4.41;-20.4
26/10/2025;16.03;-2.09;-18.12
27/10/2025;16.07;-4.54;-20.61
28/10/2025;16.12;-4.29;-20.41
29/10/2025;16.16;-2.34;-18.5
30/10/2025;-0.67;-3.89;-3.22
31/10/2025;-0.71;-3.44;-2.73
01/11/2025;-0.74;-5.47;-4.73
02/11/2025;-0.77;-6.78;-6.01
03/11/2025;-0.79;-7.56;-6.77
04/11/2025;-0.82;-7.82;-7
05/11/2025;-0.84;-7.28;-6.44
06/11/2025;-0.86;-8.23;-7.37
07/11/2025;-0.88;-9.82;-8.94
08/11/2025;-0.89;-10.76;-9.87
09/11/2025;-0.91;-11.76;-10.85
10/11/2025;-0.93;-13.39;-12.46
11/11/2025;-0.94;-13.66;-12.72
12/11/2025;-0.95;-14.06;-13.11
13/11/2025;-0.97;-14.76;-13.79
14/11/2025;-0.98;-14.08;-13.1
15/11/2025;-0.99;-19.7;-18.71
16/11/2025;-1;-20.04;-19.04
17/11/2025;-1.02;-20.86;-19.84
18/11/2025;-1.03;-21.26;-20.23
19/11/2025;-1.04;-22.1;-21.06
20/11/2025;-1.05;-17.98;-16.93
21/11/2025;-1.07;-16.54;-15.47
22/11/2025;-1.08;-15.8;-14.72
23/11/2025;-1.09;-18.44;-17.35
24/11/2025;-1.1;-19.57;-18.47
25/11/2025;-1.12;-20.13;-19.01
26/11/2025;-1.13;-19.88;-18.75
27/11/2025;-1.15;-21.87;-20.72
28/11/2025;-1.16;-23.17;-22.01
29/11/2025;-1.17;-19.47;-18.3
30/11/2025;-1.19;-21.26;-20.07
01/12/2025;-1.2;-20.21;-19.01
02/12/2025;-1.22;-15.77;-14.55
03/12/2025;-1.23;-15.25;-14.02
04/12/2025;-1.25;-13.77;-12.52
05/12/2025;-1.26;-13.89;-12.63
06/12/2025;-1.28;-12.35;-11.07
07/12/2025;-1.3;-12.55;-11.25
08/12/2025;-1.31;-10.66;-9.35
09/12/2025;-1.32;-11.37;-10.05
10/12/2025;-1.34;-11.77;-10.43
11/12/2025;-1.35;-8.77;-7.42
12/12/2025;-1.37;-7.68;-6.31
13/12/2025;-1.38;-7.24;-5.86
14/12/2025;-1.39;-6.5;-5.11
15/12/2025;-1.4;-10.58;-9.18
16/12/2025;-1.41;-13.6;-12.19
17/12/2025;-1.43;-14.97;-13.54
18/12/2025;-1.43;-16.09;-14.66
19/12/2025;-1.44;-17.58;-16.14
20/12/2025;-1.45;-17.11;-15.66
21/12/2025;-1.45;-21.35;-19.9
22/12/2025;-1.46;-20.95;-19.49
23/12/2025;-1.46;-22.65;-21.19
24/12/2025;-1.46;-23.99;-22.53
25/12/2025;-1.46;-24.68;-23.22
26/12/2025;-1.46;-19.14;-17.68
27/12/2025;-1.46;-21.24;-19.78
28/12/2025;-1.45;-20.42;-18.97
29/12/2025;-1.44;-20.91;-19.47
30/12/2025;-1.43;-20.09;-18.66
31/12/2025;-1.42;-24.54;-23.12
01/01/2026;-1.42;-24.29;-22.87
02/01/2026;-1.41;-22.34;-20.93
03/01/2026;15.51;4.11;-11.4
04/01/2026;15.61;4.06;-11.55
05/01/2026;15.69;2.03;-13.66
06/01/2026;15.77;1.22;-14.55
07/01/2026;15.84;0.44;-15.4
08/01/2026;15.9;0.17;-15.73
09/01/2026;15.95;1.72;-14.23
10/01/2026;15.99;0.77;-15.22
11/01/2026;16.03;-0.82;-16.85
12/01/2026;16.07;-1.76;-17.83
13/01/2026;16.09;-2.26;-18.35
14/01/2026;16.12;-3.89;-20.01
15/01/2026;16.14;-3.16;-19.3
16/01/2026;16.16;-3.06;-19.22
17/01/2026;16.18;-1.26;-17.44
18/01/2026;16.19;-0.58;-16.77
19/01/2026;16.2;-6.2;-22.4
20/01/2026;16.22;-6.54;-22.76
21/01/2026;16.23;-8.86;-25.09
22/01/2026;16.24;-9.26;-25.5
23/01/2026;16.25;-10.1;-26.35
24/01/2026;16.26;-6.98;-23.24
25/01/2026;16.27;-5.54;-21.81
26/01/2026;16.28;-4.3;-20.58
27/01/2026;16.3;-7.44;-23.74
28/01/2026;16.31;-7.07;-23.38
29/01/2026;16.33;-7.63;-23.96
30/01/2026;16.34;-7.38;-23.72
31/01/2026;16.36;-9.37;-25.73
01/02/2026;16.39;-11.67;-28.06
02/02/2026;16.41;-7.97;-24.38
03/02/2026;16.44;-7.76;-24.2
04/02/2026;16.47;-6.71;-23.18
05/02/2026;16.5;-2.77;-19.27
06/02/2026;16.53;-2.25;-18.78
07/02/2026;16.57;-0.77;-17.34
08/02/2026;16.61;-0.89;-17.5
09/02/2026;16.65;0.65;-16
10/02/2026;16.69;0.45;-16.24
11/02/2026;16.74;2.34;-14.4
12/02/2026;16.79;1.13;-15.66
13/02/2026;16.84;0.74;-16.1
14/02/2026;16.89;3.73;-13.16
15/02/2026;16.95;5.82;-11.13
16/02/2026;17.01;6.26;-10.75
17/02/2026;17.07;7;-10.07
18/02/2026;17.13;3.92;-13.21
19/02/2026;17.2;0.9;-16.3
20/02/2026;17.27;-1.97;-19.24
21/02/2026;17.34;-3.09;-20.43
22/02/2026;17.41;-4.58;-21.99
23/02/2026;17.49;-4.11;-21.6
24/02/2026;17.57;-5.85;-23.42
25/02/2026;17.66;-5.95;-23.61
26/02/2026;17.74;-7.15;-24.89
27/02/2026;17.82;-8.49;-26.31
28/02/2026;17.9;-9.18;-27.08
01/03/2026;17.99;-4.14;-22.13
02/03/2026;18.07;-6.24;-24.31
03/03/2026;18.14;-4.92;-23.06
04/03/2026;18.22;-5.41;-23.63
05/03/2026;18.3;-4.59;-22.89
06/03/2026;18.38;-8.54;-26.92
07/03/2026;18.45;-8.29;-26.74
08/03/2026;18.52;-7.34;-25.86
09/03/2026;20.46;15.11;-5.35
10/03/2026;20.35;13.56;-6.79
11/03/2026;20.23;11.53;-8.7
12/03/2026;20.12;10.22;-9.9
13/03/2026;20;9.44;-10.56
14/03/2026;19.89;9.18;-10.71
15/03/2026;19.78;9.72;-10.06
16/03/2026;19.67;9.27;-10.4
17/03/2026;19.56;8.18;-11.38
18/03/2026;19.45;5.74;-13.71
19/03/2026;19.34;4.74;-14.6
20/03/2026;19.23;3.11;-16.12
21/03/2026;19.12;3.34;-15.78
22/03/2026;19.01;2.44;-16.57
23/03/2026;18.9;4.24;-14.66
24/03/2026;18.79;4.92;-13.87
25/03/2026;18.69;-0.7;-19.39
26/03/2026;18.58;-1.04;-19.62
27/03/2026;18.47;-3.36;-21.83
28/03/2026;18.35;-3.76;-22.11
29/03/2026;18.24;-4.6;-22.84
30/03/2026;18.13;-0.48;-18.61
31/03/2026;18.02;0.96;-17.06
01/04/2026;17.91;2.2;-15.71
02/04/2026;17.8;-0.44;-18.24
03/04/2026;17.68;-0.07;-17.75
04/04/2026;17.57;-0.63;-18.2
05/04/2026;17.46;-0.88;-18.34
06/04/2026;17.34;-2.37;-19.71
07/04/2026;17.23;-4.17;-21.4
08/04/2026;17.11;-0.47;-17.58
09/04/2026;17;-2.26;-19.26
10/04/2026;16.88;-1.21;-18.09
11/04/2026;16.77;2.73;-14.04
12/04/2026;16.65;3.25;-13.4
13/04/2026;16.53;4.73;-11.8
14/04/2026;16.42;6.11;-10.31
15/04/2026;16.3;7.65;-8.65
16/04/2026;16.19;7.45;-8.74
17/04/2026;16.07;9.34;-6.73
18/04/2026;15.96;8.13;-7.83
19/04/2026;15.84;7.24;-8.6
20/04/2026;15.73;10.73;-5
21/04/2026;15.61;11.32;-4.29
22/04/2026;15.5;11.76;-3.74
23/04/2026;15.38;12.5;-2.88
24/04/2026;15.27;8.42;-6.85
25/04/2026;15.16;5.4;-9.76
26/04/2026;15.05;4.03;-11.02
27/04/2026;14.93;2.91;-12.02
28/04/2026;14.82;3.42;-11.4
29/04/2026;14.71;3.89;-10.82
30/04/2026;14.61;-0.85;-15.46
01/05/2026;14.51;-0.45;-14.96
02/05/2026;14.41;-0.65;-15.06
03/05/2026;14.31;-1.99;-16.3
04/05/2026;14.2;-2.68;-16.88
05/05/2026;14.1;1.36;-12.74
06/05/2026;14.01;-0.74;-14.75
07/05/2026;13.91;2.08;-11.83
08/05/2026;13.81;1.59;-12.22
09/05/2026;13.7;2.41;-11.29
10/05/2026;13.6;-0.04;-13.64
11/05/2026;13.5;0.21;-13.29
12/05/2026;13.4;2.16;-11.24
13/05/2026;5.38;1.61;-3.77
14/05/2026;5.37;1.06;-4.31
15/05/2026;5.37;-0.97;-6.34
16/05/2026;5.36;-1.78;-7.14
17/05/2026;5.35;-4.06;-9.41
18/05/2026;5.34;-4.32;-9.66
19/05/2026;5.33;-4.28;-9.61
20/05/2026;5.33;-6.23;-11.56
21/05/2026;5.32;-6.82;-12.14
22/05/2026;5.31;-7.76;-13.07
23/05/2026;5.3;-7.76;-13.06
24/05/2026;5.29;-10.89;-16.18
25/05/2026;5.28;-10.16;-15.44
26/05/2026;5.27;-9.06;-14.33
27/05/2026;5.26;-7.26;-12.52
28/05/2026;5.26;-6.58;-11.84
29/05/2026;5.25;-12.2;-17.45
30/05/2026;5.25;-11.54;-16.79
31/05/2026;5.24;-14.36;-19.6
01/06/2026;5.24;-14.76;-20
02/06/2026;5.24;-15.6;-20.84
03/06/2026;5.24;-10.98;-16.22
04/06/2026;5.24;-10.04;-15.28
05/06/2026;5.25;-9.3;-14.55
06/06/2026;5.25;-11.94;-17.19
07/06/2026;5.26;-13.07;-18.33
08/06/2026;5.26;-13.63;-18.89
09/06/2026;5.27;-13.38;-18.65
10/06/2026;5.28;-16.37;-21.65
11/06/2026;5.3;-17.17;-22.47
12/06/2026;5.31;-13.47;-18.78
13/06/2026;5.33;-15.26;-20.59
14/06/2026;5.34;-14.21;-19.55
15/06/2026;5.36;-10.27;-15.63
16/06/2026;5.38;-7.75;-13.13
17/06/2026;5.41;-6.27;-11.68
18/06/2026;5.43;-5.89;-11.32
19/06/2026;5.46;-6.35;-11.81
20/06/2026;5.49;-7.05;-12.54
21/06/2026;5.51;-5.16;-10.67
22/06/2026;5.55;-6.37;-11.92
23/06/2026;5.58;-6.76;-12.34
24/06/2026;5.61;-4.27;-9.88
25/06/2026;5.65;-3.18;-8.83
26/06/2026;5.69;-2.24;-7.93
27/06/2026;5.73;-1.5;-7.23
28/06/2026;5.77;-5.58;-11.35
29/06/2026;5.81;-8.6;-14.41
30/06/2026;5.85;-9.97;-15.82
01/07/2026;5.9;-11.09;-16.99
02/07/2026;5.94;-9.58;-15.52
03/07/2026;5.98;-9.11;-15.09
04/07/2026;6.03;-15.35;-21.38
05/07/2026;6.07;-14.95;-21.02
06/07/2026;6.12;-16.65;-22.77
07/07/2026;6.17;-17.99;-24.16
08/07/2026;6.23;-18.68;-24.91
09/07/2026;6.28;-14.64;-20.92
10/07/2026;6.34;-11.24;-17.58
11/07/2026;6.4;-9.42;-15.82
12/07/2026;6.46;-11.91;-18.37
13/07/2026;6.53;-12.09;-18.62
14/07/2026;6.59;-14.54;-21.13
15/07/2026;6.66;-14.29;-20.95
16/07/2026;6.73;-12.34;-19.07
17/07/2026;2.8;0.11;-2.69
18/07/2026;2.86;1.06;-1.8
19/07/2026;2.9;-0.97;-3.87
20/07/2026;2.95;-1.78;-4.73
21/07/2026;2.98;-5.06;-8.04
22/07/2026;3.01;-5.32;-8.33
23/07/2026;3.04;-4.78;-7.82
24/07/2026;3.05;-5.73;-8.78
25/07/2026;3.07;-7.82;-10.89
26/07/2026;3.08;-8.76;-11.84
27/07/2026;3.09;-8.76;-11.85
28/07/2026;3.1;-11.89;-14.99
29/07/2026;3.1;-11.66;-14.76
30/07/2026;3.1;-12.06;-15.16
31/07/2026;3.1;-10.26;-13.36
01/08/2026;3.1;-9.58;-12.68
02/08/2026;3.1;-15.2;-18.3
03/08/2026;3.1;-15.54;-18.64
04/08/2026;3.1;-17.86;-20.96
05/08/2026;3.1;-14.76;-17.86
06/08/2026;3.1;-15.6;-18.7
07/08/2026;3.1;-12.98;-16.08
08/08/2026;3.1;-12.54;-15.64
09/08/2026;3.1;-11.3;-14.4
10/08/2026;3.1;-13.94;-17.04
11/08/2026;3.1;-16.07;-19.17
12/08/2026;3.11;-16.63;-19.74
13/08/2026;3.11;-15.38;-18.49
14/08/2026;3.12;-18.37;-21.49
15/08/2026;3.12;-19.67;-22.79
16/08/2026;3.13;-15.97;-19.1
17/08/2026;3.14;-17.76;-20.9
18/08/2026;3.15;-16.71;-19.86
19/08/2026;3.16;-11.77;-14.93
20/08/2026;3.18;-11.25;-14.43
21/08/2026;3.19;-9.77;-12.96
22/08/2026;3.2;-10.39;-13.59
23/08/2026;3.22;-8.85;-12.07
24/08/2026;3.24;-9.05;-12.29
25/08/2026;3.25;-7.16;-10.41
26/08/2026;3.27;-7.87;-11.14
27/08/2026;3.29;-8.27;-11.56
28/08/2026;3.3;-5.27;-8.57
29/08/2026;3.32;-4.18;-7.5
30/08/2026;3.34;-2.74;-6.08
31/08/2026;3.35;-2;-5.35
01/09/2026;3.37;-6.58;-9.95
02/09/2026;3.39;-9.6;-12.99
03/09/2026;3.4;-10.97;-14.37
04/09/2026;3.42;-12.09;-15.51
05/09/2026;3.42;-12.08;-15.5
06/09/2026;3.42;-11.61;-15.03
07/09/2026;3.42;-17.85;-21.27
08/09/2026;3.42;-17.45;-20.87
09/09/2026;3.42;-19.15;-22.57
10/09/2026;3.41;-20.49;-23.9
11/09/2026;3.41;-21.18;-24.59
12/09/2026;3.41;-17.14;-20.55
13/09/2026;3.41;-16.74;-20.15
14/09/2026;3.41;-14.92;-18.33
15/09/2026;3.41;-17.91;-21.32
16/09/2026;3.41;-17.09;-20.5
17/09/2026;3.41;-22.04;-25.45
18/09/2026;3.4;-21.79;-25.19
19/09/2026;3.4;-19.84;-23.24
20/09/2026;17.49;9.11;-8.38
21/09/2026;17.56;8.56;-9
22/09/2026;17.62;10.03;-7.59
23/09/2026;17.67;9.22;-8.45
24/09/2026;17.71;4.94;-12.77
25/09/2026;17.75;4.68;-13.07
26/09/2026;17.77;5.72;-12.05
27/09/2026;17.79;4.27;-13.52
28/09/2026;17.8;3.18;-14.62
29/09/2026;17.81;2.24;-15.57
30/09/2026;17.81;0.74;-17.07
01/10/2026;17.81;-0.89;-18.7
02/10/2026;17.81;-0.16;-17.97
03/10/2026;17.8;0.94;-16.86
04/10/2026;17.79;3.24;-14.55
05/10/2026;17.78;3.92;-13.86
06/10/2026;17.77;-1.7;-19.47
07/10/2026;17.76;-1.04;-18.8
08/10/2026;17.75;-3.61;-21.36
09/10/2026;17.73;-4.01;-21.74
10/10/2026;17.72;-4.85;-22.57
11/10/2026;17.71;-2.23;-19.94
12/10/2026;17.7;-0.79;-18.49
13/10/2026;17.7;0.46;-17.24
14/10/2026;17.69;-2.19;-19.88
15/10/2026;17.69;-5.07;-22.76
16/10/2026;17.69;-5.63;-23.32
17/10/2026;17.69;-4.88;-22.57
18/10/2026;17.69;-6.87;-24.56
19/10/2026;17.7;-11.67;-29.37
20/10/2026;17.71;-7.97;-25.68
21/10/2026;17.72;-6.76;-24.48
22/10/2026;17.74;-5.71;-23.45
23/10/2026;17.76;-1.77;-19.53
24/10/2026;17.78;1.5;-16.28
25/10/2026;17.81;2.98;-14.83
26/10/2026;17.84;3.36;-14.48
27/10/2026;17.87;4.9;-12.97
28/10/2026;17.9;4.7;-13.2
29/10/2026;17.94;2.34;-15.6
30/10/2026;17.99;0.13;-17.86
31/10/2026;18.03;-0.26;-18.29
01/11/2026;18.08;2.73;-15.35
02/11/2026;18.13;3.82;-14.31
03/11/2026;18.19;7.76;-10.43
04/11/2026;18.24;8.5;-9.74
05/11/2026;18.31;2.92;-15.39
06/11/2026;18.37;-0.1;-18.47
07/11/2026;18.43;-1.47;-19.9
08/11/2026;18.5;-2.59;-21.09
09/11/2026;18.57;-1.08;-19.65
10/11/2026;18.65;-0.61;-19.26
11/11/2026;18.72;-4.85;-23.57
12/11/2026;18.8;-4.45;-23.25
13/11/2026;18.88;-5.15;-24.03
14/11/2026;18.96;-6.49;-25.45
15/11/2026;19.05;-7.18;-26.23
16/11/2026;19.13;-3.14;-22.27
17/11/2026;19.22;-5.24;-24.46
18/11/2026;19.3;-3.92;-23.22
19/11/2026;19.38;-4.41;-23.79
20/11/2026;19.47;-5.09;-24.56
21/11/2026;19.55;-7.54;-27.09
22/11/2026;19.63;-8.29;-27.92
23/11/2026;19.7;-6.34;-26.04
24/11/2026;11.35;6.61;-4.74
25/11/2026;11.39;6.06;-5.33
26/11/2026;11.43;4.03;-7.4
27/11/2026;11.46;3.22;-8.24
28/11/2026;11.49;-1.56;-13.05
29/11/2026;11.53;-1.82;-13.35
30/11/2026;11.56;-1.28;-12.84
01/12/2026;11.58;-4.23;-15.81
02/12/2026;11.61;-6.32;-17.93
03/12/2026;11.64;-7.26;-18.9
04/12/2026;11.66;-6.76;-18.42
05/12/2026;11.68;-8.39;-20.07
06/12/2026;11.71;-7.66;-19.37
07/12/2026;11.73;-8.06;-19.79
08/12/2026;11.75;-6.26;-18.01
09/12/2026;11.77;-5.58;-17.35
10/12/2026;11.79;-11.2;-22.99
11/12/2026;11.81;-11.54;-23.35
12/12/2026;11.84;-13.86;-25.7
13/12/2026;11.86;-14.26;-26.12
14/12/2026;11.88;-15.1;-26.98
15/12/2026;11.9;-12.98;-24.88
16/12/2026;11.92;-11.54;-23.46
17/12/2026;11.94;-10.3;-22.24
18/12/2026;11.96;-12.94;-24.9
19/12/2026;11.98;-14.07;-26.05
20/12/2026;12;-14.63;-26.63
21/12/2026;12.03;-13.88;-25.91
22/12/2026;12.05;-16.37;-28.42
23/12/2026;12.07;-18.17;-30.24
24/12/2026;12.1;-14.47;-26.57
25/12/2026;12.12;-15.76;-27.88
26/12/2026;12.14;-14.71;-26.85
27/12/2026;12.17;-10.77;-22.94
28/12/2026;12.19;-10.25;-22.44
29/12/2026;12.22;-8.77;-20.99
30/12/2026;12.25;-8.39;-20.64
31/12/2026;12.27;-6.85;-19.12
01/01/2027;12.3;-7.05;-19.35
02/01/2027;12.33;-5.16;-17.49
03/01/2027;12.35;-6.87;-19.22
04/01/2027;12.38;-7.26;-19.64
05/01/2027;12.41;-4.27;-16.68
06/01/2027;12.44;-2.18;-14.62
07/01/2027;12.47;-1.24;-13.71
08/01/2027;12.5;-0.5;-13
09/01/2027;12.53;-4.08;-16.61
10/01/2027;12.56;-7.1;-19.66
11/01/2027;12.59;-8.47;-21.06
12/01/2027;12.62;-9.59;-22.21
13/01/2027;12.65;-10.08;-22.73
14/01/2027;12.68;-10.61;-23.29
15/01/2027;12.71;-12.85;-25.56
16/01/2027;12.74;-12.45;-25.19
17/01/2027;12.77;-14.15;-26.92
18/01/2027;12.8;-15.49;-28.29
19/01/2027;12.83;-16.18;-29.01
20/01/2027;12.86;-11.14;-24
21/01/2027;12.89;-13.24;-26.13
22/01/2027;12.92;-11.42;-24.34
23/01/2027;12.96;-11.91;-24.87
24/01/2027;13;-11.59;-24.59
25/01/2027;13.03;-14.04;-27.07
26/01/2027;13.07;-13.79;-26.86
27/01/2027;13.11;-11.84;-24.95
