dates;variable
1-01-2010;2599.44
2-01-2010;2599.77
3-01-2010;2601.559
4-01-2010;2600.071
5-01-2010;2600.129
6-01-2010;2601.715
7-01-2010;2600.461
8-01-2010;2598.735
9-01-2010;2599.313
10-01-2010;2599.554
11-01-2010;2601.224
12-01-2010;2600.36
13-01-2010;2600.401
14-01-2010;2600.111
15-01-2010;2599.444
16-01-2010;2601.787
17-01-2010;2600.498
18-01-2010;2598.033
19-01-2010;2600.701
20-01-2010;2599.527
21-01-2010;2598.932
22-01-2010;2599.782
23-01-2010;2598.974
24-01-2010;2599.271
25-01-2010;2599.375
26-01-2010;2598.313
27-01-2010;2600.838
28-01-2010;2600.153
29-01-2010;2598.862
30-01-2010;2601.254
1-02-2010;2600.426
2-02-2010;2599.705
3-02-2010;2600.895
4-02-2010;2600.878
5-02-2010;2600.822
6-02-2010;2600.689
7-02-2010;2600.554
8-02-2010;2599.938
9-02-2010;2599.694
10-02-2010;2599.62
11-02-2010;2599.305
12-02-2010;2599.792
13-02-2010;2598.735
14-02-2010;2602.169
15-02-2010;2601.208
16-02-2010;2598.877
17-02-2010;2599.597
18-02-2010;2599.533
19-02-2010;2600.78
20-02-2010;2599.917
21-02-2010;2600.253
22-02-2010;2599.971
23-02-2010;2599.957
24-02-2010;2601.369
25-02-2010;2599.774
26-02-2010;2601.516
27-02-2010;2598.451
1-03-2010;2600.585
2-03-2010;2600.124
3-03-2010;2600.216
4-03-2010;2600.38
5-03-2010;2599.498
6-03-2010;2599.667
7-03-2010;2598.981
8-03-2010;2598.928
9-03-2010;2600.304
10-03-2010;2600.448
11-03-2010;2600.053
12-03-2010;2600.922
13-03-2010;2602.05
14-03-2010;2599.509
15-03-2010;2597.691
16-03-2010;2601.006
17-03-2010;2599.291
18-03-2010;2599.312
19-03-2010;2601.026
20-03-2010;2599.715
21-03-2010;2598.779
22-03-2010;2600.181
23-03-2010;2599.861
24-03-2010;2600.006
25-03-2010;2600.385
26-03-2010;2599.629
27-03-2010;2600.644
28-03-2010;2599.78
29-03-2010;2600.332
30-03-2010;2601.097
1-04-2010;2600.435
2-04-2010;2599.674
3-04-2010;2601.149
4-04-2010;2600.994
5-04-2010;2600.548
6-04-2010;2600.239
7-04-2010;2599.372
8-04-2010;2601.361
9-04-2010;2599.4
10-04-2010;2602.187
11-04-2010;2601.533
12-04-2010;2599.764
13-04-2010;2598.974
14-04-2010;2599.29
15-04-2010;2600.257
16-04-2010;2599.753
17-04-2010;2599.652
18-04-2010;2599.048
19-04-2010;2599.955
20-04-2010;2599.215
21-04-2010;2598.332
22-04-2010;2599.62
23-04-2010;2600.919
24-04-2010;2599.425
25-04-2010;2600.608
26-04-2010;2598.382
27-04-2010;2599.944
28-04-2010;2600.519
29-04-2010;2600.301
1-05-2010;2600.106
2-05-2010;2599.359
3-05-2010;2599.15
4-05-2010;2598.976
5-05-2010;2600.118
6-05-2010;2599.053
7-05-2010;2599.509
8-05-2010;2599.744
9-05-2010;2601.844
10-05-2010;2599.348
11-05-2010;2600.235
12-05-2010;2600.078
13-05-2010;2599.038
14-05-2010;2599.929
15-05-2010;2601.445
16-05-2010;2600.452
17-05-2010;2600.041
18-05-2010;2599.578
19-05-2010;2597.947
20-05-2010;2601.131
21-05-2010;2598.539
22-05-2010;2600.74
23-05-2010;2601.909
24-05-2010;2598.556
25-05-2010;2600.702
26-05-2010;2599.738
27-05-2010;2598.428
28-05-2010;2598.485
29-05-2010;2598.398
30-05-2010;2599.469
1-06-2010;2598.538
2-06-2010;2600.688
3-06-2010;2602.1
4-06-2010;2598.713
5-06-2010;2600.788
6-06-2010;2600.769
7-06-2010;2600.332
8-06-2010;2598.992
9-06-2010;2599.881
10-06-2010;2599.72
11-06-2010;2600.563
12-06-2010;2599.628
13-06-2010;2600.977
14-06-2010;2599.625
15-06-2010;2601.053
16-06-2010;2598.951
17-06-2010;2598.74
18-06-2010;2603.241
19-06-2010;2599.583
20-06-2010;2600.298
21-06-2010;2600.637
22-06-2010;2599.516
23-06-2010;2600.517
24-06-2010;2600.369
25-06-2010;2599.785
26-06-2010;2600.065
27-06-2010;2599.966
28-06-2010;2602.128
29-06-2010;2599.259
1-07-2010;2598.904
2-07-2010;2600.038
3-07-2010;2600.31
4-07-2010;2600.437
5-07-2010;2599.542
6-07-2010;2598.937
7-07-2010;2601.263
8-07-2010;2599.65
9-07-2010;2599.134
10-07-2010;2599.764
11-07-2010;2599.803
12-07-2010;2601.11
13-07-2010;2600.085
14-07-2010;2600.754
15-07-2010;2599.501
16-07-2010;2600.214
17-07-2010;2599.675
18-07-2010;2600.095
19-07-2010;2599.105
20-07-2010;2598.689
21-07-2010;2601.997
22-07-2010;2600.601
23-07-2010;2598.749
24-07-2010;2599.389
25-07-2010;2598.815
26-07-2010;2602.199
27-07-2010;2601.312
28-07-2010;2599.735
29-07-2010;2600.543
30-07-2010;2599.586
1-08-2010;2699.524
2-08-2010;2699.211
3-08-2010;2699.405
4-08-2010;2701.651
5-08-2010;2699.946
6-08-2010;2700.119
7-08-2010;2700.244
8-08-2010;2701.232
9-08-2010;2699.484
10-08-2010;2699.007
11-08-2010;2701.676
12-08-2010;2699.559
13-08-2010;2699.277
14-08-2010;2698.764
15-08-2010;2698.715
16-08-2010;2699.426
17-08-2010;2700.618
18-08-2010;2701.11
19-08-2010;2700.708
20-08-2010;2699.636
21-08-2010;2700.06
22-08-2010;2699.295
23-08-2010;2699.283
24-08-2010;2700.885
25-08-2010;2698.984
26-08-2010;2701.955
27-08-2010;2699.91
28-08-2010;2700.215
29-08-2010;2699.261
30-08-2010;2699.426
1-09-2010;2698.683
2-09-2010;2699.817
3-09-2010;2700.419
4-09-2010;2700.324
5-09-2010;2699.218
6-09-2010;2699.211
7-09-2010;2699.498
8-09-2010;2701.496
9-09-2010;2698.863
10-09-2010;2699.821
11-09-2010;2701.902
12-09-2010;2699.899
13-09-2010;2698.64
14-09-2010;2699.335
15-09-2010;2700.485
16-09-2010;2699.624
17-09-2010;2699.438
18-09-2010;2699.656
19-09-2010;2700.09
20-09-2010;2701.599
21-09-2010;2699.911
22-09-2010;2701.081
23-09-2010;2700.631
24-09-2010;2699.886
25-09-2010;2698.467
26-09-2010;2699.479
27-09-2010;2699.51
28-09-2010;2700.047
29-09-2010;2701.3
1-10-2010;3202.293
2-10-2010;3201.548
3-10-2010;3199.867
4-10-2010;3198.243
5-10-2010;3199.611
6-10-2010;3200.089
7-10-2010;3200.845
8-10-2010;3200.963
9-10-2010;3200.684
10-10-2010;3198.605
11-10-2010;3200.85
12-10-2010;3199.553
13-10-2010;3200.175
14-10-2010;3200.075
15-10-2010;3200.428
16-10-2010;3200.025
17-10-2010;3198.333
18-10-2010;3200.736
19-10-2010;3200.386
20-10-2010;3199.734
21-10-2010;3200.118
22-10-2010;3200.134
23-10-2010;3200.221
24-10-2010;3201.641
25-10-2010;3199.781
26-10-2010;3200.168
27-10-2010;3201.168
28-10-2010;3201.054
29-10-2010;3201.145
30-10-2010;3199.423
1-11-2010;3202.002
2-11-2010;3200.067
3-11-2010;3201.867
4-11-2010;3198.649
5-11-2010;3200.021
6-11-2010;3201.25
7-11-2010;3199.285
8-11-2010;3199.247
9-11-2010;3199.061
10-11-2010;3198.947
11-11-2010;3199.563
12-11-2010;3200.331
13-11-2010;3197.986
14-11-2010;3200.212
15-11-2010;3201.237
16-11-2010;3202.038
17-11-2010;3201.301
18-11-2010;3200.757
19-11-2010;3198.273
20-11-2010;3199.398
21-11-2010;3199.648
22-11-2010;3200.704
23-11-2010;3199.894
24-11-2010;3198.741
25-11-2010;3201.684
26-11-2010;3200.911
27-11-2010;3200.237
28-11-2010;3201.218
29-11-2010;3198.661
1-12-2010;3200.661
2-12-2010;3199.477
3-12-2010;3200.684
4-12-2010;3199.939
5-12-2010;3200.633
6-12-2010;3201.336
7-12-2010;3200.007
8-12-2010;3201.018
9-12-2010;3198.812
10-12-2010;3199.278
11-12-2010;3201.519
12-12-2010;3200.377
13-12-2010;3197.948
14-12-2010;3198.636
15-12-2010;3199.799
16-12-2010;3200.866
17-12-2010;3199.898
18-12-2010;3200.624
19-12-2010;3200.959
20-12-2010;3201.671
21-12-2010;3200.056
22-12-2010;3199.948
23-12-2010;3198.247
24-12-2010;3200.099
25-12-2010;3199.428
26-12-2010;3199.026
27-12-2010;3199.82
28-12-2010;3201.015
29-12-2010;3198.007
30-12-2010;3199.573
1-01-2011;3200.117
2-01-2011;3199.107
3-01-2011;3200.334
4-01-2011;3200.411
5-01-2011;3199.967
6-01-2011;3197.534
7-01-2011;3202.571
8-01-2011;3199.795
9-01-2011;3200.651
10-01-2011;3200.274
11-01-2011;3201.025
12-01-2011;3200.818
13-01-2011;3199.79
14-01-2011;3200.378
15-01-2011;3199.055
16-01-2011;3200.857
17-01-2011;3199.539
18-01-2011;3202.417
19-01-2011;3198.349
20-01-2011;3199.536
21-01-2011;3200.825
22-01-2011;3200.51
23-01-2011;3199.411
24-01-2011;3199.003
25-01-2011;3200.144
26-01-2011;3199.986
27-01-2011;3198.21
28-01-2011;3200.035
29-01-2011;3200.19
30-01-2011;3200.175
1-02-2011;3198.945
2-02-2011;3200.476
3-02-2011;3201.379
4-02-2011;3200.456
5-02-2011;3198.864
6-02-2011;3199.564
7-02-2011;3200.346
8-02-2011;3199.353
9-02-2011;3197.842
10-02-2011;3200.884
11-02-2011;3199.171
12-02-2011;3199.426
13-02-2011;3201.504
14-02-2011;3199.226
15-02-2011;3200.846
16-02-2011;3198.739
17-02-2011;3199.645
18-02-2011;3199.926
19-02-2011;3198.831
20-02-2011;3199.365
21-02-2011;3199.971
22-02-2011;3200.671
23-02-2011;3198.349
24-02-2011;3199.65
25-02-2011;3200.756
26-02-2011;3199.461
27-02-2011;3200.227
1-03-2011;3200.492
2-03-2011;3200.268
3-03-2011;3200.653
4-03-2011;3199.877
5-03-2011;3199.586
6-03-2011;3197.357
7-03-2011;3199.907
8-03-2011;3200.43
9-03-2011;3200.535
10-03-2011;3199.445
11-03-2011;3201.78
12-03-2011;3200.286
13-03-2011;3200.126
14-03-2011;3201.272
15-03-2011;3199.282
16-03-2011;3199.55
17-03-2011;3202.397
18-03-2011;3200.011
19-03-2011;3201.634
20-03-2011;3198.561
21-03-2011;3199.809
22-03-2011;3200.378
23-03-2011;3200.3
24-03-2011;3198.994
25-03-2011;3200.019
26-03-2011;3198.923
27-03-2011;3200.713
28-03-2011;3201.085
29-03-2011;3197.775
30-03-2011;3201.236
1-04-2011;3198.759
2-04-2011;3200.455
3-04-2011;3200.66
4-04-2011;3199.8
5-04-2011;3199.355
6-04-2011;3200.165
7-04-2011;3200.439
8-04-2011;3200.883
9-04-2011;3197.948
10-04-2011;3198.364
11-04-2011;3201.43
12-04-2011;3201.047
13-04-2011;3200.435
14-04-2011;3200.715
15-04-2011;3200.917
16-04-2011;3197.339
17-04-2011;3201.11
18-04-2011;3199.515
19-04-2011;3200.231
20-04-2011;3199.705
21-04-2011;3200.872
22-04-2011;3199.652
23-04-2011;3200.519
24-04-2011;3199.609
25-04-2011;3198.907
26-04-2011;3201.21
27-04-2011;3200.741
28-04-2011;3201.724
29-04-2011;3200.065
1-05-2011;3401.125
2-05-2011;3401.975
3-05-2011;3399.719
4-05-2011;3398.677
5-05-2011;3399.761
6-05-2011;3399.786
7-05-2011;3400.152
8-05-2011;3401.712
9-05-2011;3399.674
10-05-2011;3400.373
11-05-2011;3399.772
12-05-2011;3400.02
13-05-2011;3400.314
14-05-2011;3401.328
15-05-2011;3400.121
16-05-2011;3400.713
17-05-2011;3400.779
18-05-2011;3400.915
19-05-2011;3399.426
20-05-2011;3401.627
21-05-2011;3399.619
22-05-2011;3399.894
23-05-2011;3401.404
24-05-2011;3401.294
25-05-2011;3398.91
26-05-2011;3399.127
27-05-2011;3398.642
28-05-2011;3400.182
29-05-2011;3400.165
30-05-2011;3400.364
1-06-2011;3400.552
2-06-2011;3399.398
3-06-2011;3399.006
4-06-2011;3401.027
5-06-2011;3400.751
6-06-2011;3398.491
7-06-2011;3399.905
8-06-2011;3399.104
9-06-2011;3397.929
10-06-2011;3400.15
11-06-2011;3399.921
12-06-2011;3399.903
13-06-2011;3400.216
14-06-2011;3400.882
15-06-2011;3400.206
16-06-2011;3399.384
17-06-2011;3399.265
18-06-2011;3399.868
19-06-2011;3400.31
20-06-2011;3398.96
21-06-2011;3399.816
22-06-2011;3400.967
23-06-2011;3399.892
24-06-2011;3399.302
25-06-2011;3399.724
26-06-2011;3401.115
27-06-2011;3400.55
28-06-2011;3401.237
29-06-2011;3400.139
1-07-2011;3400.41
2-07-2011;3399.442
3-07-2011;3400.605
4-07-2011;3399.494
5-07-2011;3398.579
6-07-2011;3400.128
7-07-2011;3401.946
8-07-2011;3400.801
9-07-2011;3401.165
10-07-2011;3400.359
11-07-2011;3399.391
12-07-2011;3399.798
13-07-2011;3399.727
14-07-2011;3399.531
15-07-2011;3400.704
16-07-2011;3398.803
17-07-2011;3400.866
18-07-2011;3400.864
19-07-2011;3398.801
20-07-2011;3400.639
21-07-2011;3402.43
22-07-2011;3399.443
23-07-2011;3400.845
24-07-2011;3399.218
25-07-2011;3401.111
26-07-2011;3400.25
27-07-2011;3401.652
28-07-2011;3398.541
29-07-2011;3399.949
30-07-2011;3399.473
1-08-2011;3399.803
2-08-2011;3399.37
3-08-2011;3399.166
4-08-2011;3400.579
5-08-2011;3398.912
6-08-2011;3401.484
7-08-2011;3398.814
8-08-2011;3400.101
9-08-2011;3400.533
10-08-2011;3400.587
11-08-2011;3399.698
12-08-2011;3400.08
13-08-2011;3400.961
14-08-2011;3398.544
15-08-2011;3399.218
16-08-2011;3400.32
17-08-2011;3399.555
18-08-2011;3401.37
19-08-2011;3400.673
20-08-2011;3400.072
21-08-2011;3398.492
22-08-2011;3400.026
23-08-2011;3399.684
24-08-2011;3399.898
25-08-2011;3398.818
26-08-2011;3400.499
27-08-2011;3398.961
28-08-2011;3399.774
29-08-2011;3400.381
30-08-2011;3399.216
1-09-2011;3600.583
2-09-2011;3598.683
3-09-2011;3597.19
4-09-2011;3600.465
5-09-2011;3600.841
6-09-2011;3599.714
7-09-2011;3600.504
8-09-2011;3598.844
9-09-2011;3599.873
10-09-2011;3598.058
11-09-2011;3601.181
12-09-2011;3601.86
13-09-2011;3601.074
14-09-2011;3599.973
15-09-2011;3599.967
16-09-2011;3598.484
17-09-2011;3600.79
18-09-2011;3599.789
19-09-2011;3599.343
20-09-2011;3598.588
21-09-2011;3599.7
22-09-2011;3599.151
23-09-2011;3599.603
24-09-2011;3598.782
25-09-2011;3601.688
26-09-2011;3599.984
27-09-2011;3601.075
28-09-2011;3597.398
29-09-2011;3599.547
1-10-2011;3599.325
2-10-2011;3598.777
3-10-2011;3601.547
4-10-2011;3598.585
5-10-2011;3600.318
6-10-2011;3600.846
7-10-2011;3600.178
8-10-2011;3599.125
9-10-2011;3600.941
10-10-2011;3600.171
11-10-2011;3598.937
12-10-2011;3598.612
13-10-2011;3602.087
14-10-2011;3599.321
15-10-2011;3598.144
16-10-2011;3600.533
17-10-2011;3600.31
18-10-2011;3598.646
19-10-2011;3598.057
20-10-2011;3599.884
21-10-2011;3601.139
22-10-2011;3600.636
23-10-2011;3599.507
24-10-2011;3599.166
25-10-2011;3600.271
26-10-2011;3600.157
27-10-2011;3600.63
28-10-2011;3599.604
29-10-2011;3600.899
30-10-2011;3599.169
1-11-2011;3799.669
2-11-2011;3800.741
3-11-2011;3800.99
4-11-2011;3798.061
5-11-2011;3800.107
6-11-2011;3800.609
7-11-2011;3798.549
8-11-2011;3800.481
9-11-2011;3799.172
10-11-2011;3801.02
11-11-2011;3800.538
12-11-2011;3800.769
13-11-2011;3800.121
14-11-2011;3800.864
15-11-2011;3801.381
16-11-2011;3801.966
17-11-2011;3799.972
18-11-2011;3797.751
19-11-2011;3800.032
20-11-2011;3800.206
21-11-2011;3799.845
22-11-2011;3800.568
23-11-2011;3801.011
24-11-2011;3799.482
25-11-2011;3799.706
26-11-2011;3800.398
27-11-2011;3799.45
28-11-2011;3800.091
29-11-2011;3798.038
1-12-2011;3798.88
2-12-2011;3798.672
3-12-2011;3799.146
4-12-2011;3799.307
5-12-2011;3800.382
6-12-2011;3800.982
7-12-2011;3799.273
8-12-2011;3799.003
9-12-2011;3798.958
10-12-2011;3799.585
11-12-2011;3799.761
12-12-2011;3800.484
13-12-2011;3799.679
14-12-2011;3797.922
15-12-2011;3799.909
16-12-2011;3801.187
17-12-2011;3801.192
18-12-2011;3799.211
19-12-2011;3798.452
20-12-2011;3802.458
21-12-2011;3799.838
22-12-2011;3799.903
23-12-2011;3800.421
24-12-2011;3798.386
25-12-2011;3799.272
26-12-2011;3798.46
27-12-2011;3799.307
28-12-2011;3800.119
29-12-2011;3798.635
30-12-2011;3800.59
1-01-2012;3800.289
2-01-2012;3799.096
3-01-2012;3800.226
4-01-2012;3800.748
5-01-2012;3801.061
6-01-2012;3799.787
7-01-2012;3799.906
8-01-2012;3799.913
9-01-2012;3801.441
10-01-2012;3801.125
11-01-2012;3800.834
12-01-2012;3799.713
13-01-2012;3800.373
14-01-2012;3800.403
15-01-2012;3798.958
16-01-2012;3798.272
17-01-2012;3800.642
18-01-2012;3798.471
19-01-2012;3800.002
20-01-2012;3800.25
21-01-2012;3800.564
22-01-2012;3800.189
23-01-2012;3799.267
24-01-2012;3800.986
25-01-2012;3801.739
26-01-2012;3800.881
27-01-2012;3798.056
28-01-2012;3801.4
29-01-2012;3799.944
30-01-2012;3800.525
1-02-2012;3800.622
2-02-2012;3799.903
3-02-2012;3799.925
4-02-2012;3801.019
5-02-2012;3800.712
6-02-2012;3800.99
7-02-2012;3802.383
8-02-2012;3800.664
9-02-2012;3800.207
10-02-2012;3797.789
11-02-2012;3802.692
12-02-2012;3799.517
13-02-2012;3802.375
14-02-2012;3800.375
15-02-2012;3801.538
16-02-2012;3799.89
17-02-2012;3800.511
18-02-2012;3800.214
19-02-2012;3799.814
20-02-2012;3799.88
21-02-2012;3801.013
22-02-2012;3799.799
23-02-2012;3797.962
24-02-2012;3799.804
25-02-2012;3800.54
26-02-2012;3800.616
27-02-2012;3800.617
28-02-2012;3798.308
1-03-2012;3800.369
2-03-2012;3800.968
3-03-2012;3801.277
4-03-2012;3799.775
5-03-2012;3799.678
6-03-2012;3801.488
7-03-2012;3798.332
8-03-2012;3799.563
9-03-2012;3800.457
10-03-2012;3798.382
11-03-2012;3800.28
12-03-2012;3801.878
13-03-2012;3799.996
14-03-2012;3799.722
15-03-2012;3800.475
16-03-2012;3799.721
17-03-2012;3800.813
18-03-2012;3800.904
19-03-2012;3800.003
20-03-2012;3798.823
21-03-2012;3798.682
22-03-2012;3799.407
23-03-2012;3800.797
24-03-2012;3798.042
25-03-2012;3798.114
26-03-2012;3799.346
27-03-2012;3800.394
28-03-2012;3799.086
29-03-2012;3800.887
30-03-2012;3800.333
1-04-2012;3799.829
2-04-2012;3800.819
3-04-2012;3800.388
4-04-2012;3799.554
5-04-2012;3800.231
6-04-2012;3800.648
7-04-2012;3800.356
8-04-2012;3799.342
9-04-2012;3800.855
10-04-2012;3801.153
11-04-2012;3800.276
12-04-2012;3800.144
13-04-2012;3799.924
14-04-2012;3802.161
15-04-2012;3800.276
16-04-2012;3799.842
17-04-2012;3797.492
18-04-2012;3798.435
19-04-2012;3799.922
20-04-2012;3800.206
21-04-2012;3800.277
22-04-2012;3800.822
23-04-2012;3799.806
24-04-2012;3801.215
25-04-2012;3799.078
26-04-2012;3798.792
27-04-2012;3798.771
28-04-2012;3800.742
29-04-2012;3799.917
1-05-2012;3400.79
2-05-2012;3399.732
3-05-2012;3399.408
4-05-2012;3399.632
5-05-2012;3398.147
6-05-2012;3398.83
7-05-2012;3398.558
8-05-2012;3401.054
9-05-2012;3399.403
10-05-2012;3400.789
11-05-2012;3401.516
12-05-2012;3399.808
13-05-2012;3400.284
14-05-2012;3398.249
15-05-2012;3399.181
16-05-2012;3400.056
17-05-2012;3400.299
18-05-2012;3399.241
19-05-2012;3402.685
20-05-2012;3399.542
21-05-2012;3400.064
22-05-2012;3400.65
23-05-2012;3399.974
24-05-2012;3399.356
25-05-2012;3401.045
26-05-2012;3401.616
27-05-2012;3399.97
28-05-2012;3400.562
29-05-2012;3399.903
30-05-2012;3401.016
1-06-2012;3398.844
2-06-2012;3402.321
3-06-2012;3399.396
4-06-2012;3398.541
5-06-2012;3399.649
6-06-2012;3400.147
7-06-2012;3401.624
8-06-2012;3400.911
9-06-2012;3400.142
10-06-2012;3398.611
11-06-2012;3399.134
12-06-2012;3399.837
13-06-2012;3402.553
14-06-2012;3398.14
15-06-2012;3401.131
16-06-2012;3399.473
17-06-2012;3401.666
18-06-2012;3398.861
19-06-2012;3400.144
20-06-2012;3398.9
21-06-2012;3400.904
22-06-2012;3401.484
23-06-2012;3401.951
24-06-2012;3400.798
25-06-2012;3401.843
26-06-2012;3401.246
27-06-2012;3399.868
28-06-2012;3400.477
29-06-2012;3399.028
1-07-2012;3399.815
2-07-2012;3401.221
3-07-2012;3400.541
4-07-2012;3400.457
5-07-2012;3398.962
6-07-2012;3399.395
7-07-2012;3399.235
8-07-2012;3400.395
9-07-2012;3399.009
10-07-2012;3400.562
11-07-2012;3398.884
12-07-2012;3401.829
13-07-2012;3400.461
14-07-2012;3399.299
15-07-2012;3400.241
16-07-2012;3399.648
17-07-2012;3400.371
18-07-2012;3400.244
19-07-2012;3398.986
20-07-2012;3399.209
21-07-2012;3400.3
22-07-2012;3401.639
23-07-2012;3401.085
24-07-2012;3399.375
25-07-2012;3400.826
26-07-2012;3399.951
27-07-2012;3400.301
28-07-2012;3400.26
29-07-2012;3402.575
30-07-2012;3398.815
1-08-2012;3800.101
2-08-2012;3798.22
3-08-2012;3800.59
4-08-2012;3801.097
5-08-2012;3801.446
6-08-2012;3798.075
7-08-2012;3800.413
8-08-2012;3801.593
9-08-2012;3799.586
10-08-2012;3799.788
11-08-2012;3799.963
12-08-2012;3800.365
13-08-2012;3800.665
14-08-2012;3801.318
15-08-2012;3799.905
16-08-2012;3800.196
17-08-2012;3802.488
18-08-2012;3800.431
19-08-2012;3800.189
20-08-2012;3798.658
21-08-2012;3800.003
22-08-2012;3799.779
23-08-2012;3799.989
24-08-2012;3799.425
25-08-2012;3799.313
26-08-2012;3799.279
27-08-2012;3799.785
28-08-2012;3801.368
29-08-2012;3801.049
30-08-2012;3799.64
1-09-2012;3798.314
2-09-2012;3799.155
3-09-2012;3799.542
4-09-2012;3800.104
5-09-2012;3799.337
6-09-2012;3802.007
7-09-2012;3799.728
8-09-2012;3798.786
9-09-2012;3799.859
10-09-2012;3798.995
11-09-2012;3800.156
12-09-2012;3800.234
13-09-2012;3800.356
14-09-2012;3798.378
15-09-2012;3800.221
16-09-2012;3800.31
17-09-2012;3798.579
18-09-2012;3800.955
19-09-2012;3800.784
20-09-2012;3802.3
21-09-2012;3800.157
22-09-2012;3800.047
23-09-2012;3800.097
24-09-2012;3800.07
25-09-2012;3798.152
26-09-2012;3798.329
27-09-2012;3799.922
28-09-2012;3799.419
29-09-2012;3800.055
1-10-2012;3797.889
2-10-2012;3798.501
3-10-2012;3798.899
4-10-2012;3800.986
5-10-2012;3798.902
6-10-2012;3799.2
7-10-2012;3800.08
8-10-2012;3799.677
9-10-2012;3800.146
10-10-2012;3802.305
11-10-2012;3798.875
12-10-2012;3799.695
13-10-2012;3799.483
14-10-2012;3801.512
15-10-2012;3799.231
16-10-2012;3799.918
17-10-2012;3800.787
18-10-2012;3798.941
19-10-2012;3801.655
20-10-2012;3800.676
21-10-2012;3798.926
22-10-2012;3800.455
23-10-2012;3799.787
24-10-2012;3800.313
25-10-2012;3799.91
26-10-2012;3801.071
27-10-2012;3798.649
28-10-2012;3799.477
29-10-2012;3799.751
30-10-2012;3799.004
1-11-2012;3798.96
2-11-2012;3799.982
3-11-2012;3799.868
4-11-2012;3797.451
5-11-2012;3801.041
6-11-2012;3800.25
7-11-2012;3802.416
8-11-2012;3800.685
9-11-2012;3799.553
10-11-2012;3802.797
11-11-2012;3802.832
12-11-2012;3798.781
13-11-2012;3800.469
14-11-2012;3799.789
15-11-2012;3800.187
16-11-2012;3800.228
17-11-2012;3798.738
18-11-2012;3800.286
19-11-2012;3801.749
20-11-2012;3799.836
21-11-2012;3799.837
22-11-2012;3801.399
23-11-2012;3800.898
24-11-2012;3798.352
25-11-2012;3800.229
26-11-2012;3801.654
27-11-2012;3801.415
28-11-2012;3800.42
29-11-2012;3800.721
1-12-2012;3698.803
2-12-2012;3700.3
3-12-2012;3699.046
4-12-2012;3699.542
5-12-2012;3700.936
6-12-2012;3698.863
7-12-2012;3700.267
8-12-2012;3700.428
9-12-2012;3700.055
10-12-2012;3701.822
11-12-2012;3698.978
12-12-2012;3700.606
13-12-2012;3699.911
14-12-2012;3699.739
15-12-2012;3700.464
16-12-2012;3698.98
17-12-2012;3698.687
18-12-2012;3699.506
19-12-2012;3701.752
20-12-2012;3700.056
21-12-2012;3700.331
22-12-2012;3699.81
23-12-2012;3700.47
24-12-2012;3699.048
25-12-2012;3701.158
26-12-2012;3700.585
27-12-2012;3699.194
28-12-2012;3700.055
29-12-2012;3700.716
30-12-2012;3700.558
1-01-2013;3701.482
2-01-2013;3699.387
3-01-2013;3701.116
4-01-2013;3701.037
5-01-2013;3699.838
6-01-2013;3699.024
7-01-2013;3698.911
8-01-2013;3700.458
9-01-2013;3699.929
10-01-2013;3701.779
11-01-2013;3700.535
12-01-2013;3699.628
13-01-2013;3698.974
14-01-2013;3699.418
15-01-2013;3700.343
16-01-2013;3699.549
17-01-2013;3700.514
18-01-2013;3699.666
19-01-2013;3699.894
20-01-2013;3699.269
21-01-2013;3701.905
22-01-2013;3700.333
23-01-2013;3700.231
24-01-2013;3698.308
25-01-2013;3700.66
26-01-2013;3698.976
27-01-2013;3699.108
28-01-2013;3700.918
29-01-2013;3699.547
30-01-2013;3698.252
1-02-2013;3701.77
2-02-2013;3697.623
3-02-2013;3700.573
4-02-2013;3701.017
5-02-2013;3699.369
6-02-2013;3700.444
7-02-2013;3700.439
8-02-2013;3701.041
9-02-2013;3700.484
10-02-2013;3699.755
11-02-2013;3700.916
12-02-2013;3700.801
13-02-2013;3699.063
14-02-2013;3698.599
15-02-2013;3700.16
16-02-2013;3699.726
17-02-2013;3699.014
18-02-2013;3700.084
19-02-2013;3698.68
20-02-2013;3700.161
21-02-2013;3699.375
22-02-2013;3700.957
23-02-2013;3702.424
24-02-2013;3699.084
25-02-2013;3701.058
26-02-2013;3700.825
27-02-2013;3699.93
1-03-2013;3699.546
2-03-2013;3701.575
3-03-2013;3697.995
4-03-2013;3699.357
5-03-2013;3698.563
6-03-2013;3701.395
7-03-2013;3699.809
8-03-2013;3699.475
9-03-2013;3703.184
10-03-2013;3699.95
11-03-2013;3699.556
12-03-2013;3700.3
13-03-2013;3698.432
14-03-2013;3700.49
15-03-2013;3699.904
16-03-2013;3700.469
17-03-2013;3699.018
18-03-2013;3698.977
19-03-2013;3699.307
20-03-2013;3699.232
21-03-2013;3701.299
22-03-2013;3701.579
23-03-2013;3699.843
24-03-2013;3699.641
25-03-2013;3699.671
26-03-2013;3700.069
27-03-2013;3700.097
28-03-2013;3700.29
29-03-2013;3699.253
30-03-2013;3699.153
1-04-2013;3701.197
2-04-2013;3699.451
3-04-2013;3700.303
4-04-2013;3699.943
5-04-2013;3699.042
6-04-2013;3700.591
7-04-2013;3700.173
8-04-2013;3701.4
9-04-2013;3700.117
10-04-2013;3699.668
11-04-2013;3700.278
12-04-2013;3698.814
13-04-2013;3699.164
14-04-2013;3700.51
15-04-2013;3699.667
16-04-2013;3699.934
17-04-2013;3699.885
18-04-2013;3699.349
19-04-2013;3697.981
20-04-2013;3700.349
21-04-2013;3700.762
22-04-2013;3698.711
23-04-2013;3701.482
24-04-2013;3700.385
25-04-2013;3701.342
26-04-2013;3699.043
27-04-2013;3700.167
28-04-2013;3699.9
29-04-2013;3700.769
1-05-2013;3499.424
2-05-2013;3499.99
3-05-2013;3498.221
4-05-2013;3499.222
5-05-2013;3500.125
6-05-2013;3499.294
7-05-2013;3499.956
8-05-2013;3499.532
9-05-2013;3500.607
10-05-2013;3501.168
11-05-2013;3499.177
12-05-2013;3499.693
13-05-2013;3501.44
14-05-2013;3497.801
15-05-2013;3499.68
16-05-2013;3502.065
17-05-2013;3502.194
18-05-2013;3500.157
19-05-2013;3499.136
20-05-2013;3500.165
21-05-2013;3499.347
22-05-2013;3501.453
23-05-2013;3499.194
24-05-2013;3500.373
25-05-2013;3500.62
26-05-2013;3499.242
27-05-2013;3500.852
28-05-2013;3499.252
29-05-2013;3500.63
30-05-2013;3501.097
1-06-2013;3499.012
2-06-2013;3501.108
3-06-2013;3499.51
4-06-2013;3500.294
5-06-2013;3500.202
6-06-2013;3499.573
7-06-2013;3500.268
8-06-2013;3498.77
9-06-2013;3499.864
10-06-2013;3500.826
11-06-2013;3497.826
12-06-2013;3498.512
13-06-2013;3498.838
14-06-2013;3498.411
15-06-2013;3500.42
16-06-2013;3499.007
17-06-2013;3497.835
18-06-2013;3499.362
19-06-2013;3499.609
20-06-2013;3500.857
21-06-2013;3498.896
22-06-2013;3501.161
23-06-2013;3500.398
24-06-2013;3500.362
25-06-2013;3499.147
26-06-2013;3501.954
27-06-2013;3499.836
28-06-2013;3498.175
29-06-2013;3499.796
1-07-2013;3498.066
2-07-2013;3499.689
3-07-2013;3499.578
4-07-2013;3500.682
5-07-2013;3501.009
6-07-2013;3499.274
7-07-2013;3500.806
8-07-2013;3501.424
9-07-2013;3499.216
10-07-2013;3499.348
11-07-2013;3500.651
12-07-2013;3500.183
13-07-2013;3500.549
14-07-2013;3501.405
15-07-2013;3500.387
16-07-2013;3501.052
17-07-2013;3500.623
18-07-2013;3500.434
19-07-2013;3500.386
20-07-2013;3501.291
21-07-2013;3498.998
22-07-2013;3498.895
23-07-2013;3500.592
24-07-2013;3499.88
25-07-2013;3500.074
26-07-2013;3500.741
27-07-2013;3500.753
28-07-2013;3499.737
29-07-2013;3499.687
30-07-2013;3500.074
1-08-2013;3501.063
2-08-2013;3500.426
3-08-2013;3501.433
4-08-2013;3499.992
5-08-2013;3501.126
6-08-2013;3500.883
7-08-2013;3500.612
8-08-2013;3500.415
9-08-2013;3499.72
10-08-2013;3499.891
11-08-2013;3500.229
12-08-2013;3500.049
13-08-2013;3500.943
14-08-2013;3499.891
15-08-2013;3499.93
16-08-2013;3499.516
17-08-2013;3499.862
18-08-2013;3499.931
19-08-2013;3497.686
20-08-2013;3498.635
21-08-2013;3499.928
22-08-2013;3499.735
23-08-2013;3498.799
24-08-2013;3498.008
25-08-2013;3499.646
26-08-2013;3500.653
27-08-2013;3501.773
28-08-2013;3499.962
29-08-2013;3501.493
30-08-2013;3500.083
1-09-2013;3370.116
2-09-2013;3370.325
3-09-2013;3369.129
4-09-2013;3369.948
5-09-2013;3370.908
6-09-2013;3369.25
7-09-2013;3369.678
8-09-2013;3368.852
9-09-2013;3370.354
10-09-2013;3370.425
11-09-2013;3370.648
12-09-2013;3368.78
13-09-2013;3370.107
14-09-2013;3369.056
15-09-2013;3370
16-09-2013;3371.343
17-09-2013;3369.496
18-09-2013;3370.717
19-09-2013;3369.25
20-09-2013;3369.521
21-09-2013;3370.439
22-09-2013;3369.321
23-09-2013;3368.297
24-09-2013;3371.265
25-09-2013;3370.36
26-09-2013;3369.416
27-09-2013;3368.006
28-09-2013;3371.902
29-09-2013;3373.39
1-10-2013;3370.207
2-10-2013;3370.85
3-10-2013;3371.225
4-10-2013;3369.298
5-10-2013;3369.649
6-10-2013;3368.273
7-10-2013;3369.263
8-10-2013;3370.622
9-10-2013;3369.709
10-10-2013;3369.786
11-10-2013;3369.887
12-10-2013;3368.136
13-10-2013;3370.838
14-10-2013;3368.557
15-10-2013;3369.791
16-10-2013;3369.561
17-10-2013;3369.781
18-10-2013;3371.46
19-10-2013;3369.418
20-10-2013;3369.217
21-10-2013;3368.48
22-10-2013;3369.194
23-10-2013;3368.834
24-10-2013;3370.408
25-10-2013;3369.137
26-10-2013;3370.304
27-10-2013;3369.854
28-10-2013;3368.566
29-10-2013;3369.209
30-10-2013;3370.885
1-11-2013;3450.903
2-11-2013;3452.006
3-11-2013;3449.996
4-11-2013;3448.504
5-11-2013;3449.232
6-11-2013;3450.408
7-11-2013;3451.9
8-11-2013;3450.11
9-11-2013;3451.14
10-11-2013;3450.768
11-11-2013;3448.832
12-11-2013;3449.829
13-11-2013;3451.305
14-11-2013;3450.876
15-11-2013;3450.464
16-11-2013;3450.477
17-11-2013;3449.509
18-11-2013;3448.681
19-11-2013;3451.295
20-11-2013;3448.58
21-11-2013;3449.061
22-11-2013;3450.629
23-11-2013;3448.738
24-11-2013;3449.448
25-11-2013;3448.817
26-11-2013;3450.621
27-11-2013;3450.446
28-11-2013;3450.422
29-11-2013;3450.442
1-12-2013;3450.557
2-12-2013;3450.639
3-12-2013;3448.031
4-12-2013;3449.851
5-12-2013;3450.112
6-12-2013;3450.725
7-12-2013;3448.813
8-12-2013;3449.5
9-12-2013;3448.926
10-12-2013;3451.057
11-12-2013;3451.279
12-12-2013;3450.788
13-12-2013;3448.778
14-12-2013;3450.452
15-12-2013;3451.15
16-12-2013;3450.168
17-12-2013;3449.434
18-12-2013;3448.914
19-12-2013;3449.335
20-12-2013;3450.715
21-12-2013;3449.568
22-12-2013;3450.228
23-12-2013;3451.295
24-12-2013;3450.578
25-12-2013;3451.365
26-12-2013;3448.298
27-12-2013;3449.719
28-12-2013;3450.065
29-12-2013;3450.579
30-12-2013;3448.831
1-01-2014;3450.806
2-01-2014;3450.307
3-01-2014;3450.264
4-01-2014;3450.508
5-01-2014;3449.884
6-01-2014;3450.926
7-01-2014;3450.648
8-01-2014;3449.85
9-01-2014;3451.04
10-01-2014;3450.293
11-01-2014;3450.669
12-01-2014;3449.406
13-01-2014;3451.58
14-01-2014;3449.996
15-01-2014;3450.848
16-01-2014;3449.9
17-01-2014;3449.72
18-01-2014;3450.784
19-01-2014;3448.415
20-01-2014;3450.478
21-01-2014;3450.394
22-01-2014;3447.305
23-01-2014;3450.368
24-01-2014;3447.832
25-01-2014;3450.66
26-01-2014;3449.546
27-01-2014;3449.305
28-01-2014;3449.993
29-01-2014;3451.373
30-01-2014;3449.365
1-02-2014;3450.558
2-02-2014;3450.341
3-02-2014;3448.82
4-02-2014;3448.259
5-02-2014;3448.007
6-02-2014;3450.551
7-02-2014;3449.965
8-02-2014;3451.851
9-02-2014;3450.574
10-02-2014;3450.85
11-02-2014;3451.334
12-02-2014;3449.499
13-02-2014;3450.51
14-02-2014;3450.869
15-02-2014;3451.369
16-02-2014;3450.763
17-02-2014;3450.421
18-02-2014;3449.132
19-02-2014;3450.73
20-02-2014;3450.5
21-02-2014;3450.634
22-02-2014;3450.424
23-02-2014;3449.798
24-02-2014;3449.923
25-02-2014;3450.687
26-02-2014;3450.172
27-02-2014;3449.17
1-03-2014;3449.71
2-03-2014;3448.681
3-03-2014;3449.033
4-03-2014;3449.855
5-03-2014;3448.202
6-03-2014;3448.311
7-03-2014;3451.103
8-03-2014;3449.423
9-03-2014;3448.148
10-03-2014;3449.887
11-03-2014;3451.321
12-03-2014;3450.662
13-03-2014;3450.441
14-03-2014;3451.184
15-03-2014;3449.228
16-03-2014;3450.73
17-03-2014;3449.413
18-03-2014;3450.001
19-03-2014;3452.214
20-03-2014;3450.969
21-03-2014;3450.768
22-03-2014;3448.892
23-03-2014;3449.214
24-03-2014;3452.284
25-03-2014;3448.907
26-03-2014;3450.214
27-03-2014;3450.893
28-03-2014;3451.019
29-03-2014;3451.089
30-03-2014;3449.837
1-04-2014;3449.179
2-04-2014;3449.693
3-04-2014;3449.098
4-04-2014;3450.627
5-04-2014;3451.12
6-04-2014;3452.127
7-04-2014;3450.366
8-04-2014;3449.125
9-04-2014;3451.024
10-04-2014;3450.905
11-04-2014;3449.762
12-04-2014;3448.442
13-04-2014;3450.761
14-04-2014;3451.129
15-04-2014;3449.705
16-04-2014;3450.536
17-04-2014;3449.724
18-04-2014;3450.682
19-04-2014;3449.883
20-04-2014;3449.655
21-04-2014;3450.112
22-04-2014;3449.717
23-04-2014;3449.409
24-04-2014;3449.684
25-04-2014;3449.992
26-04-2014;3450.207
27-04-2014;3451.532
28-04-2014;3448.642
29-04-2014;3449.8
1-05-2014;3650.632
2-05-2014;3651.762
3-05-2014;3650.426
4-05-2014;3649.986
5-05-2014;3649.692
6-05-2014;3650.414
7-05-2014;3650.989
8-05-2014;3649.816
9-05-2014;3650.164
10-05-2014;3650.217
11-05-2014;3650.729
12-05-2014;3651.111
13-05-2014;3650.279
14-05-2014;3649.924
15-05-2014;3651.395
16-05-2014;3650.165
17-05-2014;3651.578
18-05-2014;3649.938
19-05-2014;3650.614
20-05-2014;3648.454
21-05-2014;3649.888
22-05-2014;3649.978
23-05-2014;3649.242
24-05-2014;3648.964
25-05-2014;3650.948
26-05-2014;3650.914
27-05-2014;3648.701
28-05-2014;3650.424
29-05-2014;3648.887
30-05-2014;3648.949
1-06-2014;3650.525
2-06-2014;3649.314
3-06-2014;3650.993
4-06-2014;3650.039
5-06-2014;3650.536
6-06-2014;3649.476
7-06-2014;3648.849
8-06-2014;3650.915
9-06-2014;3650.238
10-06-2014;3649.761
11-06-2014;3650.069
12-06-2014;3651.326
13-06-2014;3649.302
14-06-2014;3649.251
15-06-2014;3649.38
16-06-2014;3648.415
17-06-2014;3650.82
18-06-2014;3650.192
19-06-2014;3650.207
20-06-2014;3649.957
21-06-2014;3649.49
22-06-2014;3649.177
23-06-2014;3650.852
24-06-2014;3648.574
25-06-2014;3650.44
26-06-2014;3649.207
27-06-2014;3650.282
28-06-2014;3649.259
29-06-2014;3649.477
1-07-2014;3651.769
2-07-2014;3650.668
3-07-2014;3647.855
4-07-2014;3650.126
5-07-2014;3649.548
6-07-2014;3648.863
7-07-2014;3650.21
8-07-2014;3650.13
9-07-2014;3649.671
10-07-2014;3651.973
11-07-2014;3647.751
12-07-2014;3650.838
13-07-2014;3649.711
14-07-2014;3650.657
15-07-2014;3649.546
16-07-2014;3649.406
17-07-2014;3648.29
18-07-2014;3649.791
19-07-2014;3652.479
20-07-2014;3650.99
21-07-2014;3651.676
22-07-2014;3650.915
23-07-2014;3651.144
24-07-2014;3650.903
25-07-2014;3650.475
26-07-2014;3649.417
27-07-2014;3649.467
28-07-2014;3648.399
29-07-2014;3649.994
30-07-2014;3650.899
1-08-2014;3651.032
2-08-2014;3650.095
3-08-2014;3649.452
4-08-2014;3653.291
5-08-2014;3650.737
6-08-2014;3651.421
7-08-2014;3649.662
8-08-2014;3649.962
9-08-2014;3650.449
10-08-2014;3651.677
11-08-2014;3649.689
12-08-2014;3650.854
13-08-2014;3647.905
14-08-2014;3649.493
15-08-2014;3648.708
16-08-2014;3651.113
17-08-2014;3649.836
18-08-2014;3649.61
19-08-2014;3651.369
20-08-2014;3651.116
21-08-2014;3649.102
22-08-2014;3650.428
23-08-2014;3648.772
24-08-2014;3649.524
25-08-2014;3651.617
26-08-2014;3651.45
27-08-2014;3651.109
28-08-2014;3649.429
29-08-2014;3648.119
30-08-2014;3648.824
1-09-2014;3250.953
2-09-2014;3249.709
3-09-2014;3247.837
4-09-2014;3249.82
5-09-2014;3251.41
6-09-2014;3250.643
7-09-2014;3249.179
8-09-2014;3248.454
9-09-2014;3249.173
10-09-2014;3250.035
11-09-2014;3250.888
12-09-2014;3248.06
13-09-2014;3251.023
14-09-2014;3250.005
15-09-2014;3250.57
16-09-2014;3248.347
17-09-2014;3249.333
18-09-2014;3249.552
19-09-2014;3251.044
20-09-2014;3251.028
21-09-2014;3250.435
22-09-2014;3251.604
23-09-2014;3249.485
24-09-2014;3251.013
25-09-2014;3249.964
26-09-2014;3249.333
27-09-2014;3250.923
28-09-2014;3251.381
29-09-2014;3250.878
1-10-2014;3249.491
2-10-2014;3249.53
3-10-2014;3251.378
4-10-2014;3250.353
5-10-2014;3250.83
6-10-2014;3249.661
7-10-2014;3251.261
8-10-2014;3249.191
9-10-2014;3250.625
10-10-2014;3249.183
11-10-2014;3247.537
12-10-2014;3248.657
13-10-2014;3250.136
14-10-2014;3250.883
15-10-2014;3248.249
16-10-2014;3248.749
17-10-2014;3251.765
18-10-2014;3249.566
19-10-2014;3250.506
20-10-2014;3249.473
21-10-2014;3249.701
22-10-2014;3250.087
23-10-2014;3250.011
24-10-2014;3249.807
25-10-2014;3249.53
26-10-2014;3246.952
27-10-2014;3251.869
28-10-2014;3251.79
29-10-2014;3248.899
30-10-2014;3249.832
1-11-2014;3251.375
2-11-2014;3250.998
3-11-2014;3251.277
4-11-2014;3248.928
5-11-2014;3252.577
6-11-2014;3248.867
7-11-2014;3250.754
8-11-2014;3250.141
9-11-2014;3249.596
10-11-2014;3249.621
11-11-2014;3249.009
12-11-2014;3251.623
13-11-2014;3250.09
14-11-2014;3250.259
15-11-2014;3250.21
16-11-2014;3249.625
17-11-2014;3248.866
18-11-2014;3250.254
19-11-2014;3247.906
20-11-2014;3248.581
21-11-2014;3248.924
22-11-2014;3248.921
23-11-2014;3250.107
24-11-2014;3251.598
25-11-2014;3248.485
26-11-2014;3250.434
27-11-2014;3250.9
28-11-2014;3249.01
29-11-2014;3249.947
1-12-2014;3250.824
2-12-2014;3249.744
3-12-2014;3249.779
4-12-2014;3250.308
5-12-2014;3249.94
6-12-2014;3249.444
7-12-2014;3249.861
8-12-2014;3251.883
9-12-2014;3250.874
10-12-2014;3249.085
11-12-2014;3248.755
12-12-2014;3249.64
13-12-2014;3251.329
14-12-2014;3250.293
15-12-2014;3249.298
16-12-2014;3250.882
17-12-2014;3249.867
18-12-2014;3248.879
19-12-2014;3250.461
20-12-2014;3251.524
21-12-2014;3250.434
22-12-2014;3250.192
23-12-2014;3249.344
24-12-2014;3250.568
25-12-2014;3248.929
26-12-2014;3248.347
27-12-2014;3249.957
28-12-2014;3249.965
29-12-2014;3252.365
30-12-2014;3248.784
1-01-2015;3250.171
2-01-2015;3250.805
3-01-2015;3251.051
4-01-2015;3249.989
5-01-2015;3249.257
6-01-2015;3249.934
7-01-2015;3251.94
8-01-2015;3250.483
9-01-2015;3247.956
10-01-2015;3251.423
11-01-2015;3250.541
12-01-2015;3249.966
13-01-2015;3249.982
14-01-2015;3249.85
15-01-2015;3250.257
16-01-2015;3249.496
17-01-2015;3250.277
18-01-2015;3249.069
19-01-2015;3250.2
20-01-2015;3251.107
21-01-2015;3250.509
22-01-2015;3251.034
23-01-2015;3248.909
24-01-2015;3250.055
25-01-2015;3250.617
26-01-2015;3248.932
27-01-2015;3251.566
28-01-2015;3248.965
29-01-2015;3250.165
30-01-2015;3250.152
1-02-2015;3250.122
2-02-2015;3249.79
3-02-2015;3250.45
4-02-2015;3248.969
5-02-2015;3248.711
6-02-2015;3249.345
7-02-2015;3249.943
8-02-2015;3251.257
9-02-2015;3251.587
10-02-2015;3250.319
11-02-2015;3250.382
12-02-2015;3249.756
13-02-2015;3250.048
14-02-2015;3248.595
15-02-2015;3250.29
16-02-2015;3249.464
17-02-2015;3250.335
18-02-2015;3249.654
19-02-2015;3249.338
20-02-2015;3249.781
21-02-2015;3249.633
22-02-2015;3251.095
23-02-2015;3250.209
24-02-2015;3250.432
25-02-2015;3248.759
26-02-2015;3251.497
27-02-2015;3250.159
1-03-2015;3249.144
2-03-2015;3250.309
3-03-2015;3250.87
4-03-2015;3248.616
5-03-2015;3251.69
6-03-2015;3249.842
7-03-2015;3251.121
8-03-2015;3250.072
9-03-2015;3249.668
10-03-2015;3248.165
11-03-2015;3248.9
12-03-2015;3249.959
13-03-2015;3250.828
14-03-2015;3248.118
15-03-2015;3251.375
16-03-2015;3251.399
17-03-2015;3248.857
18-03-2015;3250.472
19-03-2015;3248.966
20-03-2015;3249.875
21-03-2015;3250.929
22-03-2015;3250.868
23-03-2015;3249.151
24-03-2015;3249.613
25-03-2015;3249.024
26-03-2015;3250.34
27-03-2015;3248.441
28-03-2015;3247.371
29-03-2015;3251.47
30-03-2015;3252.273
1-04-2015;3249.545
2-04-2015;3250.761
3-04-2015;3249.992
4-04-2015;3251.474
5-04-2015;3250.554
6-04-2015;3250.204
7-04-2015;3248.201
8-04-2015;3251.083
9-04-2015;3249.649
10-04-2015;3248.597
11-04-2015;3249.798
12-04-2015;3249.873
13-04-2015;3251.059
14-04-2015;3248.833
15-04-2015;3249.442
16-04-2015;3251.488
17-04-2015;3251.359
18-04-2015;3251.163
19-04-2015;3251.662
20-04-2015;3250.204
21-04-2015;3249.418
22-04-2015;3250.555
23-04-2015;3251.059
24-04-2015;3252.414
25-04-2015;3248.035
26-04-2015;3250.273
27-04-2015;3250.655
28-04-2015;3249.945
29-04-2015;3248.442
1-05-2015;3100.742
2-05-2015;3099.221
3-05-2015;3100.506
4-05-2015;3100.908
5-05-2015;3101.284
6-05-2015;3098.442
7-05-2015;3101.082
8-05-2015;3099.243
9-05-2015;3098.711
10-05-2015;3101.314
11-05-2015;3101.146
12-05-2015;3099.757
13-05-2015;3100.76
14-05-2015;3099.14
15-05-2015;3099.849
16-05-2015;3099.906
17-05-2015;3099.719
18-05-2015;3100.734
19-05-2015;3101.537
20-05-2015;3099.544
21-05-2015;3099.967
22-05-2015;3101.637
23-05-2015;3099.671
24-05-2015;3097.396
25-05-2015;3100.514
26-05-2015;3099.114
27-05-2015;3099.001
28-05-2015;3101.421
29-05-2015;3102.448
30-05-2015;3098.96
1-06-2015;3101.031
2-06-2015;3099.906
3-06-2015;3100.142
4-06-2015;3101.222
5-06-2015;3100.214
6-06-2015;3099.149
7-06-2015;3099.53
8-06-2015;3100.686
9-06-2015;3097.664
10-06-2015;3101.095
11-06-2015;3098.433
12-06-2015;3100.022
13-06-2015;3099.81
14-06-2015;3101.293
15-06-2015;3100.189
16-06-2015;3100.102
17-06-2015;3100.698
18-06-2015;3099.173
19-06-2015;3099.804
20-06-2015;3101.178
21-06-2015;3100.683
22-06-2015;3098.725
23-06-2015;3100.638
24-06-2015;3098.622
25-06-2015;3099.402
26-06-2015;3101.211
27-06-2015;3097.749
28-06-2015;3098.221
29-06-2015;3101.301
1-07-2015;3099.185
2-07-2015;3101.244
3-07-2015;3099.832
4-07-2015;3100.428
5-07-2015;3100.813
6-07-2015;3099.349
7-07-2015;3099.695
8-07-2015;3099.585
9-07-2015;3102.816
10-07-2015;3100.126
11-07-2015;3100.473
12-07-2015;3099.659
13-07-2015;3099.758
14-07-2015;3101.379
15-07-2015;3099.661
16-07-2015;3100.02
17-07-2015;3100.377
18-07-2015;3099.568
19-07-2015;3101.959
20-07-2015;3098.572
21-07-2015;3102.011
22-07-2015;3099.648
23-07-2015;3101.357
24-07-2015;3098.001
25-07-2015;3100.956
26-07-2015;3100.876
27-07-2015;3098.729
28-07-2015;3099.232
29-07-2015;3100.194
30-07-2015;3101.144
1-08-2015;3099.234
2-08-2015;3099.776
3-08-2015;3101.571
4-08-2015;3098.873
5-08-2015;3100.948
6-08-2015;3100.449
7-08-2015;3098.894
8-08-2015;3099.332
9-08-2015;3100.783
10-08-2015;3100.249
11-08-2015;3101.425
12-08-2015;3099.398
13-08-2015;3098.286
14-08-2015;3101.048
15-08-2015;3099.391
16-08-2015;3100.12
17-08-2015;3101.719
18-08-2015;3099.75
19-08-2015;3101.55
20-08-2015;3098.903
21-08-2015;3100.926
22-08-2015;3100.247
23-08-2015;3099.263
24-08-2015;3098.72
25-08-2015;3100.077
26-08-2015;3100.255
27-08-2015;3100.277
28-08-2015;3100.537
29-08-2015;3099.54
30-08-2015;3099.488
1-09-2015;3100.237
2-09-2015;3099.458
3-09-2015;3101.219
4-09-2015;3100.174
5-09-2015;3099.385
6-09-2015;3098.193
7-09-2015;3099.356
8-09-2015;3102.046
9-09-2015;3099.439
10-09-2015;3099.164
11-09-2015;3100.653
12-09-2015;3100.441
13-09-2015;3100.752
14-09-2015;3099.722
15-09-2015;3101.123
16-09-2015;3098.827
17-09-2015;3099.951
18-09-2015;3099.296
19-09-2015;3100.681
20-09-2015;3100.13
21-09-2015;3101.11
22-09-2015;3102.059
23-09-2015;3100.141
24-09-2015;3099.465
25-09-2015;3099.176
26-09-2015;3099.737
27-09-2015;3099.93
28-09-2015;3101.992
29-09-2015;3098.871
1-10-2015;2998.907
2-10-2015;2999.592
3-10-2015;3000.588
4-10-2015;3000.821
5-10-2015;2999.092
6-10-2015;3000.127
7-10-2015;2999.957
8-10-2015;3001.195
9-10-2015;3001.089
10-10-2015;2999.688
11-10-2015;3000.046
12-10-2015;3000.653
13-10-2015;2998.347
14-10-2015;2999.69
15-10-2015;3000.575
16-10-2015;2999.477
17-10-2015;2999.94
18-10-2015;2999.979
19-10-2015;2999.276
20-10-2015;2999.006
21-10-2015;2999.8
22-10-2015;2999.653
23-10-2015;3000.834
24-10-2015;3001.53
25-10-2015;2999.988
26-10-2015;3000.399
27-10-2015;2999.93
28-10-2015;3000.601
29-10-2015;3000.218
30-10-2015;3000.237
1-11-2015;3201.113
2-11-2015;3199.013
3-11-2015;3201.448
4-11-2015;3200.349
5-11-2015;3200.181
6-11-2015;3199.44
7-11-2015;3199.836
8-11-2015;3200.374
9-11-2015;3197.936
10-11-2015;3199.398
11-11-2015;3200.586
12-11-2015;3199.706
13-11-2015;3199.199
14-11-2015;3199.364
15-11-2015;3200.236
16-11-2015;3198.365
17-11-2015;3200.871
18-11-2015;3197.831
19-11-2015;3199.497
20-11-2015;3199.213
21-11-2015;3198.751
22-11-2015;3198.922
23-11-2015;3200.25
24-11-2015;3199.88
25-11-2015;3199.699
26-11-2015;3197.679
27-11-2015;3198.676
28-11-2015;3199.869
29-11-2015;3199.122
1-12-2015;3199.203
2-12-2015;3201.05
3-12-2015;3200.176
4-12-2015;3198.956
5-12-2015;3199.531
6-12-2015;3199.715
7-12-2015;3199.32
8-12-2015;3199.036
9-12-2015;3199.948
10-12-2015;3200.741
11-12-2015;3200.227
12-12-2015;3199.8
13-12-2015;3200.388
14-12-2015;3200.794
15-12-2015;3199.859
16-12-2015;3200.456
17-12-2015;3198.854
18-12-2015;3199.75
19-12-2015;3199.58
20-12-2015;3200.196
21-12-2015;3200.357
22-12-2015;3199.876
23-12-2015;3199.234
24-12-2015;3199.07
25-12-2015;3200.279
26-12-2015;3201.357
27-12-2015;3199.213
28-12-2015;3199.615
29-12-2015;3200.331
30-12-2015;3199.445
1-01-2016;3200.122
2-01-2016;3199.952
3-01-2016;3199.224
4-01-2016;3200.831
5-01-2016;3200.846
6-01-2016;3201.024
7-01-2016;3201.268
8-01-2016;3199.494
9-01-2016;3199.536
10-01-2016;3200.261
11-01-2016;3200.63
12-01-2016;3199.66
13-01-2016;3199.577
14-01-2016;3199.382
15-01-2016;3201.482
16-01-2016;3197.492
17-01-2016;3199.832
18-01-2016;3200.038
19-01-2016;3198.94
20-01-2016;3200.385
21-01-2016;3198.033
22-01-2016;3200.955
23-01-2016;3198.337
24-01-2016;3197.797
25-01-2016;3199.236
26-01-2016;3200.162
27-01-2016;3199.348
28-01-2016;3199.441
29-01-2016;3200.333
30-01-2016;3198.941
1-02-2016;3199.914
2-02-2016;3200.498
3-02-2016;3201.634
4-02-2016;3200.479
5-02-2016;3201.715
6-02-2016;3200.453
7-02-2016;3199.997
8-02-2016;3197.743
9-02-2016;3198.775
10-02-2016;3199.681
11-02-2016;3200.712
12-02-2016;3199.677
13-02-2016;3200.544
14-02-2016;3198.936
15-02-2016;3199.726
16-02-2016;3200.217
17-02-2016;3199.641
18-02-2016;3200.113
19-02-2016;3199.329
20-02-2016;3200.374
21-02-2016;3199.919
22-02-2016;3199.953
23-02-2016;3198.051
24-02-2016;3199.326
25-02-2016;3198.51
26-02-2016;3198.394
27-02-2016;3199.506
28-02-2016;3199.839
1-03-2016;3200.284
2-03-2016;3201.091
3-03-2016;3200.444
4-03-2016;3201.012
5-03-2016;3199.474
6-03-2016;3199.692
7-03-2016;3201.085
8-03-2016;3200.001
9-03-2016;3198.32
10-03-2016;3199.153
11-03-2016;3201.008
12-03-2016;3199.389
13-03-2016;3200.333
14-03-2016;3200.014
15-03-2016;3199.504
16-03-2016;3199.649
17-03-2016;3200.392
18-03-2016;3200.21
19-03-2016;3201.235
20-03-2016;3199.8
21-03-2016;3199.077
22-03-2016;3200.166
23-03-2016;3200.705
24-03-2016;3202.282
25-03-2016;3199.536
26-03-2016;3199.674
27-03-2016;3200.882
28-03-2016;3201.281
29-03-2016;3199.341
30-03-2016;3200.665
1-04-2016;3199.435
2-04-2016;3199.038
3-04-2016;3200.623
4-04-2016;3200.106
5-04-2016;3200.389
6-04-2016;3199.419
7-04-2016;3201.795
8-04-2016;3200.665
9-04-2016;3199.626
10-04-2016;3200.703
11-04-2016;3198.785
12-04-2016;3199.862
13-04-2016;3201.403
14-04-2016;3199.811
15-04-2016;3200.91
16-04-2016;3199.778
17-04-2016;3197.702
18-04-2016;3199.12
19-04-2016;3200.223
20-04-2016;3201.447
21-04-2016;3199.407
22-04-2016;3200.276
23-04-2016;3199.035
24-04-2016;3198.984
25-04-2016;3199.223
26-04-2016;3201.369
27-04-2016;3200.94
28-04-2016;3200.594
29-04-2016;3201.115
1-05-2016;4199.576
2-05-2016;4200.76
3-05-2016;4200.21
4-05-2016;4198.951
5-05-2016;4199.169
6-05-2016;4200.05
7-05-2016;4200.206
8-05-2016;4199.679
9-05-2016;4199.004
10-05-2016;4197.909
11-05-2016;4200.425
12-05-2016;4199.705
13-05-2016;4200.549
14-05-2016;4198.454
15-05-2016;4198.747
16-05-2016;4199.889
17-05-2016;4198.587
18-05-2016;4198.017
19-05-2016;4200.784
20-05-2016;4200.901
21-05-2016;4198.97
22-05-2016;4199.728
23-05-2016;4198.866
24-05-2016;4200.316
25-05-2016;4199.97
26-05-2016;4199.131
27-05-2016;4199.226
28-05-2016;4198.938
29-05-2016;4200.436
30-05-2016;4200.571
1-06-2016;4200.376
2-06-2016;4199.157
3-06-2016;4198.214
4-06-2016;4200.531
5-06-2016;4199.823
6-06-2016;4199.961
7-06-2016;4201.032
8-06-2016;4199.106
9-06-2016;4201.144
10-06-2016;4199.587
11-06-2016;4199.287
12-06-2016;4199.794
13-06-2016;4200.39
14-06-2016;4199.793
15-06-2016;4199.099
16-06-2016;4199.718
17-06-2016;4197.458
18-06-2016;4199.491
19-06-2016;4200.456
20-06-2016;4199.831
21-06-2016;4200.688
22-06-2016;4200.486
23-06-2016;4200.646
24-06-2016;4200.656
25-06-2016;4198.261
26-06-2016;4200.004
27-06-2016;4201.63
28-06-2016;4199.52
29-06-2016;4200.453
1-07-2016;4200.143
2-07-2016;4200.557
3-07-2016;4199.728
4-07-2016;4199.352
5-07-2016;4200.072
6-07-2016;4200.208
7-07-2016;4199.815
8-07-2016;4200.031
9-07-2016;4200.411
10-07-2016;4199.224
11-07-2016;4201.14
12-07-2016;4202.201
13-07-2016;4201.477
14-07-2016;4199.546
15-07-2016;4198.177
16-07-2016;4200.054
17-07-2016;4200.88
18-07-2016;4200.778
19-07-2016;4198.77
20-07-2016;4198.887
21-07-2016;4200.134
22-07-2016;4200.626
23-07-2016;4200.873
24-07-2016;4200.816
25-07-2016;4199.032
26-07-2016;4198.687
27-07-2016;4197.987
28-07-2016;4200.505
29-07-2016;4200.828
30-07-2016;4200.336
1-08-2016;4498.941
2-08-2016;4501.568
3-08-2016;4499.63
4-08-2016;4501.779
5-08-2016;4500.551
6-08-2016;4501.19
7-08-2016;4500.331
8-08-2016;4499.935
9-08-2016;4498.987
10-08-2016;4499.441
11-08-2016;4499.953
12-08-2016;4500.282
13-08-2016;4499.967
14-08-2016;4499.822
15-08-2016;4500.183
16-08-2016;4499.476
17-08-2016;4499.464
18-08-2016;4498.544
19-08-2016;4500.846
20-08-2016;4500.047
21-08-2016;4499.916
22-08-2016;4499.259
23-08-2016;4499.752
24-08-2016;4498.913
25-08-2016;4498.951
26-08-2016;4498.081
27-08-2016;4500.982
28-08-2016;4500.126
29-08-2016;4498.883
30-08-2016;4501.164
1-09-2016;4500.625
2-09-2016;4500.742
3-09-2016;4499.774
4-09-2016;4499.577
5-09-2016;4499.902
6-09-2016;4500.405
7-09-2016;4500.8
8-09-2016;4501.589
9-09-2016;4499.491
10-09-2016;4498.984
11-09-2016;4500.101
12-09-2016;4503.022
13-09-2016;4499.571
14-09-2016;4501.146
15-09-2016;4499.757
16-09-2016;4499.521
17-09-2016;4499.29
18-09-2016;4499.789
19-09-2016;4501.642
20-09-2016;4500.302
21-09-2016;4500.487
22-09-2016;4500.839
23-09-2016;4502.072
24-09-2016;4500.776
25-09-2016;4498.573
26-09-2016;4498.966
27-09-2016;4498.411
28-09-2016;4497.151
29-09-2016;4501.291
1-10-2016;4499.506
2-10-2016;4500.395
3-10-2016;4501.182
4-10-2016;4499.488
5-10-2016;4499.865
6-10-2016;4500.35
7-10-2016;4500.226
8-10-2016;4499.226
9-10-2016;4500.731
10-10-2016;4500.546
11-10-2016;4499.712
12-10-2016;4498.778
13-10-2016;4500.633
14-10-2016;4501.428
15-10-2016;4501.381
16-10-2016;4500.873
17-10-2016;4499.517
18-10-2016;4499.469
19-10-2016;4499.412
20-10-2016;4499.588
21-10-2016;4500.709
22-10-2016;4500.256
23-10-2016;4498.144
24-10-2016;4498.139
25-10-2016;4499.977
26-10-2016;4500.15
27-10-2016;4497.693
28-10-2016;4499.184
29-10-2016;4500.028
30-10-2016;4501.462
1-11-2016;4497.987
2-11-2016;4498.745
3-11-2016;4498.92
4-11-2016;4500.175
5-11-2016;4500.331
6-11-2016;4499.679
7-11-2016;4498.388
8-11-2016;4499.369
9-11-2016;4499.44
10-11-2016;4499.797
11-11-2016;4501.623
12-11-2016;4499.323
13-11-2016;4500.076
14-11-2016;4499.295
15-11-2016;4498.76
16-11-2016;4500.636
17-11-2016;4498.949
18-11-2016;4502.735
19-11-2016;4500.093
20-11-2016;4500.06
21-11-2016;4499.933
22-11-2016;4501.844
23-11-2016;4500.664
24-11-2016;4499.749
25-11-2016;4498.834
26-11-2016;4498.961
27-11-2016;4499.215
28-11-2016;4501.215
29-11-2016;4499.811
1-12-2016;4499.243
2-12-2016;4500.792
3-12-2016;4501.345
4-12-2016;4499.305
5-12-2016;4499.555
6-12-2016;4500.345
7-12-2016;4499.995
8-12-2016;4500.406
9-12-2016;4501.714
10-12-2016;4499.94
11-12-2016;4499.719
12-12-2016;4500.485
13-12-2016;4499.951
14-12-2016;4500.628
15-12-2016;4499.776
16-12-2016;4500.444
17-12-2016;4498.436
18-12-2016;4500.014
19-12-2016;4499.484
20-12-2016;4498.809
21-12-2016;4499.587
22-12-2016;4500.372
23-12-2016;4500.092
24-12-2016;4500.693
25-12-2016;4500.941
26-12-2016;4500.828
27-12-2016;4499.676
28-12-2016;4498.672
29-12-2016;4499.72
30-12-2016;4501.17
1-01-2017;4499.879
2-01-2017;4498.363
3-01-2017;4500.491
4-01-2017;4500.282
5-01-2017;4499.599
6-01-2017;4500.173
7-01-2017;4501.369
8-01-2017;4501.299
9-01-2017;4499.544
10-01-2017;4500.011
11-01-2017;4498.546
12-01-2017;4499.272
13-01-2017;4502.008
14-01-2017;4501.498
15-01-2017;4499.771
16-01-2017;4499.308
17-01-2017;4498.633
18-01-2017;4502.126
19-01-2017;4500.115
20-01-2017;4499.406
21-01-2017;4501.078
22-01-2017;4498.9
23-01-2017;4500.727
24-01-2017;4501.441
25-01-2017;4499.79
26-01-2017;4501.451
27-01-2017;4500.642
28-01-2017;4499.321
29-01-2017;4500.574
30-01-2017;4499.295
1-02-2017;4499.466
2-02-2017;4500.774
3-02-2017;4499.524
4-02-2017;4499.976
5-02-2017;4501.019
6-02-2017;4498.794
7-02-2017;4501.595
8-02-2017;4502.042
9-02-2017;4500.614
10-02-2017;4500.422
11-02-2017;4499.504
12-02-2017;4500.491
13-02-2017;4499.498
14-02-2017;4500.288
15-02-2017;4499.313
16-02-2017;4500.788
17-02-2017;4500.691
18-02-2017;4501.243
19-02-2017;4501.982
20-02-2017;4499.354
21-02-2017;4500.966
22-02-2017;4498.573
23-02-2017;4499.543
24-02-2017;4500.945
25-02-2017;4499.262
26-02-2017;4500.346
27-02-2017;4499.1
1-03-2017;4499.63
2-03-2017;4499.959
3-03-2017;4499.388
4-03-2017;4498.054
5-03-2017;4500.243
6-03-2017;4500.475
7-03-2017;4500.137
8-03-2017;4499.511
9-03-2017;4500.9
10-03-2017;4501.078
11-03-2017;4497.626
12-03-2017;4501.125
13-03-2017;4498.22
14-03-2017;4499.655
15-03-2017;4498.891
16-03-2017;4499.37
17-03-2017;4501.317
18-03-2017;4500.535
19-03-2017;4500.494
20-03-2017;4497.922
21-03-2017;4500.196
22-03-2017;4500.629
23-03-2017;4500.861
24-03-2017;4499.027
25-03-2017;4500.938
26-03-2017;4498.605
27-03-2017;4501.739
28-03-2017;4499.201
29-03-2017;4500.765
30-03-2017;4500.318
1-04-2017;4498.936
2-04-2017;4501.144
3-04-2017;4500.033
4-04-2017;4500.818
5-04-2017;4500.218
6-04-2017;4500.868
7-04-2017;4500.022
8-04-2017;4501.115
9-04-2017;4499.648
10-04-2017;4500.527
11-04-2017;4500.379
12-04-2017;4500.844
13-04-2017;4499.379
14-04-2017;4500.178
15-04-2017;4499.42
16-04-2017;4500.909
17-04-2017;4499.363
18-04-2017;4501.732
19-04-2017;4500.79
20-04-2017;4499.986
21-04-2017;4501.206
22-04-2017;4499.915
23-04-2017;4500.563
24-04-2017;4500.528
25-04-2017;4500.423
26-04-2017;4499.403
27-04-2017;4498.749
28-04-2017;4498.318
29-04-2017;4499.544
1-05-2017;4900.683
2-05-2017;4899.761
3-05-2017;4898.797
4-05-2017;4902.156
5-05-2017;4900.702
6-05-2017;4901.947
7-05-2017;4901.213
8-05-2017;4899.389
9-05-2017;4899.588
10-05-2017;4898.559
11-05-2017;4900.74
12-05-2017;4901.624
13-05-2017;4899.08
14-05-2017;4898.798
15-05-2017;4900.883
16-05-2017;4898.484
17-05-2017;4901.922
18-05-2017;4900.572
19-05-2017;4898.285
20-05-2017;4900.355
21-05-2017;4900.105
22-05-2017;4897.532
23-05-2017;4899.958
24-05-2017;4899.413
25-05-2017;4899.113
26-05-2017;4900.239
27-05-2017;4900.851
28-05-2017;4901.727
29-05-2017;4897.367
30-05-2017;4900.744
1-06-2017;4899.048
2-06-2017;4901.156
3-06-2017;4900.346
4-06-2017;4901.445
5-06-2017;4898.517
6-06-2017;4900.495
7-06-2017;4900.295
8-06-2017;4901.048
9-06-2017;4899.769
10-06-2017;4901.144
11-06-2017;4899.555
12-06-2017;4899.571
13-06-2017;4900.025
14-06-2017;4898.931
15-06-2017;4899.543
16-06-2017;4901.11
17-06-2017;4901.652
18-06-2017;4901.114
19-06-2017;4899.575
20-06-2017;4900.318
21-06-2017;4900.098
22-06-2017;4898.741
23-06-2017;4900.257
24-06-2017;4899.176
25-06-2017;4898.939
26-06-2017;4900.726
27-06-2017;4899.292
28-06-2017;4899.856
29-06-2017;4899.026
1-07-2017;4900.056
2-07-2017;4900.492
3-07-2017;4900.503
4-07-2017;4898.925
5-07-2017;4901.258
6-07-2017;4901.493
7-07-2017;4900.373
8-07-2017;4900.157
9-07-2017;4900.077
10-07-2017;4900.258
11-07-2017;4900.376
12-07-2017;4900.137
13-07-2017;4900.654
14-07-2017;4899.664
15-07-2017;4901.129
16-07-2017;4899.962
17-07-2017;4898.244
18-07-2017;4899.9
19-07-2017;4900.447
20-07-2017;4901.23
21-07-2017;4900.06
22-07-2017;4898.06
23-07-2017;4900.005
24-07-2017;4898.801
25-07-2017;4899.024
26-07-2017;4898.974
27-07-2017;4899.201
28-07-2017;4901.137
29-07-2017;4899.168
30-07-2017;4899.561
1-08-2017;4900.184
2-08-2017;4900.89
3-08-2017;4899.333
4-08-2017;4899.174
5-08-2017;4899.481
6-08-2017;4898.828
7-08-2017;4900.92
8-08-2017;4897.818
9-08-2017;4899.472
10-08-2017;4898.559
11-08-2017;4898.043
12-08-2017;4900.029
13-08-2017;4901.538
14-08-2017;4901.635
15-08-2017;4899.437
16-08-2017;4899.303
17-08-2017;4899.462
18-08-2017;4900.71
19-08-2017;4897.438
20-08-2017;4900.248
21-08-2017;4899.594
22-08-2017;4899.256
23-08-2017;4897.994
24-08-2017;4899.794
25-08-2017;4898.351
26-08-2017;4899.985
27-08-2017;4899.105
28-08-2017;4900.046
29-08-2017;4900.461
30-08-2017;4899.496
1-09-2017;5198.978
2-09-2017;5199.388
3-09-2017;5199.333
4-09-2017;5198.507
5-09-2017;5199.219
6-09-2017;5199.807
7-09-2017;5199.779
8-09-2017;5200.33
9-09-2017;5201.292
10-09-2017;5200.334
11-09-2017;5201.476
12-09-2017;5199.352
13-09-2017;5201.351
14-09-2017;5200.593
15-09-2017;5198.808
16-09-2017;5200.402
17-09-2017;5198.762
18-09-2017;5200.947
19-09-2017;5199.46
20-09-2017;5199.764
21-09-2017;5199.32
22-09-2017;5199.148
23-09-2017;5201.702
24-09-2017;5200.992
25-09-2017;5200.675
26-09-2017;5200.074
27-09-2017;5200.736
28-09-2017;5200.662
29-09-2017;5201.604
1-10-2017;5200.85
2-10-2017;5199.794
3-10-2017;5199.785
4-10-2017;5199.532
5-10-2017;5199.636
6-10-2017;5199.763
7-10-2017;5201.223
8-10-2017;5197.672
9-10-2017;5199.298
10-10-2017;5199.867
11-10-2017;5198.717
12-10-2017;5201.619
13-10-2017;5199.766
14-10-2017;5198.883
15-10-2017;5199.108
16-10-2017;5200.872
17-10-2017;5201.869
18-10-2017;5199.876
19-10-2017;5200.107
20-10-2017;5199.051
21-10-2017;5201.317
22-10-2017;5200.723
23-10-2017;5197.671
24-10-2017;5199.355
25-10-2017;5199.766
26-10-2017;5198.892
27-10-2017;5199.727
28-10-2017;5198.867
29-10-2017;5200.359
30-10-2017;5200.336
1-11-2017;5200.811
2-11-2017;5200.416
3-11-2017;5201.594
4-11-2017;5199.614
5-11-2017;5197.847
6-11-2017;5200.026
7-11-2017;5200.65
8-11-2017;5199.599
9-11-2017;5201.401
10-11-2017;5201.095
11-11-2017;5200.537
12-11-2017;5200.07
13-11-2017;5199.448
14-11-2017;5199.823
15-11-2017;5200.469
16-11-2017;5200.968
17-11-2017;5199.704
18-11-2017;5199.272
19-11-2017;5202.476
20-11-2017;5200.519
21-11-2017;5199.096
22-11-2017;5200.931
23-11-2017;5200.062
24-11-2017;5200.827
25-11-2017;5200.052
26-11-2017;5199.942
27-11-2017;5200.091
28-11-2017;5200.413
29-11-2017;5199.39
1-12-2017;5199.345
2-12-2017;5199.815
3-12-2017;5200.171
4-12-2017;5199.683
5-12-2017;5200.317
6-12-2017;5198.898
7-12-2017;5198.569
8-12-2017;5201.892
9-12-2017;5200.398
10-12-2017;5199.603
11-12-2017;5199.72
12-12-2017;5200.785
13-12-2017;5199.79
14-12-2017;5200.192
15-12-2017;5199.735
16-12-2017;5199.499
17-12-2017;5200.602
18-12-2017;5200.141
19-12-2017;5201.302
20-12-2017;5198.875
21-12-2017;5199.865
22-12-2017;5199.791
23-12-2017;5198.925
24-12-2017;5200.998
25-12-2017;5199.893
26-12-2017;5198.614
27-12-2017;5199.408
28-12-2017;5198.895
29-12-2017;5201.039
30-12-2017;5202.543
1-01-2018;5199.326
2-01-2018;5199.908
3-01-2018;5200.28
4-01-2018;5202.709
5-01-2018;5197.671
6-01-2018;5199.486
7-01-2018;5198.797
8-01-2018;5199.772
9-01-2018;5199.724
10-01-2018;5199.27
11-01-2018;5201.834
12-01-2018;5200.257
13-01-2018;5202.394
14-01-2018;5200.824
15-01-2018;5198.735
16-01-2018;5199.247
17-01-2018;5200.273
18-01-2018;5199.422
19-01-2018;5200.354
20-01-2018;5200.733
21-01-2018;5200.421
22-01-2018;5199.865
23-01-2018;5199.356
24-01-2018;5198.711
25-01-2018;5200.341
26-01-2018;5200.922
27-01-2018;5199.92
28-01-2018;5200.754
29-01-2018;5202.228
30-01-2018;5201.934
1-02-2018;5199.505
2-02-2018;5200.547
3-02-2018;5199.298
4-02-2018;5200.69
5-02-2018;5199.942
6-02-2018;5200.278
7-02-2018;5199.141
8-02-2018;5201.205
9-02-2018;5199.916
10-02-2018;5199.554
11-02-2018;5199.923
12-02-2018;5200.076
13-02-2018;5201.637
14-02-2018;5198.889
15-02-2018;5202.459
16-02-2018;5199.227
17-02-2018;5200.175
18-02-2018;5197.942
19-02-2018;5199.346
20-02-2018;5200.732
21-02-2018;5200.505
22-02-2018;5200.411
23-02-2018;5199.533
24-02-2018;5198.156
25-02-2018;5198.927
26-02-2018;5199.77
27-02-2018;5200.622
1-03-2018;5200.837
2-03-2018;5199.697
3-03-2018;5199.848
4-03-2018;5199.837
5-03-2018;5200.058
6-03-2018;5201.537
7-03-2018;5199.273
8-03-2018;5199.795
9-03-2018;5200.079
10-03-2018;5198.662
11-03-2018;5199.079
12-03-2018;5200.2
13-03-2018;5200.427
14-03-2018;5201.14
15-03-2018;5199.534
16-03-2018;5201.454
17-03-2018;5199.135
18-03-2018;5198.404
19-03-2018;5198.054
20-03-2018;5201.104
21-03-2018;5200.305
22-03-2018;5199.87
23-03-2018;5199.706
24-03-2018;5201.586
25-03-2018;5201.201
26-03-2018;5198.996
27-03-2018;5198.609
28-03-2018;5201.085
29-03-2018;5200.561
30-03-2018;5199.489
1-04-2018;5200.396
2-04-2018;5197.977
3-04-2018;5199.335
4-04-2018;5200.435
5-04-2018;5199.927
6-04-2018;5198.718
7-04-2018;5201.015
8-04-2018;5201.163
9-04-2018;5199.06
10-04-2018;5199.815
11-04-2018;5200.731
12-04-2018;5200.864
13-04-2018;5199.471
14-04-2018;5199.121
15-04-2018;5200.345
16-04-2018;5198.084
17-04-2018;5199.05
18-04-2018;5200.774
19-04-2018;5198.296
20-04-2018;5198.799
21-04-2018;5199.759
22-04-2018;5199.698
23-04-2018;5198.246
24-04-2018;5200.509
25-04-2018;5198.979
26-04-2018;5199.842
27-04-2018;5199.803
28-04-2018;5200.697
29-04-2018;5199.934
1-05-2018;4999.866
2-05-2018;5001.655
3-05-2018;5000.372
4-05-2018;5000.624
5-05-2018;5000.475
6-05-2018;5000.572
7-05-2018;5001.336
8-05-2018;4999.943
9-05-2018;5000.243
10-05-2018;5001.97
11-05-2018;4999.47
12-05-2018;5001.291
13-05-2018;4999.393
14-05-2018;5001.71
15-05-2018;4999.334
16-05-2018;4999.186
17-05-2018;5001.036
18-05-2018;5000.965
19-05-2018;5000.552
20-05-2018;5000.273
21-05-2018;5000.242
22-05-2018;5002.055
23-05-2018;4998.567
24-05-2018;4999.014
25-05-2018;4998.721
26-05-2018;5000.961
27-05-2018;4999.754
28-05-2018;4999.87
29-05-2018;5001.783
30-05-2018;4999.421
1-06-2018;5002.023
2-06-2018;4998.591
3-06-2018;5001.318
4-06-2018;5000.323
5-06-2018;4999.611
6-06-2018;4999.827
7-06-2018;5001.339
8-06-2018;5001.704
9-06-2018;4998.322
10-06-2018;5003.421
11-06-2018;5002.578
12-06-2018;4999.475
13-06-2018;4999.936
14-06-2018;4999.336
15-06-2018;4999.907
16-06-2018;5000.74
17-06-2018;5000.103
18-06-2018;5000.192
19-06-2018;5001.479
20-06-2018;4997.796
21-06-2018;4999.509
22-06-2018;5000.144
23-06-2018;4999.217
24-06-2018;5001.061
25-06-2018;4999.554
26-06-2018;4999.571
27-06-2018;5001.189
28-06-2018;5000.834
29-06-2018;4999.85
1-07-2018;4999.672
2-07-2018;4998.552
3-07-2018;4999.303
4-07-2018;5002.598
5-07-2018;4999.963
6-07-2018;5000.913
7-07-2018;4999.815
8-07-2018;5000.61
9-07-2018;4999.947
10-07-2018;5001.364
11-07-2018;4999.496
12-07-2018;4998.291
13-07-2018;5000.899
14-07-2018;4999.762
15-07-2018;5001.463
16-07-2018;5000.124
17-07-2018;5001.454
18-07-2018;5000.35
19-07-2018;4999.651
20-07-2018;5000.726
21-07-2018;4999.541
22-07-2018;5001.685
23-07-2018;5000.147
24-07-2018;4997.97
25-07-2018;4999.528
26-07-2018;4998.368
27-07-2018;4997.822
28-07-2018;5000.059
29-07-2018;5000.648
30-07-2018;4999.239
1-08-2018;4998.671
2-08-2018;4999.398
3-08-2018;4998.449
4-08-2018;5000.703
5-08-2018;5000.575
6-08-2018;4998.405
7-08-2018;4999.376
8-08-2018;5001.047
9-08-2018;4999.832
10-08-2018;5000.01
11-08-2018;5000.417
12-08-2018;5000.627
13-08-2018;5001.206
14-08-2018;5000.773
15-08-2018;4998.622
16-08-2018;4999.638
17-08-2018;5000.302
18-08-2018;4999.891
19-08-2018;4997.821
20-08-2018;4999.242
21-08-2018;5001.015
22-08-2018;5000.158
23-08-2018;4998.527
24-08-2018;5000.216
25-08-2018;4999.841
26-08-2018;5000.672
27-08-2018;5002.107
28-08-2018;4998.484
29-08-2018;4999.495
30-08-2018;4999.861
1-09-2018;4997.864
2-09-2018;4999.969
3-09-2018;4999.407
4-09-2018;5002.236
5-09-2018;4997.082
6-09-2018;5001.488
7-09-2018;5001.008
8-09-2018;5000.735
9-09-2018;5000.147
10-09-2018;4999.289
11-09-2018;5001.106
12-09-2018;4999.114
13-09-2018;5000.695
14-09-2018;5000.403
15-09-2018;5001.076
16-09-2018;4999.403
17-09-2018;4999.419
18-09-2018;5000.302
19-09-2018;5000.306
20-09-2018;5001.374
21-09-2018;5000.485
22-09-2018;5000.145
23-09-2018;5000.843
24-09-2018;4999.456
25-09-2018;5001.093
26-09-2018;4998.977
27-09-2018;5000.338
28-09-2018;4998.293
29-09-2018;5000.246
1-10-2018;4998.432
2-10-2018;4999.769
3-10-2018;4998.243
4-10-2018;4999.36
5-10-2018;4999.224
6-10-2018;5000.555
7-10-2018;4999.418
8-10-2018;4999.231
9-10-2018;5001.222
10-10-2018;5001.669
11-10-2018;5001.093
12-10-2018;4998.509
13-10-2018;5001.277
14-10-2018;4998.771
15-10-2018;4999.928
16-10-2018;5000.734
17-10-2018;4999.786
18-10-2018;4999.85
19-10-2018;5000.125
20-10-2018;5000.428
21-10-2018;5000.411
22-10-2018;4998.274
23-10-2018;4999.824
24-10-2018;5000.287
25-10-2018;5000.591
26-10-2018;4999.683
27-10-2018;4999.297
28-10-2018;4998.632
29-10-2018;4999.271
30-10-2018;4999.878
1-11-2018;5199.365
2-11-2018;5200.595
3-11-2018;5200.368
4-11-2018;5198.391
5-11-2018;5200.317
6-11-2018;5200.542
7-11-2018;5199.739
8-11-2018;5199.974
9-11-2018;5199.568
10-11-2018;5199.707
11-11-2018;5198.993
12-11-2018;5200.425
13-11-2018;5198.775
14-11-2018;5199.41
15-11-2018;5199.086
16-11-2018;5199.129
17-11-2018;5199.631
18-11-2018;5199.515
19-11-2018;5199.3
20-11-2018;5199.747
21-11-2018;5198.415
22-11-2018;5200.111
23-11-2018;5200.632
24-11-2018;5198.717
25-11-2018;5198.587
26-11-2018;5202.232
27-11-2018;5200.24
28-11-2018;5200.053
29-11-2018;5199.801
1-12-2018;5200.493
2-12-2018;5200.037
3-12-2018;5199.454
4-12-2018;5199.568
5-12-2018;5199.656
6-12-2018;5199.68
7-12-2018;5199.248
8-12-2018;5201.074
9-12-2018;5200.094
10-12-2018;5199.227
11-12-2018;5200.591
12-12-2018;5200.35
13-12-2018;5199.862
14-12-2018;5200.401
15-12-2018;5199.094
16-12-2018;5199.801
17-12-2018;5199.001
18-12-2018;5198.816
19-12-2018;5199.669
20-12-2018;5200.168
21-12-2018;5199.087
22-12-2018;5199.825
23-12-2018;5198.17
24-12-2018;5199.553
25-12-2018;5201.171
26-12-2018;5198.849
27-12-2018;5198.807
28-12-2018;5199.78
29-12-2018;5200.535
30-12-2018;5201.236
1-01-2019;5202.654
2-01-2019;5200.801
3-01-2019;5200.671
4-01-2019;5202.028
5-01-2019;5199.699
6-01-2019;5199.787
7-01-2019;5200.253
8-01-2019;5198.58
9-01-2019;5198.165
10-01-2019;5201.807
11-01-2019;5199.425
12-01-2019;5199.542
13-01-2019;5199.007
14-01-2019;5200.144
15-01-2019;5200.591
16-01-2019;5199.771
17-01-2019;5200.015
18-01-2019;5200.951
19-01-2019;5199.989
20-01-2019;5199.439
21-01-2019;5199.939
22-01-2019;5199.158
23-01-2019;5200.102
24-01-2019;5199.102
25-01-2019;5201.394
26-01-2019;5197.513
27-01-2019;5200.401
28-01-2019;5199.512
29-01-2019;5201.987
30-01-2019;5199.766
1-02-2019;5200.482
2-02-2019;5200.387
3-02-2019;5200.248
4-02-2019;5200.518
5-02-2019;5201.997
6-02-2019;5200.928
7-02-2019;5200.196
8-02-2019;5201.79
9-02-2019;5200.583
10-02-2019;5200.65
11-02-2019;5201.245
12-02-2019;5200.161
13-02-2019;5200.725
14-02-2019;5199.726
15-02-2019;5200.125
16-02-2019;5200.04
17-02-2019;5199.36
18-02-2019;5202.035
19-02-2019;5199.441
20-02-2019;5199.644
21-02-2019;5201.324
22-02-2019;5199.979
23-02-2019;5201.168
24-02-2019;5199.393
25-02-2019;5199.987
26-02-2019;5199.749
27-02-2019;5199.031
1-03-2019;5199.697
2-03-2019;5199.345
3-03-2019;5200.857
4-03-2019;5199.709
5-03-2019;5199.917
6-03-2019;5199.172
7-03-2019;5200.215
8-03-2019;5198.388
9-03-2019;5197.05
10-03-2019;5201.88
11-03-2019;5200.757
12-03-2019;5200.635
13-03-2019;5197.763
14-03-2019;5200.677
15-03-2019;5200.52
16-03-2019;5199.922
17-03-2019;5200.825
18-03-2019;5201.121
19-03-2019;5199.878
20-03-2019;5201.945
21-03-2019;5200.988
22-03-2019;5201.224
23-03-2019;5199.685
24-03-2019;5199.869
25-03-2019;5199.077
26-03-2019;5200.407
27-03-2019;5200.264
28-03-2019;5200.091
29-03-2019;5199.319
30-03-2019;5199.768
1-04-2019;5201.985
2-04-2019;5199.071
3-04-2019;5199.594
4-04-2019;5198.597
5-04-2019;5198.759
6-04-2019;5199.713
7-04-2019;5199.609
8-04-2019;5199.383
9-04-2019;5199.226
10-04-2019;5199.803
11-04-2019;5201.134
12-04-2019;5199.642
13-04-2019;5198.717
14-04-2019;5198.931
15-04-2019;5197.996
16-04-2019;5198.289
17-04-2019;5199.253
18-04-2019;5199.024
19-04-2019;5198.851
20-04-2019;5201.989
21-04-2019;5201.751
22-04-2019;5202.564
23-04-2019;5200.776
24-04-2019;5199.839
25-04-2019;5198.957
26-04-2019;5198.899
27-04-2019;5199.503
28-04-2019;5201.281
29-04-2019;5200.666
1-05-2019;6000.89
2-05-2019;5999.813
3-05-2019;5998.446
4-05-2019;6000.326
5-05-2019;5999.785
6-05-2019;5999.696
7-05-2019;6002.184
8-05-2019;6000.87
9-05-2019;5999.772
10-05-2019;5998.097
11-05-2019;5999.713
12-05-2019;6000.99
13-05-2019;6000.373
14-05-2019;6000.272
15-05-2019;6001.045
16-05-2019;5999.831
17-05-2019;5999.654
18-05-2019;5999.746
19-05-2019;6000.735
20-05-2019;5999.731
21-05-2019;6000.76
22-05-2019;5998.772
23-05-2019;5998.729
24-05-2019;6000.127
25-05-2019;6000.76
26-05-2019;5999.592
27-05-2019;5999.423
28-05-2019;5997.161
29-05-2019;6000.374
30-05-2019;5999.097
1-06-2019;6100.403
2-06-2019;6101.427
3-06-2019;6099.504
4-06-2019;6100.697
5-06-2019;6099.847
6-06-2019;6100.369
7-06-2019;6098.844
8-06-2019;6100.418
9-06-2019;6101.305
10-06-2019;6101.797
11-06-2019;6098.813
12-06-2019;6100.534
13-06-2019;6099.492
14-06-2019;6100.523
15-06-2019;6099.822
16-06-2019;6099.752
17-06-2019;6100.682
18-06-2019;6100.746
19-06-2019;6100.279
20-06-2019;6100.464
21-06-2019;6100.378
22-06-2019;6100.278
23-06-2019;6100.091
24-06-2019;6100.916
25-06-2019;6100.71
26-06-2019;6100.794
27-06-2019;6101.107
28-06-2019;6100.549
29-06-2019;6099.847
1-07-2019;6098.911
2-07-2019;6099.512
3-07-2019;6099.13
4-07-2019;6099.701
5-07-2019;6099.475
6-07-2019;6099.803
7-07-2019;6098.976
8-07-2019;6099.378
9-07-2019;6100.356
10-07-2019;6100.214
11-07-2019;6099.596
12-07-2019;6101.013
13-07-2019;6098.359
14-07-2019;6100.483
15-07-2019;6101.57
16-07-2019;6099.592
17-07-2019;6100.388
18-07-2019;6099.442
19-07-2019;6099.978
20-07-2019;6100.816
21-07-2019;6099.086
22-07-2019;6099.445
23-07-2019;6100.532
24-07-2019;6100.416
25-07-2019;6100.807
26-07-2019;6101.253
27-07-2019;6100.77
28-07-2019;6098.922
29-07-2019;6100.154
30-07-2019;6099.601
1-08-2019;6099.994
2-08-2019;6100.917
3-08-2019;6100.276
4-08-2019;6100.155
5-08-2019;6099.88
6-08-2019;6100.397
7-08-2019;6098.821
8-08-2019;6099.578
9-08-2019;6101.617
10-08-2019;6100.616
11-08-2019;6099.038
12-08-2019;6098.771
13-08-2019;6099.041
14-08-2019;6100.58
15-08-2019;6100.433
16-08-2019;6099.431
17-08-2019;6099.631
18-08-2019;6100.978
19-08-2019;6099.693
20-08-2019;6099.942
21-08-2019;6100.353
22-08-2019;6099.818
23-08-2019;6099.265
24-08-2019;6099.587
25-08-2019;6098.919
26-08-2019;6100.469
27-08-2019;6101.332
28-08-2019;6100.244
29-08-2019;6100.813
30-08-2019;6099.349
1-09-2019;6099.86
2-09-2019;6099.864
3-09-2019;6098.569
4-09-2019;6100.089
5-09-2019;6100.479
6-09-2019;6100.683
7-09-2019;6101.316
8-09-2019;6098.527
9-09-2019;6100.618
10-09-2019;6100.717
11-09-2019;6099.79
12-09-2019;6100.602
13-09-2019;6098.585
14-09-2019;6100.214
15-09-2019;6096.871
16-09-2019;6100.312
17-09-2019;6101.602
18-09-2019;6101.542
19-09-2019;6097.34
20-09-2019;6100.535
21-09-2019;6099.65
22-09-2019;6099.975
23-09-2019;6097.784
24-09-2019;6100.385
25-09-2019;6099.473
26-09-2019;6100.374
27-09-2019;6099.809
28-09-2019;6098.975
29-09-2019;6100.333
1-10-2019;6100.595
2-10-2019;6100.054
3-10-2019;6100.567
4-10-2019;6099.536
5-10-2019;6101.285
6-10-2019;6099.642
7-10-2019;6099.42
8-10-2019;6101.042
9-10-2019;6101.115
10-10-2019;6100.681
11-10-2019;6100.221
12-10-2019;6101.595
13-10-2019;6098.989
14-10-2019;6101.138
15-10-2019;6101.714
16-10-2019;6100.055
17-10-2019;6100.586
18-10-2019;6100.61
19-10-2019;6101.194
20-10-2019;6099.141
21-10-2019;6100.896
22-10-2019;6098.291
23-10-2019;6102.077
24-10-2019;6099.429
25-10-2019;6099.684
26-10-2019;6100.259
27-10-2019;6098.75
28-10-2019;6099.737
29-10-2019;6100.061
30-10-2019;6099.66
1-11-2019;6102.026
2-11-2019;6098.213
3-11-2019;6099.895
4-11-2019;6101.179
5-11-2019;6099.164
6-11-2019;6099.861
7-11-2019;6101.943
8-11-2019;6098.133
9-11-2019;6099.196
10-11-2019;6098.802
11-11-2019;6100.63
12-11-2019;6099.134
13-11-2019;6100.468
14-11-2019;6099.354
15-11-2019;6099.847
16-11-2019;6100.856
17-11-2019;6100.137
18-11-2019;6098.059
19-11-2019;6099.464
20-11-2019;6100.714
21-11-2019;6101.86
22-11-2019;6098.885
23-11-2019;6099.771
24-11-2019;6099.918
25-11-2019;6099.267
26-11-2019;6098.617
27-11-2019;6101.839
28-11-2019;6101.478
29-11-2019;6098.593
1-12-2019;6098.116
2-12-2019;6099.723
3-12-2019;6100.43
4-12-2019;6099.871
5-12-2019;6101.129
6-12-2019;6099.753
7-12-2019;6098.834
8-12-2019;6101.52
9-12-2019;6099.766
10-12-2019;6099.716
11-12-2019;6099.737
12-12-2019;6100.056
13-12-2019;6097.681
14-12-2019;6100.683
15-12-2019;6100.721
16-12-2019;6100.629
17-12-2019;6099.589
18-12-2019;6100.099
19-12-2019;6098.565
20-12-2019;6100.36
21-12-2019;6099.183
22-12-2019;6101.317
23-12-2019;6099.074
24-12-2019;6097.941
25-12-2019;6100.173
26-12-2019;6098.369
27-12-2019;6099.072
28-12-2019;6100.804
29-12-2019;6101.872
30-12-2019;6099.737
1-01-2020;6100.972
2-01-2020;6098.623
3-01-2020;6101.731
4-01-2020;6099.995
5-01-2020;6099.22
6-01-2020;6100.398
7-01-2020;6099.191
8-01-2020;6100.05
9-01-2020;6100.102
10-01-2020;6101.169
11-01-2020;6099.433
12-01-2020;6099.625
13-01-2020;6100.124
14-01-2020;6100.897
15-01-2020;6101.896
16-01-2020;6101.582
17-01-2020;6100.96
18-01-2020;6098.097
19-01-2020;6100.947
20-01-2020;6100.753
21-01-2020;6099.302
22-01-2020;6099.435
23-01-2020;6098.631
24-01-2020;6099.987
25-01-2020;6100.091
26-01-2020;6098.246
27-01-2020;6098.419
28-01-2020;6100.174
29-01-2020;6098.973
30-01-2020;6099.701
1-02-2020;6101.008
2-02-2020;6099.574
3-02-2020;6100.127
4-02-2020;6100.616
5-02-2020;6098.875
6-02-2020;6101.243
7-02-2020;6100.917
8-02-2020;6101.273
9-02-2020;6099.574
10-02-2020;6098.536
11-02-2020;6100.511
12-02-2020;6100.619
13-02-2020;6102.54
14-02-2020;6101.719
15-02-2020;6099.535
16-02-2020;6098.993
17-02-2020;6100.621
18-02-2020;6101.993
19-02-2020;6098.817
20-02-2020;6099.219
21-02-2020;6101.748
22-02-2020;6101.837
23-02-2020;6100.195
24-02-2020;6098.38
25-02-2020;6099.457
26-02-2020;6101.167
27-02-2020;6102.154
28-02-2020;6099.984
1-03-2020;6099.369
2-03-2020;6100.305
3-03-2020;6100.145
4-03-2020;6099.091
5-03-2020;6100.592
6-03-2020;6101.39
7-03-2020;6100.013
8-03-2020;6100.626
9-03-2020;6100.252
10-03-2020;6100.462
11-03-2020;6099.786
12-03-2020;6101.198
13-03-2020;6100.232
14-03-2020;6099.497
15-03-2020;6100.63
16-03-2020;6100.957
17-03-2020;6099.926
18-03-2020;6097.322
19-03-2020;6101.636
20-03-2020;6099.249
21-03-2020;6099.651
22-03-2020;6101.619
23-03-2020;6098.102
24-03-2020;6098.893
25-03-2020;6099.251
26-03-2020;6098.687
27-03-2020;6101.103
28-03-2020;6101.264
29-03-2020;6100.501
30-03-2020;6099.561
1-04-2020;6099.576
2-04-2020;6099.432
3-04-2020;6099.475
4-04-2020;6100.483
5-04-2020;6100.909
6-04-2020;6099.543
7-04-2020;6100.319
8-04-2020;6097.614
9-04-2020;6100.076
10-04-2020;6099.122
11-04-2020;6101.099
12-04-2020;6101.186
13-04-2020;6097.804
14-04-2020;6100.922
15-04-2020;6099.434
16-04-2020;6099.836
17-04-2020;6100.899
18-04-2020;6100.689
19-04-2020;6099.181
20-04-2020;6100.32
21-04-2020;6099.533
22-04-2020;6101.252
23-04-2020;6098.429
24-04-2020;6100.82
25-04-2020;6101.391
26-04-2020;6097.39
27-04-2020;6100.648
28-04-2020;6099.637
29-04-2020;6100.11
1-05-2020;6199.73
2-05-2020;6200.692
3-05-2020;6200.928
4-05-2020;6200.593
5-05-2020;6199.894
6-05-2020;6199.576
7-05-2020;6199.86
8-05-2020;6199.773
9-05-2020;6200.205
10-05-2020;6199.175
11-05-2020;6200.585
12-05-2020;6199.002
13-05-2020;6198.516
14-05-2020;6200.258
15-05-2020;6200.415
16-05-2020;6201.025
17-05-2020;6200.726
18-05-2020;6200.22
19-05-2020;6200.692
20-05-2020;6199.02
21-05-2020;6198.859
22-05-2020;6198.785
23-05-2020;6200.045
24-05-2020;6200.661
25-05-2020;6200.906
26-05-2020;6201.484
27-05-2020;6200.329
28-05-2020;6199.872
29-05-2020;6199.339
30-05-2020;6200.254
1-06-2020;6199.936
2-06-2020;6199.675
3-06-2020;6199.323
4-06-2020;6198.994
5-06-2020;6199.017
6-06-2020;6201.469
7-06-2020;6200.251
8-06-2020;6199.57
9-06-2020;6198.421
10-06-2020;6200.193
11-06-2020;6199.503
12-06-2020;6199.914
13-06-2020;6199.793
14-06-2020;6200.776
15-06-2020;6199.931
16-06-2020;6199.822
17-06-2020;6202.373
18-06-2020;6201.087
19-06-2020;6200.13
20-06-2020;6199.269
21-06-2020;6201.179
22-06-2020;6199.067
23-06-2020;6199.952
24-06-2020;6200.853
25-06-2020;6199.589
26-06-2020;6199.633
27-06-2020;6200.44
28-06-2020;6200.139
29-06-2020;6199.751
1-07-2020;6199.791
2-07-2020;6200.251
3-07-2020;6200.467
4-07-2020;6201.294
5-07-2020;6199.581
6-07-2020;6201.317
7-07-2020;6198.535
8-07-2020;6199.355
9-07-2020;6198.647
10-07-2020;6200.309
11-07-2020;6200.421
12-07-2020;6198.634
13-07-2020;6200.048
14-07-2020;6199.086
15-07-2020;6200.494
16-07-2020;6198.445
17-07-2020;6200.865
18-07-2020;6199.956
19-07-2020;6198.964
20-07-2020;6199.917
21-07-2020;6199.734
22-07-2020;6199.636
23-07-2020;6198.503
24-07-2020;6199.415
25-07-2020;6199.827
26-07-2020;6198.517
27-07-2020;6200.302
28-07-2020;6201.373
29-07-2020;6200.782
30-07-2020;6199.201
1-08-2020;6199.343
2-08-2020;6199.534
3-08-2020;6200.606
4-08-2020;6199.96
5-08-2020;6199.055
6-08-2020;6198.488
7-08-2020;6200.559
8-08-2020;6198.956
9-08-2020;6200.497
10-08-2020;6200.073
11-08-2020;6200.722
12-08-2020;6201.094
13-08-2020;6198.577
14-08-2020;6201.022
15-08-2020;6200.688
16-08-2020;6199.693
17-08-2020;6199.98
18-08-2020;6200.488
19-08-2020;6200.661
20-08-2020;6198.286
21-08-2020;6201.459
22-08-2020;6198.592
23-08-2020;6197.919
24-08-2020;6200.954
25-08-2020;6198.488
26-08-2020;6199.776
27-08-2020;6198.653
28-08-2020;6198.205
29-08-2020;6199.558
30-08-2020;6200.647
1-09-2020;6200.316
2-09-2020;6199.358
3-09-2020;6199.984
4-09-2020;6199.901
5-09-2020;6199.976
6-09-2020;6199.554
7-09-2020;6200.361
8-09-2020;6198.917
9-09-2020;6200.378
10-09-2020;6199.661
11-09-2020;6199.664
12-09-2020;6200.706
13-09-2020;6199.572
14-09-2020;6199.015
15-09-2020;6198.797
16-09-2020;6200.669
17-09-2020;6197.667
18-09-2020;6199.583
19-09-2020;6200.181
20-09-2020;6198.625
21-09-2020;6200.007
22-09-2020;6200.67
23-09-2020;6198.176
24-09-2020;6199.113
25-09-2020;6201.762
26-09-2020;6199.345
27-09-2020;6199.034
28-09-2020;6199.142
29-09-2020;6199.566
1-10-2020;6200.186
2-10-2020;6199.296
3-10-2020;6200.202
4-10-2020;6200.702
5-10-2020;6200.336
6-10-2020;6200.75
7-10-2020;6199.199
8-10-2020;6199.877
9-10-2020;6200.664
10-10-2020;6200.055
11-10-2020;6200.213
12-10-2020;6200.051
13-10-2020;6200.183
14-10-2020;6199.975
15-10-2020;6198.901
16-10-2020;6200.174
17-10-2020;6199.545
18-10-2020;6201.436
19-10-2020;6199.47
20-10-2020;6200.152
21-10-2020;6198.027
22-10-2020;6199.341
23-10-2020;6199.172
24-10-2020;6201.232
25-10-2020;6199.849
26-10-2020;6200.145
27-10-2020;6200.3
28-10-2020;6199.469
29-10-2020;6200.301
30-10-2020;6201.507
1-11-2020;6200.617
2-11-2020;6200.714
3-11-2020;6199.165
4-11-2020;6200.179
5-11-2020;6200.293
6-11-2020;6199.345
7-11-2020;6200.117
8-11-2020;6201.974
9-11-2020;6199.025
10-11-2020;6200.553
11-11-2020;6198.926
12-11-2020;6200.352
13-11-2020;6198.958
14-11-2020;6200.59
15-11-2020;6198.732
16-11-2020;6200.02
17-11-2020;6201.341
18-11-2020;6199.778
19-11-2020;6199.894
20-11-2020;6201.404
21-11-2020;6202.036
22-11-2020;6202.483
23-11-2020;6199.606
24-11-2020;6198.945
25-11-2020;6200.651
26-11-2020;6200.436
27-11-2020;6201.285
28-11-2020;6200.15
29-11-2020;6200.161
1-12-2020;6101.514
2-12-2020;6100.162
3-12-2020;6100.682
4-12-2020;6100.485
5-12-2020;6099.956
6-12-2020;6099.465
7-12-2020;6099.662
8-12-2020;6098.051
9-12-2020;6101.278
10-12-2020;6098.405
11-12-2020;6099.409
12-12-2020;6099.63
13-12-2020;6101.206
14-12-2020;6100.058
15-12-2020;6100.944
16-12-2020;6099.706
17-12-2020;6101.671
18-12-2020;6100.487
19-12-2020;6100.547
20-12-2020;6100.878
21-12-2020;6098.518
22-12-2020;6099.989
23-12-2020;6100.214
24-12-2020;6099.233
25-12-2020;6100.012
26-12-2020;6099.279
27-12-2020;6100.22
28-12-2020;6098.215
29-12-2020;6100.284
30-12-2020;6099.364
1-01-2021;6100.939
2-01-2021;6098.027
3-01-2021;6100.043
4-01-2021;6099.779
5-01-2021;6100.941
6-01-2021;6098.42
7-01-2021;6099.451
8-01-2021;6100.712
9-01-2021;6100.613
10-01-2021;6100.356
11-01-2021;6100.289
12-01-2021;6098.331
13-01-2021;6100.851
14-01-2021;6100.216
15-01-2021;6098.185
16-01-2021;6099.827
17-01-2021;6100.954
18-01-2021;6100.704
19-01-2021;6099.369
20-01-2021;6100.908
21-01-2021;6099.603
22-01-2021;6100.382
23-01-2021;6100.929
24-01-2021;6100.391
25-01-2021;6099.347
26-01-2021;6100.82
27-01-2021;6101.477
28-01-2021;6099.071
29-01-2021;6099.818
30-01-2021;6101.004
1-02-2021;6099.148
2-02-2021;6098.281
3-02-2021;6099.505
4-02-2021;6101.066
5-02-2021;6098.638
6-02-2021;6099.752
7-02-2021;6100.962
8-02-2021;6100.047
9-02-2021;6100.567
10-02-2021;6101.624
11-02-2021;6100.901
12-02-2021;6100.591
13-02-2021;6100.491
14-02-2021;6098.842
15-02-2021;6100.839
16-02-2021;6100.542
17-02-2021;6100.404
18-02-2021;6100.057
19-02-2021;6098.729
20-02-2021;6100.154
21-02-2021;6101.255
22-02-2021;6099.388
23-02-2021;6098.199
24-02-2021;6101.838
25-02-2021;6099.436
26-02-2021;6101.14
27-02-2021;6100.624
1-03-2021;6101.658
2-03-2021;6099.958
3-03-2021;6099.7
4-03-2021;6101.732
5-03-2021;6102.157
6-03-2021;6100.319
7-03-2021;6100.17
8-03-2021;6100.742
9-03-2021;6099.327
10-03-2021;6100.498
11-03-2021;6099.01
12-03-2021;6099.703
13-03-2021;6100.795
14-03-2021;6099.237
15-03-2021;6100.851
16-03-2021;6100.502
17-03-2021;6101.434
18-03-2021;6102.166
19-03-2021;6099.425
20-03-2021;6100.391
21-03-2021;6101.559
22-03-2021;6100.199
23-03-2021;6099.346
24-03-2021;6099.002
25-03-2021;6101.4
26-03-2021;6102.599
27-03-2021;6098.953
28-03-2021;6100.111
29-03-2021;6098.432
30-03-2021;6100.07
1-04-2021;6099.693
2-04-2021;6099.988
3-04-2021;6102.895
4-04-2021;6098.601
5-04-2021;6100.432
6-04-2021;6101.833
7-04-2021;6099.389
8-04-2021;6099.181
9-04-2021;6100.048
10-04-2021;6101.301
11-04-2021;6099.657
12-04-2021;6098.974
13-04-2021;6100.071
14-04-2021;6097.982
15-04-2021;6098.525
16-04-2021;6101.086
17-04-2021;6100.459
18-04-2021;6097.826
19-04-2021;6100.618
20-04-2021;6097.695
21-04-2021;6099.553
22-04-2021;6100.299
23-04-2021;6098.572
24-04-2021;6101.267
25-04-2021;6101.215
26-04-2021;6099.325
27-04-2021;6101.121
28-04-2021;6100.197
29-04-2021;6100.65
1-05-2021;6250.671
2-05-2021;6248.716
3-05-2021;6247.974
4-05-2021;6252.205
5-05-2021;6250.231
6-05-2021;6250.376
7-05-2021;6248.807
8-05-2021;6251.133
9-05-2021;6251.839
10-05-2021;6251.528
11-05-2021;6247.976
12-05-2021;6248.959
13-05-2021;6250.098
14-05-2021;6250.697
15-05-2021;6249.456
16-05-2021;6249.141
17-05-2021;6250.23
18-05-2021;6249.057
19-05-2021;6252.044
20-05-2021;6248.175
21-05-2021;6250.509
22-05-2021;6248.004
23-05-2021;6249.506
24-05-2021;6251.484
25-05-2021;6251.122
26-05-2021;6248.6
27-05-2021;6248.524
28-05-2021;6250.058
29-05-2021;6249.047
30-05-2021;6250.406
1-06-2021;6249.016
2-06-2021;6248.39
3-06-2021;6249.57
4-06-2021;6248.776
5-06-2021;6251.087
6-06-2021;6249.665
7-06-2021;6249.962
8-06-2021;6251.381
9-06-2021;6251.858
10-06-2021;6249.947
11-06-2021;6250.333
12-06-2021;6251.309
13-06-2021;6249.826
14-06-2021;6248.956
15-06-2021;6250.994
16-06-2021;6248.475
17-06-2021;6249.755
18-06-2021;6249.598
19-06-2021;6249.477
20-06-2021;6247.246
21-06-2021;6249.413
22-06-2021;6251.266
23-06-2021;6249.531
24-06-2021;6249.381
25-06-2021;6249.334
26-06-2021;6249.125
27-06-2021;6250.146
28-06-2021;6250.593
29-06-2021;6251.449
1-07-2021;6248.434
2-07-2021;6250.395
3-07-2021;6249.847
4-07-2021;6250.285
5-07-2021;6248.968
6-07-2021;6250.046
7-07-2021;6248.846
8-07-2021;6250.66
9-07-2021;6249.054
10-07-2021;6250.064
11-07-2021;6247.873
12-07-2021;6250.327
13-07-2021;6251.108
14-07-2021;6250.766
15-07-2021;6251.054
16-07-2021;6248.644
17-07-2021;6249.831
18-07-2021;6249.93
19-07-2021;6250.72
20-07-2021;6249.832
21-07-2021;6249.797
22-07-2021;6251.678
23-07-2021;6251.091
24-07-2021;6248.244
25-07-2021;6249.615
26-07-2021;6249.008
27-07-2021;6252.972
28-07-2021;6249.506
29-07-2021;6251.148
30-07-2021;6250.096
1-08-2021;6250.109
2-08-2021;6250.495
3-08-2021;6249.857
4-08-2021;6250.833
5-08-2021;6250.56
6-08-2021;6248.315
7-08-2021;6249.444
8-08-2021;6249.477
9-08-2021;6249.494
10-08-2021;6251.065
11-08-2021;6251.487
12-08-2021;6249.078
13-08-2021;6250.541
14-08-2021;6248.83
15-08-2021;6249.443
16-08-2021;6250.298
17-08-2021;6249.811
18-08-2021;6249.32
19-08-2021;6248.743
20-08-2021;6249.688
21-08-2021;6250.052
22-08-2021;6250.562
23-08-2021;6249.124
24-08-2021;6250.587
25-08-2021;6248.836
26-08-2021;6249.454
27-08-2021;6250.45
28-08-2021;6249.307
29-08-2021;6249.22
30-08-2021;6249.953
1-09-2021;6500.035
2-09-2021;6500.934
3-09-2021;6499.767
4-09-2021;6498.299
5-09-2021;6499.344
6-09-2021;6499.37
7-09-2021;6499.068
8-09-2021;6500.322
9-09-2021;6502.502
10-09-2021;6500.794
11-09-2021;6499.845
12-09-2021;6500.504
13-09-2021;6501.443
14-09-2021;6499.691
15-09-2021;6500.664
16-09-2021;6500.562
17-09-2021;6499.877
18-09-2021;6500.057
19-09-2021;6500.652
20-09-2021;6499.974
21-09-2021;6499.66
22-09-2021;6499.406
23-09-2021;6500.291
24-09-2021;6499.945
25-09-2021;6499.628
26-09-2021;6500.177
27-09-2021;6499.227
28-09-2021;6499.198
29-09-2021;6501.374
1-10-2021;6499.119
2-10-2021;6500.316
3-10-2021;6499.032
4-10-2021;6499.769
5-10-2021;6500.39
6-10-2021;6498.99
7-10-2021;6500.595
8-10-2021;6500.219
9-10-2021;6499.683
10-10-2021;6500.245
11-10-2021;6500.075
12-10-2021;6499.16
13-10-2021;6498.603
14-10-2021;6500.106
15-10-2021;6498.995
16-10-2021;6499.965
17-10-2021;6498.352
18-10-2021;6499.071
19-10-2021;6500.272
20-10-2021;6501.045
21-10-2021;6500.169
22-10-2021;6499.006
23-10-2021;6499.585
24-10-2021;6501.094
25-10-2021;6500.519
26-10-2021;6500.787
27-10-2021;6500.997
28-10-2021;6500.377
29-10-2021;6501.109
30-10-2021;6499.027
1-11-2021;6800.3
2-11-2021;6799.661
3-11-2021;6800.202
4-11-2021;6801.325
5-11-2021;6800.504
6-11-2021;6799.37
7-11-2021;6799.65
8-11-2021;6799.049
9-11-2021;6799.91
10-11-2021;6799.5
11-11-2021;6800.792
12-11-2021;6799.507
13-11-2021;6800.71
14-11-2021;6800.721
15-11-2021;6799.565
16-11-2021;6801.426
17-11-2021;6800.027
18-11-2021;6799.347
19-11-2021;6800.074
20-11-2021;6799.009
21-11-2021;6800.651
22-11-2021;6799.105
23-11-2021;6801.293
24-11-2021;6797.926
25-11-2021;6798.888
26-11-2021;6799.662
27-11-2021;6799.299
28-11-2021;6801.347
29-11-2021;6799.94
1-12-2021;6800.355
2-12-2021;6800.707
3-12-2021;6800.153
4-12-2021;6800.961
5-12-2021;6800.44
6-12-2021;6800.698
7-12-2021;6798.514
8-12-2021;6798.874
9-12-2021;6797.774
10-12-2021;6799.747
11-12-2021;6801.432
12-12-2021;6799.022
13-12-2021;6800.315
14-12-2021;6800.441
15-12-2021;6800.239
16-12-2021;6799.716
17-12-2021;6799.382
18-12-2021;6799.363
19-12-2021;6800.017
20-12-2021;6801.3
21-12-2021;6799.206
22-12-2021;6799.877
23-12-2021;6800.099
24-12-2021;6800.791
25-12-2021;6799.769
26-12-2021;6800.638
27-12-2021;6798.503
28-12-2021;6800.718
29-12-2021;6800.096
30-12-2021;6798.904
