v1;v2;v3;v4;v5;v6;v7;v8;v9;v10;v11;v12;v13;v14;v15;v16;v17;v18;v19;v20;v21;v22;v23;v24;v25;v26;v27;v28;v29;v30;v31;v32;v33;v34;v35;v36;v37;v38;v39;v40;v41;v42;v43;v44;v45;v46;v47;v48;v49;v50;v51;v52;v53;v54;v55;v56;v57;v58;v59;v60;v61;v62;v63;v64;v65;v66;v67;v68;v69;v70
49,5237;49,7598;49,9960;50,2321;50,4682;50,7044;50,9405;51,1766;51,4127;51,6489;51,8850;52,1211;52,3572;52,5934;52,8295;53,0656;53,3018;53,5379;53,7740;54,0101;54,2463;54,4824;54,7185;54,9547;55,1908;55,4269;55,6630;55,8992;56,1353;56,3714;56,6075;56,8437;57,0798;57,3159;57,5521;57,7882;58,0243;58,2604;58,4966;58,7327;58,9688;59,2050;59,4411;59,6772;59,9133;60,1495;60,3856;60,6217;60,8578;61,0940;61,3301;61,5662;61,8024;62,0385;62,2746;62,5107;62,7469;62,9830;63,2191;63,4553;63,6914;63,9275;64,1636;64,3998;00,0000;00,0000;00,0000;00,0000;00,0000;00,0000
49,3270;49,5631;49,7993;50,0354;50,2715;50,5076;50,7438;50,9799;51,2160;51,4522;51,6883;51,9244;52,1605;52,3967;52,6328;52,8689;53,1050;53,3412;53,5773;53,8134;54,0496;54,2857;54,5218;54,7579;54,9941;55,2302;55,4663;55,7025;55,9386;56,1747;56,4108;56,6470;56,8831;57,1192;57,3553;57,5915;57,8276;58,0637;58,2999;58,5360;58,7721;59,0082;59,2444;59,4805;59,7166;59,9528;60,1889;60,4250;60,6611;60,8973;61,1334;61,3695;61,6056;61,8418;62,0779;62,3140;62,5502;62,7863;63,0224;63,2585;63,4947;63,7308;63,9669;64,2031;00,0000;00,0000;00,0000;00,0000;00,0000;00,0000
49,1303;49,3664;49,6025;49,8387;50,0748;50,3109;50,5471;50,7832;51,0193;51,2554;51,4916;51,7277;51,9638;52,2000;52,4361;52,6722;52,9083;53,1445;53,3806;53,6167;53,8528;54,0890;54,3251;54,5612;54,7974;55,0335;55,2696;55,5057;55,7419;55,9780;56,2141;56,4503;56,6864;56,9225;57,1586;57,3948;57,6309;57,8670;58,1031;58,3393;58,5754;58,8115;59,0477;59,2838;59,5199;59,7560;59,9922;60,2283;60,4644;60,7006;60,9367;61,1728;61,4089;61,6451;61,8812;62,1173;62,3534;62,5896;62,8257;63,0618;63,2980;63,5341;63,7702;64,0063;00,0000;00,0000;00,0000;00,0000;00,0000;00,0000
48,9336;49,1697;49,4058;49,6420;49,8781;50,1142;50,3503;50,5865;50,8226;51,0587;51,2949;51,5310;51,7671;52,0032;52,2394;52,4755;52,7116;52,9478;53,1839;53,4200;53,6561;53,8923;54,1284;54,3645;54,6006;54,8368;55,0729;55,3090;55,5452;55,7813;56,0174;56,2535;56,4897;56,7258;56,9619;57,1981;57,4342;57,6703;57,9064;58,1426;58,3787;58,6148;58,8509;59,0871;59,3232;59,5593;59,7955;60,0316;60,2677;60,5038;60,7400;60,9761;61,2122;61,4484;61,6845;61,9206;62,1567;62,3929;62,6290;62,8651;63,1012;63,3374;63,5735;63,8096;00,0000;00,0000;00,0000;00,0000;00,0000;00,0000
48,7369;48,9730;49,2091;49,4453;49,6814;49,9175;50,1536;50,3898;50,6259;50,8620;51,0981;51,3343;51,5704;51,8065;52,0427;52,2788;52,5149;52,7510;52,9872;53,2233;53,4594;53,6956;53,9317;54,1678;54,4039;54,6401;54,8762;55,1123;55,3484;55,5846;55,8207;56,0568;56,2930;56,5291;56,7652;57,0013;57,2375;57,4736;57,7097;57,9459;58,1820;58,4181;58,6542;58,8904;59,1265;59,3626;59,5987;59,8349;60,0710;60,3071;60,5433;60,7794;61,0155;61,2516;61,4878;61,7239;61,9600;62,1962;62,4323;62,6684;62,9045;63,1407;63,3768;63,6129;00,0000;00,0000;00,0000;00,0000;00,0000;00,0000
48,5402;48,7763;49,0124;49,2485;49,4847;49,7208;49,9569;50,1930;50,4292;50,6653;50,9014;51,1376;51,3737;51,6098;51,8459;52,0821;52,3182;52,5543;52,7905;53,0266;53,2627;53,4988;53,7350;53,9711;54,2072;54,4433;54,6795;54,9156;55,1517;55,3879;55,6240;55,8601;56,0962;56,3324;56,5685;56,8046;57,0408;57,2769;57,5130;57,7491;57,9853;58,2214;58,4575;58,6937;58,9298;59,1659;59,4020;59,6382;59,8743;60,1104;60,3465;60,5827;60,8188;61,0549;61,2911;61,5272;61,7633;61,9994;62,2356;62,4717;62,7078;62,9440;63,1801;63,4162;00,0000;00,0000;00,0000;00,0000;00,0000;00,0000
48,3434;48,5796;48,8157;49,0518;49,2880;49,5241;49,7602;49,9963;50,2325;50,4686;50,7047;50,9408;51,1770;51,4131;51,6492;51,8854;52,1215;52,3576;52,5937;52,8299;53,0660;53,3021;53,5383;53,7744;54,0105;54,2466;54,4828;54,7189;54,9550;55,1911;55,4273;55,6634;55,8995;56,1357;56,3718;56,6079;56,8440;57,0802;57,3163;57,5524;57,7886;58,0247;58,2608;58,4969;58,7331;58,9692;59,2053;59,4414;59,6776;59,9137;60,1498;60,3860;60,6221;60,8582;61,0943;61,3305;61,5666;61,8027;62,0389;62,2750;62,5111;62,7472;62,9834;63,2195;00,0000;00,0000;00,0000;00,0000;00,0000;00,0000
48,1467;48,3829;48,6190;48,8551;49,0912;49,3274;49,5635;49,7996;50,0358;50,2719;50,5080;50,7441;50,9803;51,2164;51,4525;51,6886;51,9248;52,1609;52,3970;52,6332;52,8693;53,1054;53,3415;53,5777;53,8138;54,0499;54,2861;54,5222;54,7583;54,9944;55,2306;55,4667;55,7028;55,9389;56,1751;56,4112;56,6473;56,8835;57,1196;57,3557;57,5918;57,8280;58,0641;58,3002;58,5364;58,7725;59,0086;59,2447;59,4809;59,7170;59,9531;60,1892;60,4254;60,6615;60,8976;61,1338;61,3699;61,6060;61,8421;62,0783;62,3144;62,5505;62,7867;63,0228;00,0000;00,0000;00,0000;00,0000;00,0000;00,0000
47,9500;48,1861;48,4223;48,6584;48,8945;49,1307;49,3668;49,6029;49,8390;50,0752;50,3113;50,5474;50,7836;51,0197;51,2558;51,4919;51,7281;51,9642;52,2003;52,4364;52,6726;52,9087;53,1448;53,3810;53,6171;53,8532;54,0893;54,3255;54,5616;54,7977;55,0339;55,2700;55,5061;55,7422;55,9784;56,2145;56,4506;56,6867;56,9229;57,1590;57,3951;57,6313;57,8674;58,1035;58,3396;58,5758;58,8119;59,0480;59,2842;59,5203;59,7564;59,9925;60,2287;60,4648;60,7009;60,9370;61,1732;61,4093;61,6454;61,8816;62,1177;62,3538;62,5899;62,8261;00,0000;00,0000;00,0000;00,0000;00,0000;00,0000
47,7533;47,9894;48,2256;48,4617;48,6978;48,9339;49,1701;49,4062;49,6423;49,8785;50,1146;50,3507;50,5868;50,8230;51,0591;51,2952;51,5314;51,7675;52,0036;52,2397;52,4759;52,7120;52,9481;53,1842;53,4204;53,6565;53,8926;54,1288;54,3649;54,6010;54,8371;55,0733;55,3094;55,5455;55,7817;56,0178;56,2539;56,4900;56,7262;56,9623;57,1984;57,4345;57,6707;57,9068;58,1429;58,3791;58,6152;58,8513;59,0874;59,3236;59,5597;59,7958;60,0320;60,2681;60,5042;60,7403;60,9765;61,2126;61,4487;61,6848;61,9210;62,1571;62,3932;62,6294;00,0000;00,0000;00,0000;00,0000;00,0000;00,0000
47,5566;47,7927;48,0289;48,2650;48,5011;48,7372;48,9734;49,2095;49,4456;49,6817;49,9179;50,1540;50,3901;50,6263;50,8624;51,0985;51,3346;51,5708;51,8069;52,0430;52,2792;52,5153;52,7514;52,9875;53,2237;53,4598;53,6959;53,9320;54,1682;54,4043;54,6404;54,8766;55,1127;55,3488;55,5849;55,8211;56,0572;56,2933;56,5295;56,7656;57,0017;57,2378;57,4740;57,7101;57,9462;58,1823;58,4185;58,6546;58,8907;59,1269;59,3630;59,5991;59,8352;60,0714;60,3075;60,5436;60,7798;61,0159;61,2520;61,4881;61,7243;61,9604;62,1965;62,4326;00,0000;00,0000;00,0000;00,0000;00,0000;00,0000
47,3599;47,5960;47,8321;48,0683;48,3044;48,5405;48,7766;49,0128;49,2489;49,4850;49,7212;49,9573;50,1934;50,4295;50,6657;50,9018;51,1379;51,3741;51,6102;51,8463;52,0824;52,3186;52,5547;52,7908;53,0269;53,2631;53,4992;53,7353;53,9715;54,2076;54,4437;54,6798;54,9160;55,1521;55,3882;55,6244;55,8605;56,0966;56,3327;56,5689;56,8050;57,0411;57,2772;57,5134;57,7495;57,9856;58,2218;58,4579;58,6940;58,9301;59,1663;59,4024;59,6385;59,8747;60,1108;60,3469;60,5830;60,8192;61,0553;61,2914;61,5275;61,7637;61,9998;62,2359;00,0000;00,0000;00,0000;00,0000;00,0000;00,0000
47,1632;47,3993;47,6354;47,8716;48,1077;48,3438;48,5799;48,8161;49,0522;49,2883;49,5244;49,7606;49,9967;50,2328;50,4690;50,7051;50,9412;51,1773;51,4135;51,6496;51,8857;52,1219;52,3580;52,5941;52,8302;53,0664;53,3025;53,5386;53,7747;54,0109;54,2470;54,4831;54,7193;54,9554;55,1915;55,4276;55,6638;55,8999;56,1360;56,3722;56,6083;56,8444;57,0805;57,3167;57,5528;57,7889;58,0250;58,2612;58,4973;58,7334;58,9696;59,2057;59,4418;59,6779;59,9141;60,1502;60,3863;60,6225;60,8586;61,0947;61,3308;61,5670;61,8031;62,0392;00,0000;00,0000;00,0000;00,0000;00,0000;00,0000
46,9665;47,2026;47,4387;47,6748;47,9110;48,1471;48,3832;48,6194;48,8555;49,0916;49,3277;49,5639;49,8000;50,0361;50,2722;50,5084;50,7445;50,9806;51,2168;51,4529;51,6890;51,9251;52,1613;52,3974;52,6335;52,8697;53,1058;53,3419;53,5780;53,8142;54,0503;54,2864;54,5225;54,7587;54,9948;55,2309;55,4671;55,7032;55,9393;56,1754;56,4116;56,6477;56,8838;57,1200;57,3561;57,5922;57,8283;58,0645;58,3006;58,5367;58,7728;59,0090;59,2451;59,4812;59,7174;59,9535;60,1896;60,4257;60,6619;60,8980;61,1341;61,3703;61,6064;61,8425;00,0000;00,0000;00,0000;00,0000;00,0000;00,0000
46,7697;47,0059;47,2420;47,4781;47,7143;47,9504;48,1865;48,4226;48,6588;48,8949;49,1310;49,3672;49,6033;49,8394;50,0755;50,3117;50,5478;50,7839;51,0200;51,2562;51,4923;51,7284;51,9646;52,2007;52,4368;52,6729;52,9091;53,1452;53,3813;53,6175;53,8536;54,0897;54,3258;54,5620;54,7981;55,0342;55,2703;55,5065;55,7426;55,9787;56,2149;56,4510;56,6871;56,9232;57,1594;57,3955;57,6316;57,8678;58,1039;58,3400;58,5761;58,8123;59,0484;59,2845;59,5206;59,7568;59,9929;60,2290;60,4652;60,7013;60,9374;61,1735;61,4097;61,6458;00,0000;00,0000;00,0000;00,0000;00,0000;00,0000
46,5730;46,8092;47,0453;47,2814;47,5175;47,7537;47,9898;48,2259;48,4621;48,6982;48,9343;49,1704;49,4066;49,6427;49,8788;50,1150;50,3511;50,5872;50,8233;51,0595;51,2956;51,5317;51,7678;52,0040;52,2401;52,4762;52,7124;52,9485;53,1846;53,4207;53,6569;53,8930;54,1291;54,3653;54,6014;54,8375;55,0736;55,3098;55,5459;55,7820;56,0181;56,2543;56,4904;56,7265;56,9627;57,1988;57,4349;57,6710;57,9072;58,1433;58,3794;58,6156;58,8517;59,0878;59,3239;59,5601;59,7962;60,0323;60,2684;60,5046;60,7407;60,9768;61,2130;61,4491;00,0000;00,0000;00,0000;00,0000;00,0000;00,0000
46,3763;46,6124;46,8486;47,0847;47,3208;47,5570;47,7931;48,0292;48,2653;48,5015;48,7376;48,9737;49,2099;49,4460;49,6821;49,9182;50,1544;50,3905;50,6266;50,8628;51,0989;51,3350;51,5711;51,8073;52,0434;52,2795;52,5156;52,7518;52,9879;53,2240;53,4602;53,6963;53,9324;54,1685;54,4047;54,6408;54,8769;55,1131;55,3492;55,5853;55,8214;56,0576;56,2937;56,5298;56,7659;57,0021;57,2382;57,4743;57,7105;57,9466;58,1827;58,4188;58,6550;58,8911;59,1272;59,3634;59,5995;59,8356;60,0717;60,3079;60,5440;60,7801;61,0162;61,2524;00,0000;00,0000;00,0000;00,0000;00,0000;00,0000
46,1796;46,4157;46,6519;46,8880;47,1241;47,3602;47,5964;47,8325;48,0686;48,3048;48,5409;48,7770;49,0131;49,2493;49,4854;49,7215;49,9577;50,1938;50,4299;50,6660;50,9022;51,1383;51,3744;51,6105;51,8467;52,0828;52,3189;52,5551;52,7912;53,0273;53,2634;53,4996;53,7357;53,9718;54,2080;54,4441;54,6802;54,9163;55,1525;55,3886;55,6247;55,8608;56,0970;56,3331;56,5692;56,8054;57,0415;57,2776;57,5137;57,7499;57,9860;58,2221;58,4583;58,6944;58,9305;59,1666;59,4028;59,6389;59,8750;60,1111;60,3473;60,5834;60,8195;61,0557;00,0000;00,0000;00,0000;00,0000;00,0000;00,0000
45,9829;46,2190;46,4552;46,6913;46,9274;47,1635;47,3997;47,6358;47,8719;48,1080;48,3442;48,5803;48,8164;49,0526;49,2887;49,5248;49,7609;49,9971;50,2332;50,4693;50,7055;50,9416;51,1777;51,4138;51,6500;51,8861;52,1222;52,3583;52,5945;52,8306;53,0667;53,3029;53,5390;53,7751;54,0112;54,2474;54,4835;54,7196;54,9558;55,1919;55,4280;55,6641;55,9003;56,1364;56,3725;56,6086;56,8448;57,0809;57,3170;57,5532;57,7893;58,0254;58,2615;58,4977;58,7338;58,9699;59,2061;59,4422;59,6783;59,9144;60,1506;60,3867;60,6228;60,8589;00,0000;00,0000;00,0000;00,0000;00,0000;00,0000
45,7862;46,0223;46,2584;46,4946;46,7307;46,9668;47,2030;47,4391;47,6752;47,9113;48,1475;48,3836;48,6197;48,8558;49,0920;49,3281;49,5642;49,8004;50,0365;50,2726;50,5087;50,7449;50,9810;51,2171;51,4533;51,6894;51,9255;52,1616;52,3978;52,6339;52,8700;53,1061;53,3423;53,5784;53,8145;54,0507;54,2868;54,5229;54,7590;54,9952;55,2313;55,4674;55,7036;55,9397;56,1758;56,4119;56,6481;56,8842;57,1203;57,3564;57,5926;57,8287;58,0648;58,3010;58,5371;58,7732;59,0093;59,2455;59,4816;59,7177;59,9539;60,1900;60,4261;60,6622;00,0000;00,0000;00,0000;00,0000;00,0000;00,0000
45,5895;45,8256;46,0617;46,2979;46,5340;46,7701;47,0062;47,2424;47,4785;47,7146;47,9508;48,1869;48,4230;48,6591;48,8953;49,1314;49,3675;49,6036;49,8398;50,0759;50,3120;50,5482;50,7843;51,0204;51,2565;51,4927;51,7288;51,9649;52,2011;52,4372;52,6733;52,9094;53,1456;53,3817;53,6178;53,8539;54,0901;54,3262;54,5623;54,7985;55,0346;55,2707;55,5068;55,7430;55,9791;56,2152;56,4514;56,6875;56,9236;57,1597;57,3959;57,6320;57,8681;58,1042;58,3404;58,5765;58,8126;59,0488;59,2849;59,5210;59,7571;59,9933;60,2294;60,4655;00,0000;00,0000;00,0000;00,0000;00,0000;00,0000
45,3928;45,6289;45,8650;46,1011;46,3373;46,5734;46,8095;47,0457;47,2818;47,5179;47,7540;47,9902;48,2263;48,4624;48,6986;48,9347;49,1708;49,4069;49,6431;49,8792;50,1153;50,3514;50,5876;50,8237;51,0598;51,2960;51,5321;51,7682;52,0043;52,2405;52,4766;52,7127;52,9489;53,1850;53,4211;53,6572;53,8934;54,1295;54,3656;54,6017;54,8379;55,0740;55,3101;55,5463;55,7824;56,0185;56,2546;56,4908;56,7269;56,9630;57,1992;57,4353;57,6714;57,9075;58,1437;58,3798;58,6159;58,8520;59,0882;59,3243;59,5604;59,7966;60,0327;60,2688;00,0000;00,0000;00,0000;00,0000;00,0000;00,0000
45,1960;45,4322;45,6683;45,9044;46,1406;46,3767;46,6128;46,8489;47,0851;47,3212;47,5573;47,7935;48,0296;48,2657;48,5018;48,7380;48,9741;49,2102;49,4463;49,6825;49,9186;50,1547;50,3909;50,6270;50,8631;51,0992;51,3354;51,5715;51,8076;52,0438;52,2799;52,5160;52,7521;52,9883;53,2244;53,4605;53,6967;53,9328;54,1689;54,4050;54,6412;54,8773;55,1134;55,3495;55,5857;55,8218;56,0579;56,2941;56,5302;56,7663;57,0024;57,2386;57,4747;57,7108;57,9470;58,1831;58,4192;58,6553;58,8915;59,1276;59,3637;59,5998;59,8360;60,0721;00,0000;00,0000;00,0000;00,0000;00,0000;00,0000
44,9993;45,2355;45,4716;45,7077;45,9438;46,1800;46,4161;46,6522;46,8884;47,1245;47,3606;47,5967;47,8329;48,0690;48,3051;48,5413;48,7774;49,0135;49,2496;49,4858;49,7219;49,9580;50,1941;50,4303;50,6664;50,9025;51,1387;51,3748;51,6109;51,8470;52,0832;52,3193;52,5554;52,7916;53,0277;53,2638;53,4999;53,7361;53,9722;54,2083;54,4444;54,6806;54,9167;55,1528;55,3890;55,6251;55,8612;56,0973;56,3335;56,5696;56,8057;57,0419;57,2780;57,5141;57,7502;57,9864;58,2225;58,4586;58,6947;58,9309;59,1670;59,4031;59,6393;59,8754;00,0000;00,0000;00,0000;00,0000;00,0000;00,0000
44,8026;45,0388;45,2749;45,5110;45,7471;45,9833;46,2194;46,4555;46,6916;46,9278;47,1639;47,4000;47,6362;47,8723;48,1084;48,3445;48,5807;48,8168;49,0529;49,2891;49,5252;49,7613;49,9974;50,2336;50,4697;50,7058;50,9419;51,1781;51,4142;51,6503;51,8865;52,1226;52,3587;52,5948;52,8310;53,0671;53,3032;53,5394;53,7755;54,0116;54,2477;54,4839;54,7200;54,9561;55,1922;55,4284;55,6645;55,9006;56,1368;56,3729;56,6090;56,8451;57,0813;57,3174;57,5535;57,7897;58,0258;58,2619;58,4980;58,7342;58,9703;59,2064;59,4425;59,6787;00,0000;00,0000;00,0000;00,0000;00,0000;00,0000
44,6059;44,8420;45,0782;45,3143;45,5504;45,7866;46,0227;46,2588;46,4949;46,7311;46,9672;47,2033;47,4394;47,6756;47,9117;48,1478;48,3840;48,6201;48,8562;49,0923;49,3285;49,5646;49,8007;50,0369;50,2730;50,5091;50,7452;50,9814;51,2175;51,4536;51,6897;51,9259;52,1620;52,3981;52,6343;52,8704;53,1065;53,3426;53,5788;53,8149;54,0510;54,2872;54,5233;54,7594;54,9955;55,2317;55,4678;55,7039;55,9400;56,1762;56,4123;56,6484;56,8846;57,1207;57,3568;57,5929;57,8291;58,0652;58,3013;58,5375;58,7736;59,0097;59,2458;59,4820;00,0000;00,0000;00,0000;00,0000;00,0000;00,0000
44,4092;44,6453;44,8815;45,1176;45,3537;45,5898;45,8260;46,0621;46,2982;46,5344;46,7705;47,0066;47,2427;47,4789;47,7150;47,9511;48,1872;48,4234;48,6595;48,8956;49,1318;49,3679;49,6040;49,8401;50,0763;50,3124;50,5485;50,7847;51,0208;51,2569;51,4930;51,7292;51,9653;52,2014;52,4375;52,6737;52,9098;53,1459;53,3821;53,6182;53,8543;54,0904;54,3266;54,5627;54,7988;55,0350;55,2711;55,5072;55,7433;55,9795;56,2156;56,4517;56,6878;56,9240;57,1601;57,3962;57,6324;57,8685;58,1046;58,3407;58,5769;58,8130;59,0491;59,2853;00,0000;00,0000;00,0000;00,0000;00,0000;00,0000
44,2125;44,4486;44,6847;44,9209;45,1570;45,3931;45,6293;45,8654;46,1015;46,3376;46,5738;46,8099;47,0460;47,2822;47,5183;47,7544;47,9905;48,2267;48,4628;48,6989;48,9350;49,1712;49,4073;49,6434;49,8796;50,1157;50,3518;50,5879;50,8241;51,0602;51,2963;51,5325;51,7686;52,0047;52,2408;52,4770;52,7131;52,9492;53,1853;53,4215;53,6576;53,8937;54,1299;54,3660;54,6021;54,8382;55,0744;55,3105;55,5466;55,7828;56,0189;56,2550;56,4911;56,7273;56,9634;57,1995;57,4356;57,6718;57,9079;58,1440;58,3802;58,6163;58,8524;59,0885;00,0000;00,0000;00,0000;00,0000;00,0000;00,0000
44,0158;44,2519;44,4880;44,7242;44,9603;45,1964;45,4325;45,6687;45,9048;46,1409;46,3771;46,6132;46,8493;47,0854;47,3216;47,5577;47,7938;48,0299;48,2661;48,5022;48,7383;48,9745;49,2106;49,4467;49,6828;49,9190;50,1551;50,3912;50,6274;50,8635;51,0996;51,3357;51,5719;51,8080;52,0441;52,2802;52,5164;52,7525;52,9886;53,2248;53,4609;53,6970;53,9331;54,1693;54,4054;54,6415;54,8777;55,1138;55,3499;55,5860;55,8222;56,0583;56,2944;56,5305;56,7667;57,0028;57,2389;57,4751;57,7112;57,9473;58,1834;58,4196;58,6557;58,8918;00,0000;00,0000;00,0000;00,0000;00,0000;00,0000
43,8191;44,0552;44,2913;44,5274;44,7636;44,9997;45,2358;45,4720;45,7081;45,9442;46,1803;46,4165;46,6526;46,8887;47,1249;47,3610;47,5971;47,8332;48,0694;48,3055;48,5416;48,7777;49,0139;49,2500;49,4861;49,7223;49,9584;50,1945;50,4306;50,6668;50,9029;51,1390;51,3752;51,6113;51,8474;52,0835;52,3197;52,5558;52,7919;53,0280;53,2642;53,5003;53,7364;53,9726;54,2087;54,4448;54,6809;54,9171;55,1532;55,3893;55,6255;55,8616;56,0977;56,3338;56,5700;56,8061;57,0422;57,2783;57,5145;57,7506;57,9867;58,2229;58,4590;58,6951;00,0000;00,0000;00,0000;00,0000;00,0000;00,0000
43,6224;43,8585;44,0946;44,3307;44,5669;44,8030;45,0391;45,2752;45,5114;45,7475;45,9836;46,2198;46,4559;46,6920;46,9281;47,1643;47,4004;47,6365;47,8727;48,1088;48,3449;48,5810;48,8172;49,0533;49,2894;49,5255;49,7617;49,9978;50,2339;50,4701;50,7062;50,9423;51,1784;51,4146;51,6507;51,8868;52,1230;52,3591;52,5952;52,8313;53,0675;53,3036;53,5397;53,7758;54,0120;54,2481;54,4842;54,7204;54,9565;55,1926;55,4287;55,6649;55,9010;56,1371;56,3733;56,6094;56,8455;57,0816;57,3178;57,5539;57,7900;58,0261;58,2623;58,4984;00,0000;00,0000;00,0000;00,0000;00,0000;00,0000
43,4256;43,6618;43,8979;44,1340;44,3702;44,6063;44,8424;45,0785;45,3147;45,5508;45,7869;46,0230;46,2592;46,4953;46,7314;46,9676;47,2037;47,4398;47,6759;47,9121;48,1482;48,3843;48,6205;48,8566;49,0927;49,3288;49,5650;49,8011;50,0372;50,2733;50,5095;50,7456;50,9817;51,2179;51,4540;51,6901;51,9262;52,1624;52,3985;52,6346;52,8708;53,1069;53,3430;53,5791;53,8153;54,0514;54,2875;54,5236;54,7598;54,9959;55,2320;55,4682;55,7043;55,9404;56,1765;56,4127;56,6488;56,8849;57,1211;57,3572;57,5933;57,8294;58,0656;58,3017;00,0000;00,0000;00,0000;00,0000;00,0000;00,0000
43,2289;43,4651;43,7012;43,9373;44,1734;44,4096;44,6457;44,8818;45,1180;45,3541;45,5902;45,8263;46,0625;46,2986;46,5347;46,7708;47,0070;47,2431;47,4792;47,7154;47,9515;48,1876;48,4237;48,6599;48,8960;49,1321;49,3683;49,6044;49,8405;50,0766;50,3128;50,5489;50,7850;51,0211;51,2573;51,4934;51,7295;51,9657;52,2018;52,4379;52,6740;52,9102;53,1463;53,3824;53,6186;53,8547;54,0908;54,3269;54,5631;54,7992;55,0353;55,2714;55,5076;55,7437;55,9798;56,2160;56,4521;56,6882;56,9243;57,1605;57,3966;57,6327;57,8689;58,1050;00,0000;00,0000;00,0000;00,0000;00,0000;00,0000
43,0322;43,2683;43,5045;43,7406;43,9767;44,2129;44,4490;44,6851;44,9212;45,1574;45,3935;45,6296;45,8658;46,1019;46,3380;46,5741;46,8103;47,0464;47,2825;47,5186;47,7548;47,9909;48,2270;48,4632;48,6993;48,9354;49,1715;49,4077;49,6438;49,8799;50,1161;50,3522;50,5883;50,8244;51,0606;51,2967;51,5328;51,7689;52,0051;52,2412;52,4773;52,7135;52,9496;53,1857;53,4218;53,6580;53,8941;54,1302;54,3664;54,6025;54,8386;55,0747;55,3109;55,5470;55,7831;56,0192;56,2554;56,4915;56,7276;56,9638;57,1999;57,4360;57,6721;57,9083;00,0000;00,0000;00,0000;00,0000;00,0000;00,0000
42,8355;43,0716;43,3078;43,5439;43,7800;44,0161;44,2523;44,4884;44,7245;44,9607;45,1968;45,4329;45,6690;45,9052;46,1413;46,3774;46,6135;46,8497;47,0858;47,3219;47,5581;47,7942;48,0303;48,2664;48,5026;48,7387;48,9748;49,2110;49,4471;49,6832;49,9193;50,1555;50,3916;50,6277;50,8638;51,1000;51,3361;51,5722;51,8084;52,0445;52,2806;52,5167;52,7529;52,9890;53,2251;53,4613;53,6974;53,9335;54,1696;54,4058;54,6419;54,8780;55,1141;55,3503;55,5864;55,8225;56,0587;56,2948;56,5309;56,7670;57,0032;57,2393;57,4754;57,7116;00,0000;00,0000;00,0000;00,0000;00,0000;00,0000
42,6388;42,8749;43,1110;43,3472;43,5833;43,8194;44,0556;44,2917;44,5278;44,7639;45,0001;45,2362;45,4723;45,7085;45,9446;46,1807;46,4168;46,6530;46,8891;47,1252;47,3613;47,5975;47,8336;48,0697;48,3059;48,5420;48,7781;49,0142;49,2504;49,4865;49,7226;49,9588;50,1949;50,4310;50,6671;50,9033;51,1394;51,3755;51,6116;51,8478;52,0839;52,3200;52,5562;52,7923;53,0284;53,2645;53,5007;53,7368;53,9729;54,2091;54,4452;54,6813;54,9174;55,1536;55,3897;55,6258;55,8619;56,0981;56,3342;56,5703;56,8065;57,0426;57,2787;57,5148;00,0000;00,0000;00,0000;00,0000;00,0000;00,0000
42,4421;42,6782;42,9143;43,1505;43,3866;43,6227;43,8588;44,0950;44,3311;44,5672;44,8034;45,0395;45,2756;45,5117;45,7479;45,9840;46,2201;46,4563;46,6924;46,9285;47,1646;47,4008;47,6369;47,8730;48,1091;48,3453;48,5814;48,8175;49,0537;49,2898;49,5259;49,7620;49,9982;50,2343;50,4704;50,7066;50,9427;51,1788;51,4149;51,6511;51,8872;52,1233;52,3594;52,5956;52,8317;53,0678;53,3040;53,5401;53,7762;54,0123;54,2485;54,4846;54,7207;54,9569;55,1930;55,4291;55,6652;55,9014;56,1375;56,3736;56,6097;56,8459;57,0820;57,3181;00,0000;00,0000;00,0000;00,0000;00,0000;00,0000
42,2454;42,4815;42,7176;42,9538;43,1899;43,4260;43,6621;43,8983;44,1344;44,3705;44,6066;44,8428;45,0789;45,3150;45,5512;45,7873;46,0234;46,2595;46,4957;46,7318;46,9679;47,2041;47,4402;47,6763;47,9124;48,1486;48,3847;48,6208;48,8569;49,0931;49,3292;49,5653;49,8015;50,0376;50,2737;50,5098;50,7460;50,9821;51,2182;51,4544;51,6905;51,9266;52,1627;52,3989;52,6350;52,8711;53,1072;53,3434;53,5795;53,8156;54,0518;54,2879;54,5240;54,7601;54,9963;55,2324;55,4685;55,7047;55,9408;56,1769;56,4130;56,6492;56,8853;57,1214;00,0000;00,0000;00,0000;00,0000;00,0000;00,0000
42,0487;42,2848;42,5209;42,7570;42,9932;43,2293;43,4654;43,7016;43,9377;44,1738;44,4099;44,6461;44,8822;45,1183;45,3544;45,5906;45,8267;46,0628;46,2990;46,5351;46,7712;47,0073;47,2435;47,4796;47,7157;47,9519;48,1880;48,4241;48,6602;48,8964;49,1325;49,3686;49,6047;49,8409;50,0770;50,3131;50,5493;50,7854;51,0215;51,2576;51,4938;51,7299;51,9660;52,2022;52,4383;52,6744;52,9105;53,1467;53,3828;53,6189;53,8550;54,0912;54,3273;54,5634;54,7996;55,0357;55,2718;55,5079;55,7441;55,9802;56,2163;56,4525;56,6886;56,9247;00,0000;00,0000;00,0000;00,0000;00,0000;00,0000
41,8519;42,0881;42,3242;42,5603;42,7965;43,0326;43,2687;43,5048;43,7410;43,9771;44,2132;44,4493;44,6855;44,9216;45,1577;45,3939;45,6300;45,8661;46,1022;46,3384;46,5745;46,8106;47,0468;47,2829;47,5190;47,7551;47,9913;48,2274;48,4635;48,6997;48,9358;49,1719;49,4080;49,6442;49,8803;50,1164;50,3525;50,5887;50,8248;51,0609;51,2971;51,5332;51,7693;52,0054;52,2416;52,4777;52,7138;52,9500;53,1861;53,4222;53,6583;53,8945;54,1306;54,3667;54,6028;54,8390;55,0751;55,3112;55,5474;55,7835;56,0196;56,2557;56,4919;56,7280;00,0000;00,0000;00,0000;00,0000;00,0000;00,0000
41,6552;41,8914;42,1275;42,3636;42,5997;42,8359;43,0720;43,3081;43,5443;43,7804;44,0165;44,2526;44,4888;44,7249;44,9610;45,1971;45,4333;45,6694;45,9055;46,1417;46,3778;46,6139;46,8500;47,0862;47,3223;47,5584;47,7946;48,0307;48,2668;48,5029;48,7391;48,9752;49,2113;49,4474;49,6836;49,9197;50,1558;50,3920;50,6281;50,8642;51,1003;51,3365;51,5726;51,8087;52,0449;52,2810;52,5171;52,7532;52,9894;53,2255;53,4616;53,6977;53,9339;54,1700;54,4061;54,6423;54,8784;55,1145;55,3506;55,5868;55,8229;56,0590;56,2952;56,5313;00,0000;00,0000;00,0000;00,0000;00,0000;00,0000
41,4585;41,6946;41,9308;42,1669;42,4030;42,6392;42,8753;43,1114;43,3475;43,5837;43,8198;44,0559;44,2921;44,5282;44,7643;45,0004;45,2366;45,4727;45,7088;45,9449;46,1811;46,4172;46,6533;46,8895;47,1256;47,3617;47,5978;47,8340;48,0701;48,3062;48,5424;48,7785;49,0146;49,2507;49,4869;49,7230;49,9591;50,1952;50,4314;50,6675;50,9036;51,1398;51,3759;51,6120;51,8481;52,0843;52,3204;52,5565;52,7927;53,0288;53,2649;53,5010;53,7372;53,9733;54,2094;54,4455;54,6817;54,9178;55,1539;55,3901;55,6262;55,8623;56,0984;56,3346;00,0000;00,0000;00,0000;00,0000;00,0000;00,0000
41,2618;41,4979;41,7341;41,9702;42,2063;42,4424;42,6786;42,9147;43,1508;43,3870;43,6231;43,8592;44,0953;44,3315;44,5676;44,8037;45,0399;45,2760;45,5121;45,7482;45,9844;46,2205;46,4566;46,6927;46,9289;47,1650;47,4011;47,6373;47,8734;48,1095;48,3456;48,5818;48,8179;49,0540;49,2902;49,5263;49,7624;49,9985;50,2347;50,4708;50,7069;50,9430;51,1792;51,4153;51,6514;51,8876;52,1237;52,3598;52,5959;52,8321;53,0682;53,3043;53,5405;53,7766;54,0127;54,2488;54,4850;54,7211;54,9572;55,1933;55,4295;55,6656;55,9017;56,1379;00,0000;00,0000;00,0000;00,0000;00,0000;00,0000
41,0651;41,3012;41,5374;41,7735;42,0096;42,2457;42,4819;42,7180;42,9541;43,1902;43,4264;43,6625;43,8986;44,1348;44,3709;44,6070;44,8431;45,0793;45,3154;45,5515;45,7877;46,0238;46,2599;46,4960;46,7322;46,9683;47,2044;47,4405;47,6767;47,9128;48,1489;48,3851;48,6212;48,8573;49,0934;49,3296;49,5657;49,8018;50,0380;50,2741;50,5102;50,7463;50,9825;51,2186;51,4547;51,6908;51,9270;52,1631;52,3992;52,6354;52,8715;53,1076;53,3437;53,5799;53,8160;54,0521;54,2883;54,5244;54,7605;54,9966;55,2328;55,4689;55,7050;55,9411;00,0000;00,0000;00,0000;00,0000;00,0000;00,0000
40,8684;41,1045;41,3406;41,5768;41,8129;42,0490;42,2852;42,5213;42,7574;42,9935;43,2297;43,4658;43,7019;43,9380;44,1742;44,4103;44,6464;44,8826;45,1187;45,3548;45,5909;45,8271;46,0632;46,2993;46,5355;46,7716;47,0077;47,2438;47,4800;47,7161;47,9522;48,1883;48,4245;48,6606;48,8967;49,1329;49,3690;49,6051;49,8412;50,0774;50,3135;50,5496;50,7858;51,0219;51,2580;51,4941;51,7303;51,9664;52,2025;52,4386;52,6748;52,9109;53,1470;53,3832;53,6193;53,8554;54,0915;54,3277;54,5638;54,7999;55,0361;55,2722;55,5083;55,7444;00,0000;00,0000;00,0000;00,0000;00,0000;00,0000
40,6717;40,9078;41,1439;41,3801;41,6162;41,8523;42,0884;42,3246;42,5607;42,7968;43,0329;43,2691;43,5052;43,7413;43,9775;44,2136;44,4497;44,6858;44,9220;45,1581;45,3942;45,6304;45,8665;46,1026;46,3387;46,5749;46,8110;47,0471;47,2832;47,5194;47,7555;47,9916;48,2278;48,4639;48,7000;48,9361;49,1723;49,4084;49,6445;49,8807;50,1168;50,3529;50,5890;50,8252;51,0613;51,2974;51,5336;51,7697;52,0058;52,2419;52,4781;52,7142;52,9503;53,1864;53,4226;53,6587;53,8948;54,1310;54,3671;54,6032;54,8393;55,0755;55,3116;55,5477;00,0000;00,0000;00,0000;00,0000;00,0000;00,0000
40,4750;40,7111;40,9472;41,1833;41,4195;41,6556;41,8917;42,1279;42,3640;42,6001;42,8362;43,0724;43,3085;43,5446;43,7807;44,0169;44,2530;44,4891;44,7253;44,9614;45,1975;45,4336;45,6698;45,9059;46,1420;46,3782;46,6143;46,8504;47,0865;47,3227;47,5588;47,7949;48,0310;48,2672;48,5033;48,7394;48,9756;49,2117;49,4478;49,6839;49,9201;50,1562;50,3923;50,6285;50,8646;51,1007;51,3368;51,5730;51,8091;52,0452;52,2813;52,5175;52,7536;52,9897;53,2259;53,4620;53,6981;53,9342;54,1704;54,4065;54,6426;54,8788;55,1149;55,3510;00,0000;00,0000;00,0000;00,0000;00,0000;00,0000
40,2782;40,5144;40,7505;40,9866;41,2228;41,4589;41,6950;41,9311;42,1673;42,4034;42,6395;42,8757;43,1118;43,3479;43,5840;43,8202;44,0563;44,2924;44,5285;44,7647;45,0008;45,2369;45,4731;45,7092;45,9453;46,1814;46,4176;46,6537;46,8898;47,1260;47,3621;47,5982;47,8343;48,0705;48,3066;48,5427;48,7788;49,0150;49,2511;49,4872;49,7234;49,9595;50,1956;50,4317;50,6679;50,9040;51,1401;51,3763;51,6124;51,8485;52,0846;52,3208;52,5569;52,7930;53,0291;53,2653;53,5014;53,7375;53,9737;54,2098;54,4459;54,6820;54,9182;55,1543;00,0000;00,0000;00,0000;00,0000;00,0000;00,0000
40,0815;40,3177;40,5538;40,7899;41,0260;41,2622;41,4983;41,7344;41,9706;42,2067;42,4428;42,6789;42,9151;43,1512;43,3873;43,6235;43,8596;44,0957;44,3318;44,5680;44,8041;45,0402;45,2763;45,5125;45,7486;45,9847;46,2209;46,4570;46,6931;46,9292;47,1654;47,4015;47,6376;47,8738;48,1099;48,3460;48,5821;48,8183;49,0544;49,2905;49,5266;49,7628;49,9989;50,2350;50,4712;50,7073;50,9434;51,1795;51,4157;51,6518;51,8879;52,1241;52,3602;52,5963;52,8324;53,0686;53,3047;53,5408;53,7769;54,0131;54,2492;54,4853;54,7215;54,9576;00,0000;00,0000;00,0000;00,0000;00,0000;00,0000
39,8848;40,1210;40,3571;40,5932;40,8293;41,0655;41,3016;41,5377;41,7738;42,0100;42,2461;42,4822;42,7184;42,9545;43,1906;43,4267;43,6629;43,8990;44,1351;44,3713;44,6074;44,8435;45,0796;45,3158;45,5519;45,7880;46,0241;46,2603;46,4964;46,7325;46,9687;47,2048;47,4409;47,6770;47,9132;48,1493;48,3854;48,6216;48,8577;49,0938;49,3299;49,5661;49,8022;50,0383;50,2744;50,5106;50,7467;50,9828;51,2190;51,4551;51,6912;51,9273;52,1635;52,3996;52,6357;52,8719;53,1080;53,3441;53,5802;53,8164;54,0525;54,2886;54,5247;54,7609;00,0000;00,0000;00,0000;00,0000;00,0000;00,0000
39,6881;39,9242;40,1604;40,3965;40,6326;40,8688;41,1049;41,3410;41,5771;41,8133;42,0494;42,2855;42,5216;42,7578;42,9939;43,2300;43,4662;43,7023;43,9384;44,1745;44,4107;44,6468;44,8829;45,1191;45,3552;45,5913;45,8274;46,0636;46,2997;46,5358;46,7719;47,0081;47,2442;47,4803;47,7165;47,9526;48,1887;48,4248;48,6610;48,8971;49,1332;49,3694;49,6055;49,8416;50,0777;50,3139;50,5500;50,7861;51,0222;51,2584;51,4945;51,7306;51,9668;52,2029;52,4390;52,6751;52,9113;53,1474;53,3835;53,6197;53,8558;54,0919;54,3280;54,5642;00,0000;00,0000;00,0000;00,0000;00,0000;00,0000
39,4914;39,7275;39,9637;40,1998;40,4359;40,6720;40,9082;41,1443;41,3804;41,6165;41,8527;42,0888;42,3249;42,5611;42,7972;43,0333;43,2694;43,5056;43,7417;43,9778;44,2140;44,4501;44,6862;44,9223;45,1585;45,3946;45,6307;45,8668;46,1030;46,3391;46,5752;46,8114;47,0475;47,2836;47,5197;47,7559;47,9920;48,2281;48,4643;48,7004;48,9365;49,1726;49,4088;49,6449;49,8810;50,1171;50,3533;50,5894;50,8255;51,0617;51,2978;51,5339;51,7700;52,0062;52,2423;52,4784;52,7146;52,9507;53,1868;53,4229;53,6591;53,8952;54,1313;54,3674;00,0000;00,0000;00,0000;00,0000;00,0000;00,0000
39,2947;39,5308;39,7669;40,0031;40,2392;40,4753;40,7115;40,9476;41,1837;41,4198;41,6560;41,8921;42,1282;42,3643;42,6005;42,8366;43,0727;43,3089;43,5450;43,7811;44,0172;44,2534;44,4895;44,7256;44,9618;45,1979;45,4340;45,6701;45,9063;46,1424;46,3785;46,6146;46,8508;47,0869;47,3230;47,5592;47,7953;48,0314;48,2675;48,5037;48,7398;48,9759;49,2121;49,4482;49,6843;49,9204;50,1566;50,3927;50,6288;50,8649;51,1011;51,3372;51,5733;51,8095;52,0456;52,2817;52,5178;52,7540;52,9901;53,2262;53,4624;53,6985;53,9346;54,1707;00,0000;00,0000;00,0000;00,0000;00,0000;00,0000
39,0980;39,3341;39,5702;39,8064;40,0425;40,2786;40,5147;40,7509;40,9870;41,2231;41,4593;41,6954;41,9315;42,1676;42,4038;42,6399;42,8760;43,1121;43,3483;43,5844;43,8205;44,0567;44,2928;44,5289;44,7650;45,0012;45,2373;45,4734;45,7096;45,9457;46,1818;46,4179;46,6541;46,8902;47,1263;47,3624;47,5986;47,8347;48,0708;48,3070;48,5431;48,7792;49,0153;49,2515;49,4876;49,7237;49,9599;50,1960;50,4321;50,6682;50,9044;51,1405;51,3766;51,6127;51,8489;52,0850;52,3211;52,5573;52,7934;53,0295;53,2656;53,5018;53,7379;53,9740;00,0000;00,0000;00,0000;00,0000;00,0000;00,0000
38,9013;39,1374;39,3735;39,6096;39,8458;40,0819;40,3180;40,5542;40,7903;41,0264;41,2625;41,4987;41,7348;41,9709;42,2071;42,4432;42,6793;42,9154;43,1516;43,3877;43,6238;43,8599;44,0961;44,3322;44,5683;44,8045;45,0406;45,2767;45,5128;45,7490;45,9851;46,2212;46,4574;46,6935;46,9296;47,1657;47,4019;47,6380;47,8741;48,1102;48,3464;48,5825;48,8186;49,0548;49,2909;49,5270;49,7631;49,9993;50,2354;50,4715;50,7077;50,9438;51,1799;51,4160;51,6522;51,8883;52,1244;52,3605;52,5967;52,8328;53,0689;53,3051;53,5412;53,7773;00,0000;00,0000;00,0000;00,0000;00,0000;00,0000
38,7046;38,9407;39,1768;39,4129;39,6491;39,8852;40,1213;40,3574;40,5936;40,8297;41,0658;41,3020;41,5381;41,7742;42,0103;42,2465;42,4826;42,7187;42,9549;43,1910;43,4271;43,6632;43,8994;44,1355;44,3716;44,6077;44,8439;45,0800;45,3161;45,5523;45,7884;46,0245;46,2606;46,4968;46,7329;46,9690;47,2052;47,4413;47,6774;47,9135;48,1497;48,3858;48,6219;48,8580;49,0942;49,3303;49,5664;49,8026;50,0387;50,2748;50,5109;50,7471;50,9832;51,2193;51,4555;51,6916;51,9277;52,1638;52,4000;52,6361;52,8722;53,1083;53,3445;53,5806;00,0000;00,0000;00,0000;00,0000;00,0000;00,0000
38,5078;38,7440;38,9801;39,2162;39,4523;39,6885;39,9246;40,1607;40,3969;40,6330;40,8691;41,1052;41,3414;41,5775;41,8136;42,0498;42,2859;42,5220;42,7581;42,9943;43,2304;43,4665;43,7027;43,9388;44,1749;44,4110;44,6472;44,8833;45,1194;45,3555;45,5917;45,8278;46,0639;46,3001;46,5362;46,7723;47,0084;47,2446;47,4807;47,7168;47,9530;48,1891;48,4252;48,6613;48,8975;49,1336;49,3697;49,6058;49,8420;50,0781;50,3142;50,5504;50,7865;51,0226;51,2587;51,4949;51,7310;51,9671;52,2033;52,4394;52,6755;52,9116;53,1478;53,3839;00,0000;00,0000;00,0000;00,0000;00,0000;00,0000
38,3111;38,5473;38,7834;39,0195;39,2556;39,4918;39,7279;39,9640;40,2001;40,4363;40,6724;40,9085;41,1447;41,3808;41,6169;41,8530;42,0892;42,3253;42,5614;42,7976;43,0337;43,2698;43,5059;43,7421;43,9782;44,2143;44,4504;44,6866;44,9227;45,1588;45,3950;45,6311;45,8672;46,1033;46,3395;46,5756;46,8117;47,0479;47,2840;47,5201;47,7562;47,9924;48,2285;48,4646;48,7007;48,9369;49,1730;49,4091;49,6453;49,8814;50,1175;50,3536;50,5898;50,8259;51,0620;51,2982;51,5343;51,7704;52,0065;52,2427;52,4788;52,7149;52,9510;53,1872;00,0000;00,0000;00,0000;00,0000;00,0000;00,0000
38,1144;38,3505;38,5867;38,8228;39,0589;39,2951;39,5312;39,7673;40,0034;40,2396;40,4757;40,7118;40,9479;41,1841;41,4202;41,6563;41,8925;42,1286;42,3647;42,6008;42,8370;43,0731;43,3092;43,5454;43,7815;44,0176;44,2537;44,4899;44,7260;44,9621;45,1982;45,4344;45,6705;45,9066;46,1428;46,3789;46,6150;46,8511;47,0873;47,3234;47,5595;47,7957;48,0318;48,2679;48,5040;48,7402;48,9763;49,2124;49,4485;49,6847;49,9208;50,1569;50,3931;50,6292;50,8653;51,1014;51,3376;51,5737;51,8098;52,0460;52,2821;52,5182;52,7543;52,9905;00,0000;00,0000;00,0000;00,0000;00,0000;00,0000
37,9177;38,1538;38,3900;38,6261;38,8622;39,0983;39,3345;39,5706;39,8067;40,0429;40,2790;40,5151;40,7512;40,9874;41,2235;41,4596;41,6957;41,9319;42,1680;42,4041;42,6403;42,8764;43,1125;43,3486;43,5848;43,8209;44,0570;44,2932;44,5293;44,7654;45,0015;45,2377;45,4738;45,7099;45,9460;46,1822;46,4183;46,6544;46,8906;47,1267;47,3628;47,5989;47,8351;48,0712;48,3073;48,5435;48,7796;49,0157;49,2518;49,4880;49,7241;49,9602;50,1963;50,4325;50,6686;50,9047;51,1409;51,3770;51,6131;51,8492;52,0854;52,3215;52,5576;52,7938;00,0000;00,0000;00,0000;00,0000;00,0000;00,0000
37,7210;37,9571;38,1932;38,4294;38,6655;38,9016;39,1378;39,3739;39,6100;39,8461;40,0823;40,3184;40,5545;40,7907;41,0268;41,2629;41,4990;41,7352;41,9713;42,2074;42,4435;42,6797;42,9158;43,1519;43,3881;43,6242;43,8603;44,0964;44,3326;44,5687;44,8048;45,0410;45,2771;45,5132;45,7493;45,9855;46,2216;46,4577;46,6938;46,9300;47,1661;47,4022;47,6384;47,8745;48,1106;48,3467;48,5829;48,8190;49,0551;49,2913;49,5274;49,7635;49,9996;50,2358;50,4719;50,7080;50,9441;51,1803;51,4164;51,6525;51,8887;52,1248;52,3609;52,5970;00,0000;00,0000;00,0000;00,0000;00,0000;00,0000
37,5243;37,7604;37,9965;38,2327;38,4688;38,7049;38,9410;39,1772;39,4133;39,6494;39,8856;40,1217;40,3578;40,5939;40,8301;41,0662;41,3023;41,5385;41,7746;42,0107;42,2468;42,4830;42,7191;42,9552;43,1913;43,4275;43,6636;43,8997;44,1359;44,3720;44,6081;44,8442;45,0804;45,3165;45,5526;45,7888;46,0249;46,2610;46,4971;46,7333;46,9694;47,2055;47,4416;47,6778;47,9139;48,1500;48,3862;48,6223;48,8584;49,0945;49,3307;49,5668;49,8029;50,0391;50,2752;50,5113;50,7474;50,9836;51,2197;51,4558;51,6919;51,9281;52,1642;52,4003;00,0000;00,0000;00,0000;00,0000;00,0000;00,0000
37,3276;37,5637;37,7998;38,0359;38,2721;38,5082;38,7443;38,9805;39,2166;39,4527;39,6888;39,9250;40,1611;40,3972;40,6334;40,8695;41,1056;41,3417;41,5779;41,8140;42,0501;42,2862;42,5224;42,7585;42,9946;43,2308;43,4669;43,7030;43,9391;44,1753;44,4114;44,6475;44,8837;45,1198;45,3559;45,5920;45,8282;46,0643;46,3004;46,5366;46,7727;47,0088;47,2449;47,4811;47,7172;47,9533;48,1894;48,4256;48,6617;48,8978;49,1340;49,3701;49,6062;49,8423;50,0785;50,3146;50,5507;50,7869;51,0230;51,2591;51,4952;51,7314;51,9675;52,2036;00,0000;00,0000;00,0000;00,0000;00,0000;00,0000
37,1309;37,3670;37,6031;37,8392;38,0754;38,3115;38,5476;38,7837;39,0199;39,2560;39,4921;39,7283;39,9644;40,2005;40,4366;40,6728;40,9089;41,1450;41,3812;41,6173;41,8534;42,0895;42,3257;42,5618;42,7979;43,0340;43,2702;43,5063;43,7424;43,9786;44,2147;44,4508;44,6869;44,9231;45,1592;45,3953;45,6315;45,8676;46,1037;46,3398;46,5760;46,8121;47,0482;47,2843;47,5205;47,7566;47,9927;48,2289;48,4650;48,7011;48,9372;49,1734;49,4095;49,6456;49,8818;50,1179;50,3540;50,5901;50,8263;51,0624;51,2985;51,5346;51,7708;52,0069;00,0000;00,0000;00,0000;00,0000;00,0000;00,0000
36,9341;37,1703;37,4064;37,6425;37,8787;38,1148;38,3509;38,5870;38,8232;39,0593;39,2954;39,5315;39,7677;40,0038;40,2399;40,4761;40,7122;40,9483;41,1844;41,4206;41,6567;41,8928;42,1290;42,3651;42,6012;42,8373;43,0735;43,3096;43,5457;43,7818;44,0180;44,2541;44,4902;44,7264;44,9625;45,1986;45,4347;45,6709;45,9070;46,1431;46,3793;46,6154;46,8515;47,0876;47,3238;47,5599;47,7960;48,0321;48,2683;48,5044;48,7405;48,9767;49,2128;49,4489;49,6850;49,9212;50,1573;50,3934;50,6296;50,8657;51,1018;51,3379;51,5741;51,8102;00,0000;00,0000;00,0000;00,0000;00,0000;00,0000
36,7374;36,9736;37,2097;37,4458;37,6819;37,9181;38,1542;38,3903;38,6265;38,8626;39,0987;39,3348;39,5710;39,8071;40,0432;40,2793;40,5155;40,7516;40,9877;41,2239;41,4600;41,6961;41,9322;42,1684;42,4045;42,6406;42,8768;43,1129;43,3490;43,5851;43,8213;44,0574;44,2935;44,5296;44,7658;45,0019;45,2380;45,4742;45,7103;45,9464;46,1825;46,4187;46,6548;46,8909;47,1271;47,3632;47,5993;47,8354;48,0716;48,3077;48,5438;48,7799;49,0161;49,2522;49,4883;49,7245;49,9606;50,1967;50,4328;50,6690;50,9051;51,1412;51,3774;51,6135;00,0000;00,0000;00,0000;00,0000;00,0000;00,0000
36,5407;36,7768;37,0130;37,2491;37,4852;37,7214;37,9575;38,1936;38,4297;38,6659;38,9020;39,1381;39,3743;39,6104;39,8465;40,0826;40,3188;40,5549;40,7910;41,0271;41,2633;41,4994;41,7355;41,9717;42,2078;42,4439;42,6800;42,9162;43,1523;43,3884;43,6246;43,8607;44,0968;44,3329;44,5691;44,8052;45,0413;45,2774;45,5136;45,7497;45,9858;46,2220;46,4581;46,6942;46,9303;47,1665;47,4026;47,6387;47,8749;48,1110;48,3471;48,5832;48,8194;49,0555;49,2916;49,5277;49,7639;50,0000;50,2361;50,4723;50,7084;50,9445;51,1806;51,4168;00,0000;00,0000;00,0000;00,0000;00,0000;00,0000
36,3440;36,5801;36,8163;37,0524;37,2885;37,5246;37,7608;37,9969;38,2330;38,4692;38,7053;38,9414;39,1775;39,4137;39,6498;39,8859;40,1221;40,3582;40,5943;40,8304;41,0666;41,3027;41,5388;41,7749;42,0111;42,2472;42,4833;42,7195;42,9556;43,1917;43,4278;43,6640;43,9001;44,1362;44,3724;44,6085;44,8446;45,0807;45,3169;45,5530;45,7891;46,0252;46,2614;46,4975;46,7336;46,9698;47,2059;47,4420;47,6781;47,9143;48,1504;48,3865;48,6227;48,8588;49,0949;49,3310;49,5672;49,8033;50,0394;50,2755;50,5117;50,7478;50,9839;51,2201;00,0000;00,0000;00,0000;00,0000;00,0000;00,0000
36,1473;36,3834;36,6195;36,8557;37,0918;37,3279;37,5641;37,8002;38,0363;38,2724;38,5086;38,7447;38,9808;39,2170;39,4531;39,6892;39,9253;40,1615;40,3976;40,6337;40,8698;41,1060;41,3421;41,5782;41,8144;42,0505;42,2866;42,5227;42,7589;42,9950;43,2311;43,4673;43,7034;43,9395;44,1756;44,4118;44,6479;44,8840;45,1201;45,3563;45,5924;45,8285;46,0647;46,3008;46,5369;46,7730;47,0092;47,2453;47,4814;47,7176;47,9537;48,1898;48,4259;48,6621;48,8982;49,1343;49,3704;49,6066;49,8427;50,0788;50,3150;50,5511;50,7872;51,0233;00,0000;00,0000;00,0000;00,0000;00,0000;00,0000
35,9506;36,1867;36,4228;36,6590;36,8951;37,1312;37,3673;37,6035;37,8396;38,0757;38,3119;38,5480;38,7841;39,0202;39,2564;39,4925;39,7286;39,9648;40,2009;40,4370;40,6731;40,9093;41,1454;41,3815;41,6176;41,8538;42,0899;42,3260;42,5622;42,7983;43,0344;43,2705;43,5067;43,7428;43,9789;44,2151;44,4512;44,6873;44,9234;45,1596;45,3957;45,6318;45,8679;46,1041;46,3402;46,5763;46,8125;47,0486;47,2847;47,5208;47,7570;47,9931;48,2292;48,4654;48,7015;48,9376;49,1737;49,4099;49,6460;49,8821;50,1182;50,3544;50,5905;50,8266;00,0000;00,0000;00,0000;00,0000;00,0000;00,0000
