date;ret
20/06/2008;1.595472e-03
23/06/2008;-7.476999e-03
24/06/2008;3.698231e-04
25/06/2008;-2.740056e-03
26/06/2008;5.170571e-03
27/06/2008;-3.454045e-03
30/06/2008;-4.619475e-03
01/07/2008;-3.925461e-06
02/07/2008;-1.774879e-03
03/07/2008;3.437917e-03
07/07/2008;-1.963656e-03
08/07/2008;6.211769e-03
09/07/2008;-7.128643e-03
10/07/2008;-9.154189e-03
11/07/2008;-1.270657e-03
14/07/2008;-8.237352e-03
15/07/2008;2.436951e-03
16/07/2008;2.097774e-03
17/07/2008;7.007491e-03
18/07/2008;-3.400545e-03
21/07/2008;3.240866e-03
22/07/2008;-2.726001e-03
23/07/2008;-6.977296e-05
24/07/2008;-1.528995e-03
25/07/2008;-8.298472e-03
28/07/2008;-2.243513e-03
29/07/2008;1.157041e-03
30/07/2008;5.645277e-03
31/07/2008;2.721738e-03
01/08/2008;2.942854e-03
04/08/2008;8.258389e-04
05/08/2008;-6.498636e-03
06/08/2008;-1.806973e-03
07/08/2008;-1.601624e-03
08/08/2008;4.127764e-04
11/08/2008;-2.090633e-03
12/08/2008;3.155826e-03
13/08/2008;-8.284359e-04
14/08/2008;3.687572e-03
15/08/2008;6.325176e-04
18/08/2008;4.005052e-03
19/08/2008;-1.032044e-02
20/08/2008;4.634477e-04
21/08/2008;2.425436e-04
22/08/2008;-1.720077e-03
25/08/2008;-8.810677e-03
26/08/2008;-6.906340e-03
27/08/2008;-3.905362e-03
28/08/2008;-2.456153e-03
29/08/2008;-2.194669e-03
02/09/2008;-3.839946e-04
03/09/2008;-4.324624e-03
04/09/2008;7.935591e-03
05/09/2008;7.554149e-03
08/09/2008;-9.962720e-04
09/09/2008;2.764510e-03
10/09/2008;2.289270e-03
11/09/2008;-9.873424e-04
12/09/2008;-1.099138e-04
15/09/2008;-2.067098e-03
16/09/2008;-2.196735e-03
17/09/2008;1.405485e-04
18/09/2008;1.563370e-03
19/09/2008;-9.593650e-04
22/09/2008;1.581822e-03
23/09/2008;8.429639e-04
24/09/2008;1.475793e-03
25/09/2008;4.477473e-04
26/09/2008;-3.369311e-05
29/09/2008;-2.073659e-03
30/09/2008;-1.320981e-03
01/10/2008;-7.800310e-05
02/10/2008;1.364525e-03
03/10/2008;1.715924e-03
06/10/2008;-2.802709e-03
07/10/2008;-1.212128e-03
08/10/2008;-7.881194e-04
09/10/2008;1.371160e-03
10/10/2008;-1.823414e-03
13/10/2008;1.830247e-03
14/10/2008;-3.241934e-03
15/10/2008;-1.342445e-03
16/10/2008;-1.625869e-03
17/10/2008;1.556180e-03
20/10/2008;-1.188396e-03
21/10/2008;-3.006080e-03
22/10/2008;3.222159e-04
23/10/2008;1.816278e-04
24/10/2008;3.094274e-03
27/10/2008;-4.282476e-03
28/10/2008;-1.707892e-03
29/10/2008;-1.540598e-03
30/10/2008;2.773386e-03
31/10/2008;1.517731e-03
03/11/2008;-6.947538e-04
04/11/2008;4.553580e-03
05/11/2008;3.448458e-04
06/11/2008;-2.353142e-04
07/11/2008;3.556248e-03
10/11/2008;-5.337960e-03
11/11/2008;3.309040e-03
12/11/2008;-5.462996e-04
13/11/2008;3.769723e-03
14/11/2008;-4.197353e-02
17/11/2008;3.801600e-03
18/11/2008;1.161136e-02
19/11/2008;-4.297824e-03
20/11/2008;1.291203e-02
21/11/2008;-1.875306e-03
24/11/2008;-1.928456e-03
25/11/2008;4.252371e-05
26/11/2008;-1.267263e-02
28/11/2008;5.874537e-03
01/12/2008;2.087243e-03
02/12/2008;2.917216e-03
03/12/2008;1.120744e-02
04/12/2008;-1.778855e-02
05/12/2008;-1.130830e-02
08/12/2008;3.257794e-03
09/12/2008;2.061406e-03
10/12/2008;-1.421963e-03
11/12/2008;2.550973e-03
12/12/2008;-4.911337e-03
15/12/2008;-6.933958e-04
16/12/2008;8.242159e-03
17/12/2008;3.323843e-03
18/12/2008;-5.328277e-04
19/12/2008;-1.489769e-02
22/12/2008;1.709288e-03
23/12/2008;1.005274e-02
24/12/2008;-4.047630e-03
26/12/2008;-2.891405e-04
29/12/2008;2.433800e-03
30/12/2008;-2.068355e-04
31/12/2008;-3.234370e-03
02/01/2009;1.075585e-03
05/01/2009;1.094625e-02
06/01/2009;2.950328e-03
07/01/2009;1.028920e-02
08/01/2009;-1.663850e-03
09/01/2009;-1.521946e-03
12/01/2009;-6.425378e-03
13/01/2009;1.398693e-02
14/01/2009;-1.104857e-02
15/01/2009;-3.428691e-03
16/01/2009;3.266317e-03
20/01/2009;-9.113029e-03
21/01/2009;-1.763379e-03
22/01/2009;-6.013229e-03
23/01/2009;-6.657632e-04
26/01/2009;3.719360e-03
27/01/2009;-6.390009e-03
28/01/2009;3.479415e-03
29/01/2009;1.894115e-03
30/01/2009;1.290591e-05
02/02/2009;3.434347e-03
03/02/2009;1.792625e-04
04/02/2009;3.263871e-03
05/02/2009;-1.425207e-02
06/02/2009;3.187552e-03
09/02/2009;1.643713e-03
10/02/2009;1.225670e-03
11/02/2009;-3.599573e-03
12/02/2009;-8.064720e-04
13/02/2009;-6.916736e-03
17/02/2009;3.123737e-03
18/02/2009;1.918735e-03
19/02/2009;-2.412419e-03
20/02/2009;5.296156e-03
23/02/2009;1.184061e-03
24/02/2009;-1.315630e-03
25/02/2009;-1.700438e-03
26/02/2009;4.908334e-03
27/02/2009;5.777974e-03
02/03/2009;6.320044e-04
03/03/2009;8.941985e-03
04/03/2009;2.966133e-03
05/03/2009;-2.778600e-04
06/03/2009;2.981963e-03
09/03/2009;-3.895244e-03
10/03/2009;2.385484e-03
11/03/2009;1.879092e-03
12/03/2009;3.788273e-03
13/03/2009;4.970580e-03
16/03/2009;8.009108e-04
17/03/2009;-4.926208e-03
18/03/2009;-7.412273e-04
19/03/2009;-8.654202e-04
20/03/2009;2.185831e-03
23/03/2009;9.158053e-04
24/03/2009;1.891464e-03
25/03/2009;-1.850873e-03
26/03/2009;1.080851e-03
27/03/2009;-4.196212e-04
30/03/2009;-2.464177e-03
31/03/2009;-8.246863e-04
01/04/2009;1.063482e-03
02/04/2009;-2.206177e-04
03/04/2009;-2.425490e-03
06/04/2009;-4.170759e-03
07/04/2009;1.646563e-03
08/04/2009;-1.833163e-03
09/04/2009;1.852707e-03
13/04/2009;-8.095527e-04
14/04/2009;7.217111e-04
15/04/2009;5.329359e-04
16/04/2009;6.541425e-03
17/04/2009;1.398917e-03
20/04/2009;1.642630e-03
21/04/2009;5.828721e-05
22/04/2009;-1.725799e-03
23/04/2009;8.142505e-04
24/04/2009;-4.755585e-03
27/04/2009;-5.096372e-04
28/04/2009;-1.032547e-02
29/04/2009;5.405077e-04
30/04/2009;-1.071173e-04
01/05/2009;-3.743624e-04
04/05/2009;1.216986e-04
05/05/2009;-7.359214e-03
06/05/2009;-2.924511e-03
07/05/2009;3.012378e-03
08/05/2009;8.353820e-04
11/05/2009;-1.404774e-03
12/05/2009;-8.843917e-04
13/05/2009;1.511236e-03
14/05/2009;-5.092542e-03
15/05/2009;7.818809e-04
18/05/2009;-2.513699e-03
19/05/2009;-1.132723e-03
20/05/2009;2.161176e-03
21/05/2009;-6.100817e-03
22/05/2009;5.994851e-03
26/05/2009;4.269019e-03
27/05/2009;-4.444157e-04
28/05/2009;-4.140745e-03
29/05/2009;-4.545242e-04
01/06/2009;3.363914e-04
02/06/2009;-2.446983e-03
03/06/2009;2.540961e-03
04/06/2009;3.936228e-03
05/06/2009;-3.219293e-03
08/06/2009;1.121415e-03
09/06/2009;1.970047e-03
10/06/2009;-2.326868e-03
11/06/2009;-3.036011e-03
12/06/2009;-6.987415e-04
15/06/2009;2.306575e-03
16/06/2009;1.987386e-03
17/06/2009;1.186364e-03
18/06/2009;-1.351989e-03
19/06/2009;-1.366057e-03
22/06/2009;1.714200e-03
23/06/2009;-1.796951e-03
24/06/2009;-1.294462e-03
25/06/2009;7.536929e-05
26/06/2009;2.978892e-04
29/06/2009;-1.136818e-03
30/06/2009;-3.325367e-05
01/07/2009;-8.804179e-04
02/07/2009;2.953675e-03
06/07/2009;-3.308909e-03
07/07/2009;5.608085e-04
08/07/2009;-2.042036e-03
09/07/2009;-1.213703e-03
10/07/2009;5.843303e-04
13/07/2009;-1.046083e-04
14/07/2009;1.390140e-03
15/07/2009;-1.799127e-03
16/07/2009;-8.203459e-04
17/07/2009;-1.443504e-03
20/07/2009;-1.962051e-03
21/07/2009;1.538387e-03
22/07/2009;-3.085297e-03
23/07/2009;7.395603e-04
24/07/2009;1.222967e-03
27/07/2009;1.929223e-03
28/07/2009;3.284116e-03
29/07/2009;4.873827e-05
30/07/2009;2.424503e-03
31/07/2009;-3.157271e-04
03/08/2009;-7.651886e-03
04/08/2009;-5.014942e-03
05/08/2009;3.330786e-03
06/08/2009;-2.559239e-03
07/08/2009;1.072159e-04
10/08/2009;-1.681714e-03
11/08/2009;-6.848901e-03
12/08/2009;1.695025e-03
13/08/2009;-7.180451e-03
14/08/2009;-2.762508e-03
17/08/2009;8.036256e-03
18/08/2009;2.501575e-03
19/08/2009;-5.464292e-03
20/08/2009;-5.501646e-03
21/08/2009;-6.021883e-03
24/08/2009;-1.918473e-03
25/08/2009;-3.645768e-03
26/08/2009;2.651597e-03
27/08/2009;3.513991e-05
28/08/2009;-1.349839e-03
31/08/2009;-3.591536e-03
01/09/2009;1.973585e-03
02/09/2009;2.920836e-03
03/09/2009;-4.006531e-03
04/09/2009;1.037161e-03
08/09/2009;7.258096e-04
09/09/2009;1.248667e-03
10/09/2009;6.463781e-06
11/09/2009;-3.208991e-04
14/09/2009;-2.786541e-03
15/09/2009;-2.931522e-03
16/09/2009;-1.361844e-03
17/09/2009;-5.751707e-03
18/09/2009;-1.144008e-02
21/09/2009;-6.588369e-03
22/09/2009;1.364258e-03
23/09/2009;4.547654e-04
24/09/2009;5.073877e-04
25/09/2009;2.038984e-03
28/09/2009;1.365504e-03
29/09/2009;8.461508e-04
30/09/2009;5.263715e-03
01/10/2009;2.392746e-04
02/10/2009;2.456261e-03
05/10/2009;2.955991e-03
06/10/2009;-2.846541e-03
07/10/2009;3.500298e-03
08/10/2009;-2.957325e-03
09/10/2009;-1.164642e-03
12/10/2009;-2.092845e-03
13/10/2009;7.499359e-04
14/10/2009;2.853532e-03
15/10/2009;-5.115115e-03
16/10/2009;1.813184e-03
19/10/2009;6.242754e-04
20/10/2009;-5.873426e-04
21/10/2009;-5.602566e-03
22/10/2009;-1.112573e-02
23/10/2009;6.738929e-03
26/10/2009;-4.453675e-03
27/10/2009;3.444122e-03
28/10/2009;-4.845544e-03
29/10/2009;-1.636732e-03
30/10/2009;-6.092712e-03
02/11/2009;-6.766380e-03
03/11/2009;4.738740e-04
04/11/2009;8.449848e-04
05/11/2009;8.931691e-03
06/11/2009;-1.947117e-03
09/11/2009;6.676352e-04
10/11/2009;-2.246311e-03
11/11/2009;-4.124001e-04
12/11/2009;-4.203964e-03
13/11/2009;1.642729e-03
16/11/2009;9.839189e-03
17/11/2009;-4.768002e-03
18/11/2009;-7.514861e-03
19/11/2009;-4.380310e-03
20/11/2009;9.479076e-04
23/11/2009;-5.742684e-03
24/11/2009;-1.258617e-02
25/11/2009;1.977062e-03
27/11/2009;6.761398e-03
30/11/2009;9.428669e-03
01/12/2009;-1.342174e-02
02/12/2009;4.945952e-03
03/12/2009;-6.788894e-03
04/12/2009;-4.342453e-03
07/12/2009;-2.593399e-03
08/12/2009;-6.816308e-03
09/12/2009;2.070405e-05
10/12/2009;-8.611350e-03
11/12/2009;-5.434946e-04
14/12/2009;3.363205e-03
15/12/2009;-6.707624e-05
16/12/2009;4.520893e-04
17/12/2009;-2.929795e-03
18/12/2009;2.922653e-03
21/12/2009;1.601766e-03
22/12/2009;-5.911592e-03
23/12/2009;1.617534e-03
24/12/2009;1.609093e-03
28/12/2009;2.731269e-03
29/12/2009;-2.422784e-03
30/12/2009;9.504663e-03
31/12/2009;-1.459985e-03
04/01/2010;7.445263e-03
05/01/2010;-5.953261e-04
06/01/2010;-5.223739e-03
07/01/2010;-2.196652e-03
08/01/2010;-6.868082e-03
11/01/2010;9.746920e-04
12/01/2010;5.627636e-04
13/01/2010;3.096242e-03
14/01/2010;-2.720958e-03
15/01/2010;-2.858661e-03
19/01/2010;1.720066e-03
20/01/2010;7.247415e-03
21/01/2010;1.952808e-03
22/01/2010;-4.629344e-03
25/01/2010;-1.272506e-03
26/01/2010;-9.281694e-03
27/01/2010;2.864408e-04
28/01/2010;-6.988126e-03
29/01/2010;-2.453721e-03
01/02/2010;5.467186e-03
02/02/2010;1.215228e-02
03/02/2010;1.557280e-04
04/02/2010;4.555753e-03
05/02/2010;-4.304994e-03
08/02/2010;-9.077191e-03
09/02/2010;-1.803219e-03
10/02/2010;9.541849e-05
11/02/2010;1.301131e-03
12/02/2010;1.684972e-03
16/02/2010;-6.939265e-04
17/02/2010;4.283990e-03
18/02/2010;1.364920e-03
19/02/2010;-4.879449e-04
22/02/2010;-7.509309e-04
23/02/2010;-1.802994e-03
24/02/2010;-3.045524e-03
25/02/2010;-1.472532e-03
26/02/2010;1.875182e-03
01/03/2010;-1.674467e-03
02/03/2010;-1.425461e-04
03/03/2010;6.221229e-04
04/03/2010;-3.686045e-03
05/03/2010;-8.831841e-04
08/03/2010;1.540898e-03
09/03/2010;-2.862097e-03
10/03/2010;-1.992015e-03
11/03/2010;-4.434121e-03
12/03/2010;3.562429e-03
15/03/2010;2.646179e-04
16/03/2010;5.149826e-04
17/03/2010;-4.079924e-04
18/03/2010;5.998496e-04
19/03/2010;2.038744e-03
22/03/2010;1.986343e-04
23/03/2010;-1.477871e-03
24/03/2010;-1.100676e-03
25/03/2010;4.343020e-03
26/03/2010;2.750794e-03
29/03/2010;1.563823e-03
30/03/2010;-2.481117e-04
31/03/2010;9.502904e-04
01/04/2010;-1.880724e-03
05/04/2010;4.377914e-04
06/04/2010;2.679801e-03
07/04/2010;-3.056182e-03
08/04/2010;2.002825e-03
09/04/2010;-9.117352e-04
12/04/2010;-5.001173e-03
13/04/2010;-4.038461e-03
14/04/2010;3.806745e-03
15/04/2010;7.593626e-03
16/04/2010;-3.667261e-05
19/04/2010;1.686352e-03
20/04/2010;7.404953e-04
21/04/2010;4.070080e-03
22/04/2010;2.349483e-04
23/04/2010;-2.732480e-03
26/04/2010;4.062337e-03
27/04/2010;1.130108e-03
28/04/2010;-5.637965e-03
29/04/2010;-1.854347e-03
30/04/2010;3.742658e-03
03/05/2010;3.107969e-03
04/05/2010;4.974202e-03
05/05/2010;1.987837e-03
06/05/2010;-1.950907e-03
07/05/2010;1.910136e-03
10/05/2010;-2.251698e-03
11/05/2010;2.396749e-03
12/05/2010;4.004827e-04
13/05/2010;-6.903891e-04
14/05/2010;-6.363093e-03
17/05/2010;8.398457e-05
18/05/2010;-8.739886e-04
19/05/2010;-4.067900e-04
20/05/2010;-1.678513e-03
21/05/2010;-4.035123e-03
24/05/2010;-3.945428e-03
25/05/2010;1.281791e-02
26/05/2010;-1.896290e-03
27/05/2010;4.562167e-03
28/05/2010;1.054770e-03
01/06/2010;2.667214e-03
02/06/2010;-2.289216e-03
03/06/2010;-4.032289e-03
04/06/2010;-1.479166e-03
07/06/2010;1.261150e-03
08/06/2010;-7.050769e-03
09/06/2010;6.422566e-03
10/06/2010;-5.306467e-03
11/06/2010;3.571201e-03
14/06/2010;-2.832423e-03
15/06/2010;3.287739e-03
16/06/2010;1.215798e-02
17/06/2010;2.609718e-03
18/06/2010;1.938175e-03
21/06/2010;1.408604e-04
22/06/2010;-5.313596e-03
23/06/2010;-1.507964e-02
24/06/2010;2.236562e-03
25/06/2010;2.396729e-03
28/06/2010;-4.770622e-04
29/06/2010;4.736461e-03
30/06/2010;2.405727e-04
01/07/2010;2.467272e-03
02/07/2010;-2.599069e-03
06/07/2010;-6.425672e-03
07/07/2010;8.540176e-05
08/07/2010;5.594032e-04
09/07/2010;9.213760e-03
12/07/2010;-6.784933e-03
13/07/2010;-5.683142e-03
14/07/2010;-3.605632e-03
15/07/2010;-1.619011e-04
16/07/2010;-1.962581e-03
19/07/2010;-2.275452e-03
20/07/2010;3.202995e-03
21/07/2010;1.189761e-03
22/07/2010;-7.867293e-03
23/07/2010;-1.357981e-03
26/07/2010;1.788884e-03
27/07/2010;5.843961e-03
28/07/2010;6.517116e-03
29/07/2010;4.251941e-03
30/07/2010;-6.077716e-03
02/08/2010;3.021248e-03
03/08/2010;3.419412e-05
04/08/2010;1.855332e-03
05/08/2010;-1.366647e-04
06/08/2010;1.841859e-03
09/08/2010;3.614483e-03
10/08/2010;1.579197e-03
11/08/2010;7.806375e-04
12/08/2010;-3.547390e-04
13/08/2010;-1.334453e-02
16/08/2010;1.293654e-02
17/08/2010;-7.217385e-03
18/08/2010;-4.640498e-03
19/08/2010;2.044374e-03
20/08/2010;1.288429e-03
23/08/2010;5.764666e-03
24/08/2010;-1.599543e-03
25/08/2010;-9.319737e-04
26/08/2010;3.411783e-03
27/08/2010;-2.283315e-03
30/08/2010;-3.289400e-03
31/08/2010;-1.132469e-03
01/09/2010;-1.021162e-02
02/09/2010;-3.743179e-03
03/09/2010;-3.513036e-03
07/09/2010;-1.282464e-03
08/09/2010;-7.618935e-04
09/09/2010;-4.939540e-03
10/09/2010;1.501542e-03
13/09/2010;1.553453e-03
14/09/2010;4.363645e-03
15/09/2010;1.456007e-03
16/09/2010;-1.184454e-03
17/09/2010;-3.624707e-03
20/09/2010;-2.844267e-03
21/09/2010;5.182447e-03
22/09/2010;1.985731e-02
23/09/2010;2.186665e-03
24/09/2010;3.127020e-03
27/09/2010;-7.881893e-03
28/09/2010;-8.020692e-03
29/09/2010;1.607089e-03
30/09/2010;-7.734793e-03
01/10/2010;-3.294094e-03
04/10/2010;4.832612e-04
05/10/2010;-1.569266e-03
06/10/2010;8.450999e-03
07/10/2010;6.182036e-03
08/10/2010;-6.943634e-03
11/10/2010;-2.764764e-03
12/10/2010;-2.058372e-04
13/10/2010;-3.715703e-03
14/10/2010;5.023809e-04
15/10/2010;-7.489520e-04
18/10/2010;1.519436e-05
19/10/2010;-4.571991e-03
20/10/2010;-1.001474e-02
21/10/2010;3.011528e-03
22/10/2010;8.730421e-03
25/10/2010;1.238415e-03
26/10/2010;-3.500664e-03
27/10/2010;1.837797e-03
28/10/2010;-1.650741e-02
29/10/2010;-1.068567e-02
01/11/2010;7.182018e-03
02/11/2010;1.317290e-02
03/11/2010;-7.828934e-03
04/11/2010;1.533397e-02
05/11/2010;6.833481e-03
08/11/2010;-4.190932e-03
09/11/2010;7.664547e-03
10/11/2010;-1.992962e-02
11/11/2010;-3.830876e-03
12/11/2010;-4.938124e-03
15/11/2010;5.102704e-04
16/11/2010;-1.967642e-02
17/11/2010;-1.671994e-02
18/11/2010;2.807267e-03
19/11/2010;9.963710e-03
22/11/2010;-4.837325e-03
23/11/2010;5.333639e-03
24/11/2010;-4.450140e-03
26/11/2010;5.005971e-03
29/11/2010;3.131558e-03
30/11/2010;1.165760e-04
01/12/2010;2.697226e-03
02/12/2010;-4.684070e-03
03/12/2010;1.653067e-02
06/12/2010;-5.228858e-04
07/12/2010;8.200745e-03
08/12/2010;-2.381369e-03
09/12/2010;-1.570994e-02
10/12/2010;-1.232441e-02
13/12/2010;-3.538517e-03
14/12/2010;5.617782e-03
15/12/2010;8.467499e-04
16/12/2010;-1.389124e-03
17/12/2010;5.076173e-03
20/12/2010;-7.655847e-03
21/12/2010;1.763497e-04
22/12/2010;-6.995649e-03
23/12/2010;-1.323838e-02
27/12/2010;-5.792392e-03
28/12/2010;-3.281696e-03
29/12/2010;1.004107e-02
30/12/2010;1.816635e-03
31/12/2010;4.111746e-03
03/01/2011;5.764137e-03
04/01/2011;-7.421148e-03
05/01/2011;3.811917e-03
06/01/2011;-4.564957e-03
07/01/2011;-1.781211e-03
10/01/2011;-7.746142e-04
11/01/2011;3.678781e-03
12/01/2011;2.890293e-03
13/01/2011;1.582049e-04
14/01/2011;-1.725811e-03
18/01/2011;1.542731e-03
19/01/2011;-3.440081e-03
20/01/2011;3.583497e-03
21/01/2011;-8.494628e-03
24/01/2011;3.695169e-03
25/01/2011;-2.215616e-03
26/01/2011;-8.188456e-03
27/01/2011;8.577507e-03
28/01/2011;5.411008e-03
31/01/2011;5.066414e-03
01/02/2011;-1.973646e-03
02/02/2011;1.884301e-03
03/02/2011;1.927047e-03
04/02/2011;-6.188247e-03
07/02/2011;-1.786902e-03
08/02/2011;1.461758e-03
09/02/2011;3.765046e-05
10/02/2011;1.342189e-03
11/02/2011;4.200914e-04
14/02/2011;8.597652e-04
15/02/2011;-3.491752e-03
16/02/2011;-3.447301e-04
17/02/2011;1.273791e-02
18/02/2011;-2.889469e-03
22/02/2011;1.343656e-04
23/02/2011;3.752442e-03
24/02/2011;-9.646017e-03
25/02/2011;-1.432915e-04
28/02/2011;6.024871e-03
01/03/2011;4.734121e-03
02/03/2011;-1.567052e-03
03/03/2011;3.348231e-03
04/03/2011;3.673978e-03
07/03/2011;1.110060e-03
08/03/2011;-2.505225e-05
09/03/2011;3.004458e-04
10/03/2011;-5.124397e-04
11/03/2011;-2.812745e-04
14/03/2011;-1.105099e-03
15/03/2011;8.872788e-04
16/03/2011;1.027337e-02
17/03/2011;2.254530e-03
18/03/2011;7.018671e-04
21/03/2011;-6.995084e-03
22/03/2011;3.161398e-04
23/03/2011;9.376395e-04
24/03/2011;-8.842732e-03
25/03/2011;6.853314e-03
28/03/2011;-7.752778e-04
29/03/2011;3.181424e-04
30/03/2011;3.025483e-03
31/03/2011;3.337873e-03
01/04/2011;-3.809150e-03
04/04/2011;-1.357254e-03
05/04/2011;-1.740808e-03
06/04/2011;5.734841e-04
07/04/2011;-1.829170e-03
08/04/2011;7.102551e-04
11/04/2011;5.244808e-03
12/04/2011;-8.818734e-04
13/04/2011;-1.060894e-03
14/04/2011;-1.604636e-02
15/04/2011;2.175259e-03
18/04/2011;3.578989e-03
19/04/2011;3.745564e-03
20/04/2011;-2.700895e-03
21/04/2011;-6.336439e-03
25/04/2011;-5.344857e-03
26/04/2011;1.569702e-03
27/04/2011;4.303667e-03
28/04/2011;5.821502e-03
29/04/2011;-1.622688e-03
02/05/2011;1.618301e-03
03/05/2011;-3.905702e-03
04/05/2011;1.327376e-03
05/05/2011;-7.603891e-04
06/05/2011;1.536304e-04
09/05/2011;1.996283e-03
10/05/2011;-5.394484e-03
11/05/2011;-4.985055e-03
12/05/2011;-1.373632e-03
13/05/2011;-2.009653e-03
16/05/2011;-4.434816e-03
17/05/2011;2.448451e-03
18/05/2011;2.888091e-04
19/05/2011;-1.077388e-03
20/05/2011;3.711338e-03
23/05/2011;1.398879e-03
24/05/2011;-2.341039e-03
25/05/2011;-9.018506e-05
26/05/2011;3.508104e-03
27/05/2011;-4.301030e-03
31/05/2011;4.097237e-03
01/06/2011;2.112520e-03
02/06/2011;3.104938e-03
03/06/2011;-5.030686e-03
06/06/2011;9.655156e-03
07/06/2011;-3.656018e-03
08/06/2011;-7.539614e-04
09/06/2011;3.542786e-03
10/06/2011;1.529390e-03
13/06/2011;-1.336608e-04
14/06/2011;-3.286023e-03
15/06/2011;-2.195676e-03
16/06/2011;-7.783713e-04
17/06/2011;2.981496e-03
20/06/2011;1.310682e-03
21/06/2011;1.640822e-04
22/06/2011;-3.403189e-04
23/06/2011;-1.844520e-03
24/06/2011;2.640662e-03
27/06/2011;2.148710e-03
28/06/2011;3.878064e-03
29/06/2011;1.468014e-03
30/06/2011;-1.073761e-03
01/07/2011;1.080850e-03
05/07/2011;-2.645127e-03
06/07/2011;-3.125592e-03
07/07/2011;-2.128317e-03
08/07/2011;2.705915e-03
11/07/2011;3.703136e-03
12/07/2011;-6.087535e-03
13/07/2011;-7.303030e-04
14/07/2011;7.126403e-04
15/07/2011;1.207569e-04
18/07/2011;-6.703043e-03
19/07/2011;4.597877e-03
20/07/2011;4.333774e-04
21/07/2011;2.944853e-03
22/07/2011;1.790313e-05
25/07/2011;-3.567053e-03
26/07/2011;9.505777e-04
27/07/2011;-1.268930e-03
28/07/2011;-1.027454e-03
29/07/2011;-9.382969e-04
01/08/2011;-6.346959e-03
02/08/2011;-1.073267e-03
03/08/2011;4.302959e-04
04/08/2011;-2.607146e-03
05/08/2011;8.193342e-04
08/08/2011;-2.241716e-03
09/08/2011;1.097888e-03
10/08/2011;-3.662696e-03
11/08/2011;6.842579e-04
12/08/2011;1.962703e-03
15/08/2011;1.521667e-03
16/08/2011;2.770006e-03
17/08/2011;1.482262e-03
18/08/2011;-3.273194e-03
19/08/2011;1.633792e-04
22/08/2011;-4.341010e-03
23/08/2011;-1.961891e-03
24/08/2011;1.878148e-04
25/08/2011;-9.471994e-04
26/08/2011;-3.653042e-04
29/08/2011;-1.327313e-03
30/08/2011;6.940304e-03
31/08/2011;1.074094e-03
01/09/2011;4.272148e-03
02/09/2011;-8.271179e-03
06/09/2011;-9.548042e-04
07/09/2011;-4.939813e-03
08/09/2011;3.566776e-04
09/09/2011;1.425393e-03
12/09/2011;-1.612862e-04
13/09/2011;-8.088363e-05
14/09/2011;-1.109133e-03
15/09/2011;-2.841373e-04
16/09/2011;-6.749701e-04
19/09/2011;-3.062329e-05
20/09/2011;1.971398e-03
21/09/2011;7.155114e-03
22/09/2011;8.552135e-04
23/09/2011;-2.608959e-03
26/09/2011;1.184331e-03
27/09/2011;9.506129e-05
28/09/2011;-2.370280e-03
29/09/2011;-3.481119e-03
30/09/2011;-5.841759e-04
03/10/2011;4.226265e-05
04/10/2011;4.217113e-04
05/10/2011;-2.402729e-04
06/10/2011;4.263469e-03
07/10/2011;-3.116022e-03
10/10/2011;-1.691017e-03
11/10/2011;-1.282023e-03
12/10/2011;-2.671182e-03
13/10/2011;-1.528320e-03
14/10/2011;-9.770995e-04
17/10/2011;-2.080440e-03
18/10/2011;1.632533e-03
19/10/2011;-2.414916e-03
20/10/2011;2.134535e-04
21/10/2011;-1.431894e-03
24/10/2011;-8.239187e-03
25/10/2011;5.388924e-03
26/10/2011;1.547125e-03
27/10/2011;1.848795e-03
28/10/2011;3.605313e-03
31/10/2011;2.619400e-03
01/11/2011;3.500935e-03
02/11/2011;5.010605e-03
03/11/2011;-8.644907e-04
04/11/2011;-6.349210e-03
07/11/2011;7.704700e-03
08/11/2011;4.772109e-03
09/11/2011;1.459742e-04
10/11/2011;1.293176e-02
11/11/2011;1.679694e-04
14/11/2011;3.300271e-03
15/11/2011;2.924909e-03
16/11/2011;-4.253253e-04
17/11/2011;-8.101199e-03
18/11/2011;2.489188e-03
21/11/2011;-2.729774e-03
22/11/2011;-6.634238e-03
23/11/2011;-1.105134e-03
25/11/2011;4.510439e-03
28/11/2011;-8.375799e-05
29/11/2011;3.279662e-03
30/11/2011;3.105502e-03
01/12/2011;1.130157e-02
02/12/2011;-4.567974e-03
05/12/2011;-3.826439e-04
06/12/2011;5.475530e-03
07/12/2011;-3.034614e-03
08/12/2011;1.619642e-03
09/12/2011;-4.287985e-03
12/12/2011;1.684738e-03
13/12/2011;-5.457130e-05
14/12/2011;-6.029503e-03
15/12/2011;1.452977e-03
16/12/2011;3.917077e-03
19/12/2011;1.618375e-03
20/12/2011;-1.880468e-03
21/12/2011;-2.949796e-03
22/12/2011;-6.189106e-04
23/12/2011;1.123587e-04
27/12/2011;5.511852e-03
28/12/2011;-4.429145e-03
29/12/2011;-4.966200e-04
30/12/2011;1.318282e-03
03/01/2012;4.199018e-04
04/01/2012;-7.672948e-04
05/01/2012;2.049299e-03
06/01/2012;-1.388339e-03
09/01/2012;-3.675420e-03
10/01/2012;2.307123e-03
11/01/2012;1.703565e-03
12/01/2012;-8.996310e-04
13/01/2012;-1.657398e-03
17/01/2012;2.510432e-03
18/01/2012;1.568294e-03
19/01/2012;7.015672e-04
20/01/2012;-1.558449e-03
23/01/2012;-9.375552e-04
24/01/2012;-3.531092e-03
25/01/2012;4.635767e-04
26/01/2012;1.766800e-03
27/01/2012;-3.774164e-04
30/01/2012;3.745889e-03
31/01/2012;-4.932677e-03
01/02/2012;8.763640e-04
02/02/2012;3.059484e-03
03/02/2012;-4.355232e-05
06/02/2012;-1.950739e-03
07/02/2012;1.866112e-03
08/02/2012;3.533892e-03
09/02/2012;-2.141613e-03
10/02/2012;-3.418685e-03
13/02/2012;-2.886436e-04
14/02/2012;-3.856164e-03
15/02/2012;1.799467e-03
16/02/2012;-1.116028e-03
17/02/2012;-2.851543e-03
21/02/2012;2.345281e-03
22/02/2012;4.632610e-03
23/02/2012;1.283909e-03
24/02/2012;3.216665e-03
27/02/2012;3.818885e-03
28/02/2012;-4.238476e-03
29/02/2012;-8.167382e-04
01/03/2012;-1.877149e-03
02/03/2012;-1.577961e-03
05/03/2012;7.898900e-04
06/03/2012;-4.885178e-03
07/03/2012;1.029892e-04
08/03/2012;-1.371810e-03
09/03/2012;3.427056e-03
12/03/2012;4.185225e-03
13/03/2012;-5.859471e-03
14/03/2012;-4.015367e-03
15/03/2012;1.521166e-03
16/03/2012;-4.559858e-04
19/03/2012;2.278080e-03
20/03/2012;-1.339804e-03
21/03/2012;4.252652e-03
22/03/2012;1.538879e-03
23/03/2012;-2.854177e-03
26/03/2012;2.971283e-04
27/03/2012;1.850118e-04
28/03/2012;-6.830134e-05
29/03/2012;1.886629e-03
30/03/2012;4.089805e-04
02/04/2012;-2.321753e-03
03/04/2012;-3.388498e-03
04/04/2012;-2.805869e-03
05/04/2012;-5.698168e-03
09/04/2012;-1.682688e-03
10/04/2012;2.435247e-03
11/04/2012;-4.203405e-04
12/04/2012;4.633931e-03
13/04/2012;1.131553e-03
16/04/2012;4.874839e-03
17/04/2012;1.367732e-03
18/04/2012;-3.680816e-03
19/04/2012;1.640122e-03
20/04/2012;4.051750e-03
23/04/2012;-2.392714e-03
24/04/2012;3.846482e-03
25/04/2012;2.018796e-04
26/04/2012;4.120222e-04
27/04/2012;-4.965967e-04
30/04/2012;9.179748e-03
01/05/2012;2.033107e-03
02/05/2012;-2.981863e-03
03/05/2012;-2.344118e-04
04/05/2012;3.778577e-03
07/05/2012;-3.445790e-03
08/05/2012;-3.698274e-03
09/05/2012;1.083631e-03
10/05/2012;6.740857e-03
11/05/2012;-7.270785e-03
14/05/2012;-2.030878e-03
15/05/2012;-5.108686e-03
16/05/2012;1.568620e-03
17/05/2012;-2.167761e-03
18/05/2012;4.564878e-04
21/05/2012;2.096645e-03
22/05/2012;-2.173334e-03
23/05/2012;-4.874131e-03
24/05/2012;3.143722e-03
25/05/2012;-4.326658e-03
29/05/2012;4.068589e-03
30/05/2012;1.638434e-03
31/05/2012;3.036977e-03
01/06/2012;2.136486e-03
04/06/2012;2.617252e-04
05/06/2012;3.143511e-03
06/06/2012;-7.400860e-03
07/06/2012;3.061346e-04
08/06/2012;-1.392003e-03
11/06/2012;6.430694e-04
12/06/2012;-1.877374e-03
13/06/2012;2.308896e-03
14/06/2012;-3.127680e-04
15/06/2012;3.042755e-03
18/06/2012;-1.472703e-03
19/06/2012;2.085504e-04
20/06/2012;-1.094138e-03
21/06/2012;6.187493e-04
22/06/2012;-9.401567e-05
25/06/2012;5.143637e-04
26/06/2012;-2.223905e-04
27/06/2012;-2.553737e-03
28/06/2012;1.546687e-03
29/06/2012;4.499069e-04
02/07/2012;-4.057893e-03
03/07/2012;1.418616e-03
05/07/2012;-4.979334e-03
06/07/2012;2.130493e-03
09/07/2012;1.484864e-03
10/07/2012;-9.422957e-04
11/07/2012;5.611347e-04
12/07/2012;9.184433e-04
13/07/2012;-1.057701e-03
16/07/2012;-2.929686e-03
17/07/2012;-2.719932e-03
18/07/2012;4.501739e-03
19/07/2012;7.302174e-03
20/07/2012;2.077576e-03
23/07/2012;1.754556e-03
24/07/2012;1.932898e-05
25/07/2012;2.789779e-03
26/07/2012;-6.148877e-03
27/07/2012;2.688032e-03
30/07/2012;1.759921e-03
31/07/2012;-1.048205e-03
01/08/2012;-9.545233e-04
02/08/2012;2.984151e-04
03/08/2012;-2.813750e-03
06/08/2012;7.088339e-04
07/08/2012;-1.998665e-03
08/08/2012;-5.083064e-05
09/08/2012;4.266882e-04
10/08/2012;-3.081880e-04
13/08/2012;1.542472e-03
14/08/2012;3.163533e-04
15/08/2012;3.959444e-04
16/08/2012;1.874765e-03
17/08/2012;-1.451715e-03
20/08/2012;2.426019e-05
21/08/2012;-5.703904e-03
22/08/2012;-1.115729e-03
23/08/2012;1.839812e-03
24/08/2012;-3.530300e-03
27/08/2012;2.388233e-03
28/08/2012;-7.743676e-04
29/08/2012;7.420859e-04
30/08/2012;-4.884462e-03
31/08/2012;3.783603e-03
04/09/2012;-5.183892e-04
05/09/2012;3.016127e-03
06/09/2012;2.079401e-03
07/09/2012;-1.410761e-03
10/09/2012;-2.170075e-03
11/09/2012;2.693107e-05
12/09/2012;-1.555553e-03
13/09/2012;-8.551445e-04
14/09/2012;1.030497e-03
17/09/2012;2.515538e-03
18/09/2012;-4.363154e-03
19/09/2012;-1.709670e-03
20/09/2012;2.497550e-04
21/09/2012;3.764093e-03
24/09/2012;-1.007599e-03
25/09/2012;-6.784887e-03
26/09/2012;-6.983162e-03
27/09/2012;2.975612e-03
28/09/2012;1.367383e-03
01/10/2012;-6.049136e-03
02/10/2012;-6.952016e-03
03/10/2012;-5.657698e-03
04/10/2012;3.644836e-03
05/10/2012;5.965384e-03
08/10/2012;4.498352e-03
09/10/2012;1.908455e-03
10/10/2012;1.718570e-03
11/10/2012;-4.845650e-04
12/10/2012;7.764142e-03
15/10/2012;6.962387e-03
16/10/2012;-2.800784e-04
17/10/2012;-1.504933e-03
18/10/2012;3.911986e-04
19/10/2012;-3.843433e-04
22/10/2012;-4.055741e-03
23/10/2012;1.383038e-03
24/10/2012;-5.407967e-04
25/10/2012;2.680233e-03
26/10/2012;3.875594e-04
31/10/2012;8.305919e-04
01/11/2012;5.353806e-03
02/11/2012;-1.943862e-03
05/11/2012;-7.932190e-03
06/11/2012;-3.120362e-05
07/11/2012;5.087920e-03
08/11/2012;1.925763e-04
09/11/2012;1.869084e-03
12/11/2012;8.180027e-04
13/11/2012;3.680307e-04
14/11/2012;7.229145e-04
15/11/2012;-5.733392e-03
16/11/2012;-2.440196e-03
19/11/2012;3.015698e-03
20/11/2012;-5.650721e-03
21/11/2012;7.765513e-04
23/11/2012;3.479387e-03
26/11/2012;3.424108e-03
27/11/2012;-5.156303e-04
28/11/2012;1.523603e-03
29/11/2012;4.689381e-03
30/11/2012;-4.334942e-03
03/12/2012;8.622255e-03
04/12/2012;3.437632e-03
05/12/2012;5.988284e-04
06/12/2012;-4.292677e-03
07/12/2012;-2.630368e-04
10/12/2012;-2.597953e-03
11/12/2012;-6.250141e-04
12/12/2012;3.117762e-03
13/12/2012;-3.065642e-03
14/12/2012;-9.845883e-04
17/12/2012;-2.053596e-03
18/12/2012;-1.377556e-03
19/12/2012;-1.029129e-03
20/12/2012;2.855847e-03
21/12/2012;-1.459444e-03
24/12/2012;1.888305e-04
26/12/2012;9.387582e-04
27/12/2012;-7.483529e-03
28/12/2012;4.095554e-03
31/12/2012;1.351857e-03
02/01/2013;-1.370833e-03
03/01/2013;-9.958312e-04
04/01/2013;-8.629544e-04
07/01/2013;1.697359e-03
08/01/2013;-2.263073e-03
09/01/2013;2.186921e-03
10/01/2013;-1.634205e-03
11/01/2013;8.589435e-04
14/01/2013;-2.559273e-03
15/01/2013;6.674087e-03
16/01/2013;2.046345e-03
17/01/2013;1.069645e-04
18/01/2013;-3.161642e-04
22/01/2013;1.334230e-03
23/01/2013;4.226233e-04
24/01/2013;-4.909157e-03
25/01/2013;1.017332e-03
28/01/2013;5.492442e-04
29/01/2013;-9.239051e-04
30/01/2013;9.958667e-04
31/01/2013;-6.729083e-04
01/02/2013;1.319040e-03
04/02/2013;2.133505e-03
05/02/2013;1.445286e-03
06/02/2013;-1.594707e-03
07/02/2013;-6.787614e-04
08/02/2013;7.083152e-04
11/02/2013;3.074253e-03
12/02/2013;2.631584e-03
13/02/2013;6.517211e-04
14/02/2013;-3.836407e-04
15/02/2013;1.536331e-03
19/02/2013;2.992538e-03
20/02/2013;2.491248e-03
21/02/2013;1.682375e-03
22/02/2013;-2.089538e-03
25/02/2013;-7.446997e-03
26/02/2013;7.559805e-04
27/02/2013;7.385607e-03
28/02/2013;2.591417e-03
01/03/2013;-2.338048e-03
04/03/2013;1.229842e-03
05/03/2013;2.134512e-03
06/03/2013;2.873258e-03
07/03/2013;8.163090e-04
08/03/2013;1.830129e-03
11/03/2013;-3.758996e-03
12/03/2013;-1.378594e-03
13/03/2013;2.943497e-03
14/03/2013;-6.586487e-04
15/03/2013;4.771092e-04
18/03/2013;2.033380e-03
19/03/2013;1.197065e-03
20/03/2013;3.924177e-03
21/03/2013;-1.441644e-03
22/03/2013;5.632755e-03
25/03/2013;3.201604e-03
26/03/2013;2.616835e-03
27/03/2013;-3.223527e-03
28/03/2013;1.129729e-03
01/04/2013;-6.021171e-03
02/04/2013;7.772863e-03
03/04/2013;5.735572e-03
04/04/2013;2.385603e-03
05/04/2013;2.813418e-03
08/04/2013;-1.003921e-03
09/04/2013;1.353141e-03
10/04/2013;2.433100e-03
11/04/2013;2.210727e-03
12/04/2013;2.003287e-03
15/04/2013;2.720536e-04
16/04/2013;1.159473e-03
17/04/2013;-1.767507e-03
18/04/2013;1.592805e-03
19/04/2013;1.460680e-03
22/04/2013;1.192230e-03
23/04/2013;-3.796825e-03
24/04/2013;-1.641175e-03
25/04/2013;1.158508e-03
26/04/2013;8.056699e-04
29/04/2013;7.646550e-04
30/04/2013;3.803073e-05
01/05/2013;6.303416e-04
02/05/2013;5.400604e-03
03/05/2013;1.583221e-03
06/05/2013;1.437366e-03
07/05/2013;6.378964e-04
08/05/2013;-6.675327e-03
09/05/2013;1.796882e-03
10/05/2013;1.425765e-03
13/05/2013;4.456160e-03
14/05/2013;-2.382813e-03
15/05/2013;-2.342353e-04
16/05/2013;7.161056e-03
17/05/2013;2.725034e-03
20/05/2013;1.931381e-03
21/05/2013;-1.353724e-03
22/05/2013;5.940933e-04
23/05/2013;-1.013651e-03
24/05/2013;8.598328e-04
28/05/2013;3.467400e-05
29/05/2013;-2.496123e-03
30/05/2013;-4.700318e-03
31/05/2013;-1.867601e-03
03/06/2013;4.703189e-03
04/06/2013;-7.854534e-03
05/06/2013;-1.774083e-03
06/06/2013;-4.298327e-03
07/06/2013;3.684078e-03
10/06/2013;-5.670445e-04
11/06/2013;1.874703e-03
12/06/2013;-7.352567e-04
13/06/2013;-2.564929e-03
14/06/2013;-5.699652e-04
17/06/2013;-1.202872e-03
18/06/2013;-4.537512e-03
19/06/2013;-4.040870e-03
20/06/2013;-4.749365e-03
21/06/2013;-6.679018e-04
24/06/2013;-1.407697e-03
25/06/2013;-1.310459e-03
26/06/2013;3.210095e-03
27/06/2013;4.963930e-03
28/06/2013;2.971271e-03
01/07/2013;3.590782e-03
02/07/2013;1.091473e-04
03/07/2013;4.939667e-03
05/07/2013;-3.150437e-03
08/07/2013;-8.271237e-04
09/07/2013;-2.013470e-03
10/07/2013;-4.047915e-03
11/07/2013;-3.950508e-03
12/07/2013;2.896793e-04
15/07/2013;-1.526830e-04
16/07/2013;5.621104e-03
17/07/2013;-6.066686e-03
18/07/2013;-1.174985e-04
19/07/2013;1.557162e-03
22/07/2013;5.889894e-04
23/07/2013;1.070410e-02
24/07/2013;5.419005e-03
25/07/2013;1.067377e-04
26/07/2013;5.937453e-03
29/07/2013;-6.402139e-03
30/07/2013;-1.221403e-03
31/07/2013;-1.899649e-03
01/08/2013;6.433809e-03
02/08/2013;1.479467e-03
05/08/2013;-1.692682e-03
06/08/2013;1.910367e-03
07/08/2013;-3.638143e-04
08/08/2013;5.079110e-03
09/08/2013;1.001025e-03
12/08/2013;5.551795e-03
13/08/2013;3.645024e-04
14/08/2013;9.442903e-03
15/08/2013;-3.638933e-03
16/08/2013;-2.134447e-03
19/08/2013;-1.121701e-03
20/08/2013;2.953744e-03
21/08/2013;4.794794e-03
22/08/2013;1.470975e-03
23/08/2013;4.213221e-03
26/08/2013;2.806617e-03
27/08/2013;-1.263625e-03
28/08/2013;-6.791944e-03
29/08/2013;-1.964856e-04
30/08/2013;3.700834e-04
03/09/2013;-5.342897e-03
04/09/2013;3.326429e-03
05/09/2013;5.142919e-03
06/09/2013;6.685776e-04
09/09/2013;-3.140833e-03
10/09/2013;-1.584485e-03
11/09/2013;6.380667e-03
12/09/2013;2.750987e-03
13/09/2013;3.766248e-03
16/09/2013;1.426896e-03
17/09/2013;-1.640663e-03
18/09/2013;1.944517e-03
19/09/2013;4.096747e-03
20/09/2013;7.429420e-04
23/09/2013;-2.870492e-03
24/09/2013;-2.364870e-03
25/09/2013;-2.064886e-03
26/09/2013;2.130191e-03
27/09/2013;4.326170e-04
30/09/2013;2.788315e-03
01/10/2013;7.268696e-03
02/10/2013;4.060127e-03
03/10/2013;-1.139361e-03
04/10/2013;2.599937e-03
07/10/2013;1.840009e-03
08/10/2013;1.081199e-03
09/10/2013;-2.172716e-03
10/10/2013;-2.935535e-03
11/10/2013;-2.688447e-03
14/10/2013;-1.539205e-03
15/10/2013;9.810100e-04
16/10/2013;1.515171e-03
17/10/2013;-1.677084e-03
18/10/2013;1.208544e-03
21/10/2013;3.166212e-03
22/10/2013;5.580540e-04
23/10/2013;-1.061513e-03
24/10/2013;1.066243e-03
25/10/2013;4.739540e-03
28/10/2013;2.796849e-03
29/10/2013;2.351278e-03
30/10/2013;7.276200e-04
31/10/2013;-4.602180e-04
01/11/2013;-3.728821e-03
04/11/2013;-2.201541e-03
05/11/2013;-8.876077e-04
06/11/2013;-3.131509e-03
07/11/2013;4.028146e-03
08/11/2013;-1.661842e-03
11/11/2013;1.208542e-03
12/11/2013;5.236328e-06
13/11/2013;-1.673312e-03
14/11/2013;-4.511076e-03
15/11/2013;-1.148787e-03
18/11/2013;-2.243868e-03
19/11/2013;-2.118189e-03
20/11/2013;-2.443950e-03
21/11/2013;3.728954e-03
22/11/2013;-5.016726e-04
25/11/2013;-1.078237e-03
26/11/2013;-2.415594e-04
27/11/2013;2.693782e-03
29/11/2013;5.100144e-03
02/12/2013;3.609858e-03
03/12/2013;-2.283940e-03
04/12/2013;-4.182420e-03
05/12/2013;7.108065e-03
06/12/2013;3.851243e-03
09/12/2013;2.379755e-03
10/12/2013;-4.758058e-03
11/12/2013;-1.028193e-03
12/12/2013;4.090075e-03
13/12/2013;1.426137e-03
16/12/2013;-1.245952e-03
17/12/2013;-2.334293e-04
18/12/2013;1.334684e-03
19/12/2013;-3.586763e-03
20/12/2013;-3.463395e-03
23/12/2013;-8.163055e-04
24/12/2013;-4.261701e-03
26/12/2013;7.515466e-04
27/12/2013;-9.378235e-04
30/12/2013;-4.955644e-03
31/12/2013;-3.945410e-03
02/01/2014;-1.397086e-03
03/01/2014;1.500306e-03
06/01/2014;-1.225330e-03
07/01/2014;-6.077115e-03
08/01/2014;1.281701e-03
09/01/2014;4.420023e-04
10/01/2014;1.277862e-03
13/01/2014;-1.079555e-03
14/01/2014;-3.745850e-03
15/01/2014;-6.224344e-03
16/01/2014;1.160895e-04
17/01/2014;-1.767532e-03
21/01/2014;2.115512e-03
22/01/2014;1.388518e-03
23/01/2014;-2.360485e-04
24/01/2014;-1.922360e-03
27/01/2014;2.019054e-03
28/01/2014;-5.970074e-04
29/01/2014;-1.219651e-03
30/01/2014;1.744648e-03
31/01/2014;2.566783e-03
03/02/2014;-4.935901e-03
04/02/2014;2.346266e-03
05/02/2014;2.118263e-03
06/02/2014;-2.159135e-03
07/02/2014;-1.862102e-03
10/02/2014;7.198129e-04
11/02/2014;4.228846e-03
12/02/2014;-4.647370e-03
13/02/2014;4.923005e-04
14/02/2014;1.299147e-03
18/02/2014;2.408439e-03
19/02/2014;-3.630353e-03
20/02/2014;-1.499171e-03
21/02/2014;1.021801e-03
24/02/2014;1.686164e-03
25/02/2014;-1.857331e-03
26/02/2014;3.619640e-03
27/02/2014;1.081562e-03
28/02/2014;3.140528e-03
03/03/2014;-1.888449e-03
04/03/2014;-1.424205e-03
05/03/2014;1.222782e-04
06/03/2014;2.763987e-03
07/03/2014;-9.888782e-04
10/03/2014;-1.223533e-03
11/03/2014;1.386922e-03
12/03/2014;-2.698778e-03
13/03/2014;3.417584e-03
14/03/2014;3.921009e-04
17/03/2014;1.185279e-03
18/03/2014;1.846616e-03
19/03/2014;8.514100e-04
20/03/2014;-4.585096e-05
21/03/2014;-1.429664e-03
24/03/2014;1.454033e-03
25/03/2014;6.834603e-04
26/03/2014;3.051870e-03
27/03/2014;1.663277e-03
28/03/2014;2.755244e-03
31/03/2014;1.314903e-02
01/04/2014;8.381065e-03
02/04/2014;-1.392483e-04
03/04/2014;-4.706783e-03
04/04/2014;4.145441e-04
07/04/2014;2.500005e-03
08/04/2014;2.858216e-03
09/04/2014;2.108183e-03
10/04/2014;3.504086e-03
11/04/2014;-2.685006e-03
14/04/2014;-5.954742e-04
15/04/2014;3.352023e-03
16/04/2014;-4.413395e-03
17/04/2014;1.613960e-03
21/04/2014;-8.134242e-04
22/04/2014;-2.451437e-03
23/04/2014;1.379211e-03
24/04/2014;-1.085262e-03
25/04/2014;-4.552843e-03
28/04/2014;-2.029016e-03
29/04/2014;-5.470427e-03
30/04/2014;1.089336e-03
01/05/2014;1.017012e-03
02/05/2014;3.660985e-03
05/05/2014;1.080857e-03
06/05/2014;1.131175e-03
07/05/2014;7.308891e-04
08/05/2014;1.237632e-03
09/05/2014;-8.863547e-04
12/05/2014;-1.031482e-03
13/05/2014;-2.983319e-03
14/05/2014;-1.229805e-03
15/05/2014;-4.723792e-03
16/05/2014;9.252576e-04
19/05/2014;-6.688169e-03
20/05/2014;-3.471039e-03
21/05/2014;-3.459233e-03
22/05/2014;6.251983e-04
23/05/2014;9.388486e-03
27/05/2014;4.209547e-03
28/05/2014;7.440346e-03
29/05/2014;2.329094e-03
30/05/2014;9.733622e-04
02/06/2014;4.836448e-04
03/06/2014;-4.340754e-03
04/06/2014;1.539902e-03
05/06/2014;2.045698e-04
06/06/2014;2.561506e-03
09/06/2014;-2.814334e-03
10/06/2014;-1.931485e-03
11/06/2014;3.542240e-03
12/06/2014;2.057741e-03
13/06/2014;1.181678e-02
16/06/2014;1.183860e-05
17/06/2014;-3.732291e-03
18/06/2014;-5.416839e-03
19/06/2014;-6.035566e-05
20/06/2014;-3.281522e-03
23/06/2014;1.424508e-03
24/06/2014;4.967513e-03
25/06/2014;3.767323e-03
26/06/2014;-3.309050e-03
27/06/2014;1.060928e-03
30/06/2014;-2.076999e-03
01/07/2014;-1.320545e-03
02/07/2014;5.469918e-04
03/07/2014;-2.307987e-03
07/07/2014;-4.189504e-04
08/07/2014;-2.891828e-03
09/07/2014;-2.901534e-03
10/07/2014;-1.361244e-03
11/07/2014;6.797332e-04
14/07/2014;-7.067273e-04
15/07/2014;-1.603548e-03
16/07/2014;-5.898604e-03
17/07/2014;-1.902809e-03
18/07/2014;8.517513e-04
21/07/2014;-8.570967e-04
22/07/2014;-1.256540e-03
23/07/2014;-2.859362e-03
24/07/2014;-1.708252e-03
25/07/2014;2.201227e-03
28/07/2014;4.732956e-04
29/07/2014;-1.088696e-03
30/07/2014;-8.276276e-04
31/07/2014;3.276627e-03
01/08/2014;2.096949e-03
04/08/2014;-6.751095e-04
05/08/2014;-3.016155e-03
06/08/2014;7.845259e-04
07/08/2014;4.120038e-03
08/08/2014;1.501693e-03
11/08/2014;1.339726e-03
12/08/2014;3.829929e-04
13/08/2014;-1.357612e-03
14/08/2014;-2.416531e-04
15/08/2014;-7.509022e-04
18/08/2014;2.736217e-03
19/08/2014;2.634502e-03
20/08/2014;-8.001910e-05
21/08/2014;3.552994e-04
22/08/2014;-8.453693e-04
25/08/2014;5.194106e-04
26/08/2014;-2.834908e-03
27/08/2014;4.116674e-04
28/08/2014;-4.550049e-03
29/08/2014;-1.527797e-04
02/09/2014;2.190166e-04
03/09/2014;-1.084694e-02
04/09/2014;2.719650e-03
05/09/2014;-9.389512e-04
08/09/2014;-3.206764e-03
09/09/2014;-1.549184e-03
10/09/2014;3.186812e-03
11/09/2014;-9.881807e-04
12/09/2014;1.688643e-05
15/09/2014;2.854200e-03
16/09/2014;-7.377107e-04
17/09/2014;-2.433526e-03
18/09/2014;-2.015205e-03
19/09/2014;1.073886e-03
22/09/2014;3.165037e-03
23/09/2014;-2.520525e-05
24/09/2014;-4.162437e-03
25/09/2014;-1.285864e-03
26/09/2014;6.739360e-03
29/09/2014;-3.919231e-03
30/09/2014;4.888684e-03
01/10/2014;9.025393e-04
02/10/2014;-3.435257e-05
03/10/2014;-2.805975e-03
06/10/2014;5.551812e-03
07/10/2014;-3.173823e-03
08/10/2014;3.783169e-03
09/10/2014;1.654199e-04
10/10/2014;-4.007946e-03
13/10/2014;2.553637e-03
14/10/2014;-1.232506e-03
15/10/2014;-2.003210e-03
16/10/2014;9.277633e-04
17/10/2014;-1.092766e-03
20/10/2014;2.105030e-03
21/10/2014;3.268979e-03
22/10/2014;-4.310064e-03
23/10/2014;-1.548129e-03
24/10/2014;2.198012e-04
27/10/2014;1.500099e-03
28/10/2014;1.688170e-04
29/10/2014;2.478109e-03
30/10/2014;1.144731e-03
31/10/2014;-4.020952e-04
03/11/2014;8.072741e-04
04/11/2014;-2.779829e-03
05/11/2014;-9.549556e-04
06/11/2014;2.758836e-03
07/11/2014;-1.551372e-03
10/11/2014;-2.381646e-03
11/11/2014;7.603035e-04
12/11/2014;-2.210508e-03
13/11/2014;-1.141623e-04
14/11/2014;1.510430e-03
17/11/2014;-6.568196e-03
18/11/2014;-1.649319e-03
19/11/2014;4.150516e-03
20/11/2014;6.436714e-03
21/11/2014;3.123992e-03
24/11/2014;-1.532000e-03
25/11/2014;7.176483e-04
26/11/2014;3.698806e-03
28/11/2014;-6.639066e-04
01/12/2014;-1.378287e-03
02/12/2014;-7.032750e-04
03/12/2014;7.509467e-04
04/12/2014;2.710061e-03
05/12/2014;2.588660e-03
08/12/2014;1.778159e-04
09/12/2014;-2.234435e-03
10/12/2014;-3.088194e-03
11/12/2014;2.053510e-03
12/12/2014;-2.364323e-03
15/12/2014;-2.983482e-04
16/12/2014;-8.418574e-04
17/12/2014;5.602789e-04
18/12/2014;-8.937794e-03
19/12/2014;1.028865e-05
22/12/2014;2.363780e-03
23/12/2014;2.786497e-03
24/12/2014;-3.548243e-03
26/12/2014;-3.999285e-04
29/12/2014;4.965758e-03
30/12/2014;-1.355496e-03
31/12/2014;-1.488412e-03
02/01/2015;8.958686e-04
05/01/2015;4.129329e-04
06/01/2015;-1.266804e-03
07/01/2015;-1.871278e-04
08/01/2015;4.898446e-03
09/01/2015;-8.224498e-04
12/01/2015;1.464141e-03
13/01/2015;-4.735612e-04
14/01/2015;2.425237e-04
15/01/2015;1.915394e-03
16/01/2015;1.235203e-03
20/01/2015;3.444173e-03
21/01/2015;6.756837e-04
22/01/2015;-6.576240e-03
23/01/2015;-4.986401e-03
26/01/2015;-6.948148e-04
27/01/2015;-5.395799e-03
28/01/2015;3.914369e-03
29/01/2015;-3.320382e-03
30/01/2015;5.028712e-03
02/02/2015;-3.936850e-03
03/02/2015;3.628565e-03
04/02/2015;-3.739000e-03
05/02/2015;-3.039368e-04
06/02/2015;2.836872e-03
09/02/2015;-2.704215e-03
10/02/2015;3.761280e-04
11/02/2015;1.125371e-03
12/02/2015;-2.293261e-03
13/02/2015;1.404422e-03
17/02/2015;4.543993e-03
18/02/2015;9.490623e-04
19/02/2015;-2.302083e-03
20/02/2015;-3.095523e-03
23/02/2015;8.529983e-04
24/02/2015;-2.976940e-05
25/02/2015;-4.853846e-03
26/02/2015;7.956102e-04
27/02/2015;1.283629e-03
02/03/2015;1.552321e-03
03/03/2015;-2.073558e-03
04/03/2015;1.369186e-03
05/03/2015;1.351765e-03
06/03/2015;-1.961760e-03
09/03/2015;-2.433906e-03
10/03/2015;3.368409e-03
11/03/2015;4.163751e-03
12/03/2015;2.350490e-03
13/03/2015;-4.293777e-05
16/03/2015;2.458722e-03
17/03/2015;-5.509894e-03
18/03/2015;4.913953e-03
19/03/2015;4.038229e-03
20/03/2015;5.352570e-04
23/03/2015;-8.522807e-04
24/03/2015;2.405616e-03
25/03/2015;3.756734e-03
26/03/2015;3.579332e-03
27/03/2015;4.298280e-03
30/03/2015;4.193935e-03
31/03/2015;-2.993848e-03
01/04/2015;2.499838e-03
02/04/2015;3.438259e-03
06/04/2015;-1.952344e-03
07/04/2015;7.167654e-04
08/04/2015;-2.073243e-03
09/04/2015;-6.463871e-04
10/04/2015;-1.004984e-02
13/04/2015;-4.133821e-03
14/04/2015;-2.425137e-03
15/04/2015;-1.938196e-03
16/04/2015;2.978620e-03
17/04/2015;-1.636580e-03
20/04/2015;2.721587e-03
21/04/2015;2.386008e-04
22/04/2015;-2.762807e-03
23/04/2015;3.741666e-03
24/04/2015;4.183283e-03
27/04/2015;3.697170e-04
28/04/2015;4.913983e-03
29/04/2015;2.311766e-03
30/04/2015;-2.665380e-03
01/05/2015;1.054714e-03
04/05/2015;-1.340165e-03
05/05/2015;4.665164e-05
06/05/2015;-1.631759e-03
07/05/2015;3.756050e-03
08/05/2015;2.867040e-03
11/05/2015;2.236678e-03
12/05/2015;-4.512217e-03
13/05/2015;-2.712150e-04
14/05/2015;2.085199e-03
15/05/2015;3.084779e-03
18/05/2015;6.075868e-03
19/05/2015;-3.641011e-03
20/05/2015;-3.994318e-03
21/05/2015;-5.838490e-04
22/05/2015;-8.750476e-03
26/05/2015;-6.516307e-04
27/05/2015;-3.315044e-03
28/05/2015;-3.553383e-03
29/05/2015;8.428631e-04
01/06/2015;5.547027e-05
02/06/2015;-1.381820e-03
03/06/2015;-1.938429e-03
04/06/2015;-4.637124e-03
05/06/2015;-9.279458e-03
08/06/2015;-9.671105e-03
09/06/2015;3.396187e-03
10/06/2015;-1.257461e-03
11/06/2015;1.891144e-03
12/06/2015;-2.550953e-03
15/06/2015;-6.520475e-03
16/06/2015;7.878326e-03
17/06/2015;7.677885e-03
18/06/2015;3.585499e-03
19/06/2015;1.870894e-03
22/06/2015;6.521605e-03
23/06/2015;-4.089914e-03
24/06/2015;-4.654330e-04
25/06/2015;3.854151e-03
26/06/2015;1.120274e-02
29/06/2015;-2.916862e-03
30/06/2015;2.472351e-04
01/07/2015;7.235414e-04
02/07/2015;4.550185e-03
06/07/2015;1.410387e-03
07/07/2015;-4.567879e-03
08/07/2015;-2.485344e-03
09/07/2015;-4.926240e-04
10/07/2015;2.577949e-03
13/07/2015;1.212696e-03
14/07/2015;-9.979452e-04
15/07/2015;1.584692e-03
16/07/2015;6.554793e-04
17/07/2015;6.860986e-04
20/07/2015;1.071206e-04
21/07/2015;1.690292e-03
22/07/2015;-4.087695e-03
23/07/2015;7.120873e-04
24/07/2015;-4.932691e-03
27/07/2015;1.330537e-03
28/07/2015;4.299563e-04
29/07/2015;1.285874e-03
30/07/2015;-2.873268e-03
31/07/2015;7.868984e-04
03/08/2015;3.591748e-03
04/08/2015;-2.957351e-03
05/08/2015;2.228770e-03
06/08/2015;3.356343e-04
07/08/2015;-3.876102e-03
10/08/2015;9.773775e-04
11/08/2015;1.783935e-03
12/08/2015;5.927986e-04
13/08/2015;-1.269206e-03
14/08/2015;1.057277e-03
17/08/2015;2.338089e-03
18/08/2015;1.282750e-03
19/08/2015;2.968107e-03
20/08/2015;-3.522136e-04
21/08/2015;1.067099e-03
24/08/2015;1.954627e-03
25/08/2015;3.488851e-03
26/08/2015;3.009068e-03
27/08/2015;-1.410028e-03
28/08/2015;1.638090e-03
31/08/2015;1.425074e-03
01/09/2015;4.100595e-03
02/09/2015;5.903502e-03
03/09/2015;-2.008031e-03
04/09/2015;-9.281435e-04
08/09/2015;1.683147e-03
09/09/2015;-4.169492e-04
10/09/2015;4.923787e-04
11/09/2015;-1.305868e-03
14/09/2015;2.746064e-03
15/09/2015;-5.287780e-03
16/09/2015;-2.248165e-05
17/09/2015;-1.521688e-03
18/09/2015;-3.958476e-03
21/09/2015;-2.097748e-03
22/09/2015;-4.850612e-03
23/09/2015;4.465976e-03
24/09/2015;-2.787121e-04
25/09/2015;-3.044873e-03
28/09/2015;-2.009563e-03
29/09/2015;2.264634e-03
30/09/2015;-5.327905e-04
01/10/2015;5.719207e-04
02/10/2015;-1.684503e-03
05/10/2015;7.609994e-03
06/10/2015;5.131967e-03
07/10/2015;2.207178e-03
08/10/2015;-6.112691e-03
09/10/2015;2.691913e-03
12/10/2015;2.303957e-03
13/10/2015;1.150094e-03
14/10/2015;2.381110e-03
15/10/2015;4.720769e-03
16/10/2015;-7.810418e-03
19/10/2015;-2.177814e-03
20/10/2015;-5.629274e-03
21/10/2015;4.081105e-03
22/10/2015;-1.642120e-04
23/10/2015;-1.962476e-03
26/10/2015;2.740801e-03
27/10/2015;-3.879953e-03
28/10/2015;2.854664e-03
29/10/2015;9.372426e-04
30/10/2015;-2.688813e-03
02/11/2015;-4.049268e-03
03/11/2015;2.178048e-03
04/11/2015;9.634099e-04
05/11/2015;-1.298176e-03
06/11/2015;-4.652829e-04
09/11/2015;-2.276790e-04
10/11/2015;2.424916e-03
11/11/2015;1.380769e-03
12/11/2015;3.019492e-03
13/11/2015;1.265188e-03
16/11/2015;5.564436e-03
17/11/2015;-1.887894e-03
18/11/2015;-2.498587e-03
19/11/2015;7.613522e-03
20/11/2015;-6.399031e-04
23/11/2015;3.437675e-03
24/11/2015;2.582609e-03
25/11/2015;4.027020e-04
27/11/2015;8.700773e-04
30/11/2015;1.869747e-03
01/12/2015;2.058837e-03
02/12/2015;5.444454e-03
03/12/2015;-8.316000e-05
04/12/2015;3.105471e-03
07/12/2015;2.456131e-04
08/12/2015;-9.879669e-04
09/12/2015;-2.762263e-04
10/12/2015;1.939631e-03
11/12/2015;-1.452661e-03
14/12/2015;1.300845e-04
15/12/2015;4.448066e-03
16/12/2015;6.943843e-04
17/12/2015;1.372359e-03
18/12/2015;1.677399e-03
21/12/2015;1.756278e-03
22/12/2015;7.825371e-04
23/12/2015;-3.591496e-04
24/12/2015;9.889520e-04
28/12/2015;2.443878e-03
29/12/2015;1.129702e-03
30/12/2015;2.241486e-03
31/12/2015;3.026658e-04
04/01/2016;-1.325639e-03
05/01/2016;5.957369e-04
06/01/2016;1.415458e-03
07/01/2016;-1.799380e-03
08/01/2016;2.889904e-03
11/01/2016;7.196400e-04
12/01/2016;3.730951e-04
13/01/2016;2.977724e-03
14/01/2016;5.318757e-03
15/01/2016;-6.139164e-04
19/01/2016;6.428524e-04
20/01/2016;2.392533e-03
21/01/2016;-1.419532e-03
22/01/2016;-3.020025e-03
25/01/2016;2.604776e-03
26/01/2016;1.046620e-02
27/01/2016;4.873730e-03
28/01/2016;-3.727299e-03
29/01/2016;8.896233e-04
01/02/2016;3.467982e-03
02/02/2016;1.393100e-03
03/02/2016;2.208902e-03
04/02/2016;4.638889e-05
05/02/2016;-2.131915e-03
08/02/2016;-4.361622e-03
09/02/2016;-8.020144e-03
10/02/2016;2.842136e-02
11/02/2016;8.212857e-03
12/02/2016;2.990639e-03
16/02/2016;4.544125e-03
17/02/2016;3.753392e-04
18/02/2016;2.429617e-03
19/02/2016;2.067892e-02
22/02/2016;-2.490571e-03
23/02/2016;-6.358838e-04
24/02/2016;-1.027497e-03
25/02/2016;4.626098e-03
26/02/2016;4.032156e-03
29/02/2016;2.212147e-03
01/03/2016;-5.639980e-03
02/03/2016;-1.279805e-03
03/03/2016;1.633539e-03
04/03/2016;4.364345e-03
07/03/2016;-3.619065e-03
08/03/2016;4.783993e-03
09/03/2016;-3.434112e-03
10/03/2016;2.625913e-03
11/03/2016;-4.274470e-03
14/03/2016;-4.423768e-03
15/03/2016;4.165462e-03
16/03/2016;3.574207e-03
17/03/2016;-8.810474e-03
18/03/2016;2.814663e-04
21/03/2016;7.168494e-04
22/03/2016;1.750289e-02
23/03/2016;-2.711633e-03
24/03/2016;-1.150996e-03
28/03/2016;5.837823e-05
29/03/2016;-2.388135e-03
30/03/2016;-5.009716e-03
31/03/2016;3.484545e-04
01/04/2016;-5.861062e-04
04/04/2016;-5.743395e-03
05/04/2016;3.454937e-04
06/04/2016;4.218249e-03
07/04/2016;2.755779e-03
08/04/2016;-1.617261e-03
11/04/2016;-1.131432e-04
12/04/2016;3.706205e-03
13/04/2016;3.547920e-03
14/04/2016;-2.677171e-03
15/04/2016;1.556802e-03
18/04/2016;1.395355e-03
19/04/2016;-5.275826e-03
20/04/2016;-7.235211e-03
21/04/2016;1.674745e-03
22/04/2016;1.053309e-03
25/04/2016;3.828954e-03
26/04/2016;-1.083789e-03
27/04/2016;3.508276e-03
28/04/2016;-6.675394e-03
29/04/2016;3.482158e-03
02/05/2016;6.284123e-04
03/05/2016;9.878409e-04
04/05/2016;4.967649e-03
05/05/2016;-1.501171e-03
06/05/2016;-1.321162e-02
09/05/2016;-3.190168e-03
10/05/2016;-9.898349e-04
11/05/2016;3.775703e-04
12/05/2016;4.312999e-03
13/05/2016;-4.122367e-03
16/05/2016;7.998473e-05
17/05/2016;-9.797179e-05
18/05/2016;-7.978156e-03
19/05/2016;-3.067650e-03
20/05/2016;3.293930e-03
23/05/2016;6.958092e-04
24/05/2016;-1.485999e-03
25/05/2016;-5.749405e-03
26/05/2016;1.933400e-03
27/05/2016;1.154904e-03
31/05/2016;-4.852860e-03
01/06/2016;4.233716e-03
02/06/2016;2.956058e-03
03/06/2016;3.865562e-03
06/06/2016;-9.527105e-04
07/06/2016;7.596749e-04
08/06/2016;-1.446569e-03
09/06/2016;1.388517e-03
10/06/2016;-1.395947e-04
13/06/2016;-7.173703e-04
14/06/2016;1.469403e-03
15/06/2016;-6.268270e-03
16/06/2016;-3.089114e-04
17/06/2016;7.517457e-04
20/06/2016;-3.469514e-04
21/06/2016;5.582669e-04
22/06/2016;-2.109552e-03
23/06/2016;-3.488921e-04
24/06/2016;-7.868988e-03
27/06/2016;-3.012264e-03
28/06/2016;1.626059e-05
29/06/2016;1.663281e-03
30/06/2016;1.093289e-03
01/07/2016;-2.671133e-03
05/07/2016;-1.413881e-03
06/07/2016;2.437821e-03
07/07/2016;-1.125577e-04
08/07/2016;9.612065e-04
11/07/2016;2.463787e-04
12/07/2016;1.634395e-03
13/07/2016;2.025055e-03
14/07/2016;4.189374e-03
15/07/2016;3.054357e-03
18/07/2016;8.355814e-03
19/07/2016;6.471417e-03
20/07/2016;1.570282e-03
21/07/2016;3.747667e-03
22/07/2016;-2.521478e-03
25/07/2016;-1.697215e-03
26/07/2016;3.445477e-04
27/07/2016;5.149016e-03
28/07/2016;3.091599e-03
29/07/2016;5.091065e-03
01/08/2016;-1.459370e-03
02/08/2016;-5.360207e-03
03/08/2016;-2.300233e-03
04/08/2016;3.006999e-03
05/08/2016;1.854841e-04
08/08/2016;-1.345359e-03
09/08/2016;3.066436e-03
10/08/2016;7.718725e-03
11/08/2016;3.903633e-03
12/08/2016;5.634091e-04
15/08/2016;1.964288e-03
16/08/2016;-9.294031e-03
17/08/2016;3.960170e-03
18/08/2016;-2.420656e-03
19/08/2016;-3.252038e-03
22/08/2016;-9.693987e-03
23/08/2016;-6.087051e-04
24/08/2016;4.319582e-03
25/08/2016;3.624835e-03
26/08/2016;5.295748e-03
29/08/2016;2.805201e-03
30/08/2016;8.907308e-04
31/08/2016;2.321745e-03
01/09/2016;3.498274e-03
02/09/2016;5.627933e-05
06/09/2016;-5.677856e-03
07/09/2016;1.103732e-03
08/09/2016;-6.038750e-03
09/09/2016;7.155317e-03
12/09/2016;7.364940e-04
13/09/2016;5.257162e-04
14/09/2016;1.118627e-03
15/09/2016;2.643762e-03
16/09/2016;-7.159412e-03
19/09/2016;7.474664e-03
20/09/2016;2.299930e-03
21/09/2016;-5.248543e-04
22/09/2016;-1.172902e-03
23/09/2016;-1.207976e-03
26/09/2016;-3.420919e-03
27/09/2016;-3.315372e-03
28/09/2016;-2.110923e-03
29/09/2016;-2.277912e-03
30/09/2016;1.627210e-03
03/10/2016;-3.062848e-03
04/10/2016;5.742446e-03
05/10/2016;1.208899e-03
06/10/2016;2.478894e-03
07/10/2016;-9.078770e-04
10/10/2016;8.252213e-04
11/10/2016;4.515793e-03
12/10/2016;-1.588223e-03
13/10/2016;-7.774201e-04
14/10/2016;2.133386e-03
17/10/2016;-3.347815e-03
18/10/2016;1.514524e-04
19/10/2016;-4.856323e-04
20/10/2016;2.092457e-03
21/10/2016;2.275511e-03
24/10/2016;3.479841e-03
25/10/2016;-3.746053e-04
26/10/2016;4.766860e-03
27/10/2016;2.305023e-03
28/10/2016;5.368098e-04
31/10/2016;2.908434e-04
01/11/2016;-1.114315e-03
02/11/2016;-5.980257e-04
03/11/2016;1.776824e-03
04/11/2016;-1.723852e-03
07/11/2016;-3.946901e-03
08/11/2016;4.907000e-03
09/11/2016;-1.105845e-04
10/11/2016;1.155668e-03
11/11/2016;-2.169633e-03
14/11/2016;-1.101199e-03
15/11/2016;1.956044e-03
16/11/2016;1.608769e-03
17/11/2016;5.565583e-04
18/11/2016;4.124784e-03
21/11/2016;1.531607e-04
22/11/2016;-5.418921e-03
23/11/2016;3.905561e-04
25/11/2016;-2.515823e-03
28/11/2016;-4.934578e-03
29/11/2016;4.839679e-03
30/11/2016;-5.180805e-03
01/12/2016;-2.382399e-03
02/12/2016;6.913861e-03
05/12/2016;2.012277e-04
06/12/2016;1.371011e-03
07/12/2016;5.777130e-03
08/12/2016;-2.150238e-04
09/12/2016;-7.624458e-03
12/12/2016;-1.190649e-03
13/12/2016;6.776838e-03
14/12/2016;-2.867652e-03
15/12/2016;-3.894132e-03
16/12/2016;-3.593680e-03
19/12/2016;3.578217e-03
20/12/2016;1.599038e-03
21/12/2016;-3.207798e-03
22/12/2016;-1.596638e-03
23/12/2016;-1.974602e-03
27/12/2016;-1.244348e-03
28/12/2016;9.276982e-04
29/12/2016;1.298518e-04
30/12/2016;3.641276e-03
03/01/2017;2.566419e-04
04/01/2017;2.379380e-03
05/01/2017;2.436965e-03
06/01/2017;-1.881588e-04
09/01/2017;-2.141110e-03
10/01/2017;2.143957e-03
11/01/2017;-6.534091e-04
12/01/2017;4.440974e-03
13/01/2017;2.315470e-03
17/01/2017;2.411779e-03
18/01/2017;-1.989210e-02
19/01/2017;2.629554e-03
20/01/2017;-2.282632e-03
23/01/2017;-1.755934e-03
24/01/2017;-3.778448e-03
25/01/2017;-2.610799e-03
26/01/2017;-2.175244e-03
27/01/2017;2.520587e-04
30/01/2017;2.414970e-03
31/01/2017;2.016422e-04
01/02/2017;-7.933421e-06
02/02/2017;-2.270763e-03
03/02/2017;-2.214376e-03
06/02/2017;2.045730e-03
07/02/2017;3.879343e-03
08/02/2017;-5.123573e-03
09/02/2017;-4.550993e-03
10/02/2017;-1.816451e-03
13/02/2017;-6.985078e-04
14/02/2017;-1.246279e-03
15/02/2017;-9.931369e-04
16/02/2017;2.802941e-03
17/02/2017;3.303340e-03
21/02/2017;-3.554791e-03
22/02/2017;1.747287e-03
23/02/2017;-1.508676e-03
24/02/2017;-6.401572e-04
27/02/2017;-2.975468e-03
28/02/2017;8.707513e-04
01/03/2017;-1.089588e-03
02/03/2017;1.813037e-03
03/03/2017;-9.259041e-04
06/03/2017;2.040113e-03
07/03/2017;3.138499e-03
08/03/2017;-2.713214e-04
09/03/2017;2.654036e-03
10/03/2017;4.437319e-03
13/03/2017;3.894107e-03
14/03/2017;-1.312216e-02
15/03/2017;-1.555562e-03
16/03/2017;2.479321e-03
17/03/2017;-4.285100e-04
20/03/2017;-7.315030e-03
21/03/2017;6.475895e-04
22/03/2017;9.812830e-04
23/03/2017;5.619967e-03
24/03/2017;-8.444883e-04
27/03/2017;-4.558367e-03
28/03/2017;-1.930464e-03
29/03/2017;3.946705e-03
30/03/2017;3.899738e-03
31/03/2017;8.852516e-03
03/04/2017;-3.334919e-03
04/04/2017;3.285328e-03
05/04/2017;-2.113009e-03
06/04/2017;-9.098519e-04
07/04/2017;1.995276e-03
10/04/2017;-6.888618e-04
11/04/2017;-3.567938e-03
12/04/2017;3.074959e-03
13/04/2017;-5.100560e-03
17/04/2017;4.852970e-03
18/04/2017;-3.951824e-03
19/04/2017;2.561238e-03
20/04/2017;5.207369e-03
21/04/2017;-4.442048e-03
24/04/2017;-1.004241e-02
25/04/2017;-1.221122e-03
26/04/2017;1.855934e-03
27/04/2017;1.311248e-03
28/04/2017;-8.008132e-04
01/05/2017;5.174804e-03
02/05/2017;1.894716e-03
03/05/2017;-1.899220e-03
04/05/2017;1.228993e-03
05/05/2017;-2.065375e-03
08/05/2017;-9.345114e-04
09/05/2017;2.399019e-04
10/05/2017;-4.669935e-04
11/05/2017;-1.295996e-03
12/05/2017;4.201075e-03
15/05/2017;4.468624e-04
16/05/2017;1.648629e-03
17/05/2017;-8.821228e-03
18/05/2017;-2.927527e-03
19/05/2017;-5.244170e-04
22/05/2017;-7.530231e-03
23/05/2017;-4.725959e-04
24/05/2017;-3.676052e-04
25/05/2017;-5.003429e-04
26/05/2017;-2.977609e-03
30/05/2017;-5.140504e-05
31/05/2017;-2.427355e-03
01/06/2017;-1.080585e-03
02/06/2017;-7.874293e-03
05/06/2017;1.639067e-03
06/06/2017;1.624376e-03
07/06/2017;1.612508e-03
08/06/2017;-6.159996e-03
09/06/2017;-2.677997e-03
12/06/2017;2.772673e-03
13/06/2017;-1.096125e-03
14/06/2017;1.468938e-03
15/06/2017;-8.441298e-04
16/06/2017;-5.266813e-04
19/06/2017;-5.534352e-04
20/06/2017;-3.784875e-03
21/06/2017;-1.132565e-03
22/06/2017;3.016406e-03
23/06/2017;-2.122078e-03
26/06/2017;1.994538e-03
27/06/2017;1.080269e-03
28/06/2017;-4.400399e-03
29/06/2017;-9.103809e-04
30/06/2017;4.601829e-03
03/07/2017;3.181368e-03
05/07/2017;2.396864e-03
06/07/2017;2.374648e-03
07/07/2017;8.578499e-04
10/07/2017;-1.092666e-03
11/07/2017;4.147046e-04
12/07/2017;2.688126e-03
13/07/2017;3.119887e-03
14/07/2017;2.066892e-03
17/07/2017;1.188702e-03
18/07/2017;-1.258059e-03
19/07/2017;-2.781091e-03
20/07/2017;1.873512e-03
21/07/2017;1.610945e-03
24/07/2017;-6.092743e-03
25/07/2017;-1.480157e-03
26/07/2017;-7.317152e-04
27/07/2017;9.187945e-04
28/07/2017;1.351513e-03
31/07/2017;5.489703e-03
01/08/2017;-3.762063e-03
02/08/2017;-1.473174e-03
03/08/2017;-3.575100e-03
04/08/2017;-6.039110e-03
07/08/2017;-1.261321e-03
08/08/2017;-1.281069e-03
09/08/2017;1.923204e-04
10/08/2017;-7.273736e-04
11/08/2017;1.152841e-03
14/08/2017;4.003447e-03
15/08/2017;-1.813815e-03
16/08/2017;5.701936e-04
17/08/2017;1.141134e-02
18/08/2017;1.874431e-03
21/08/2017;4.502103e-04
22/08/2017;5.347754e-03
23/08/2017;-4.718018e-03
24/08/2017;2.919402e-03
25/08/2017;1.909087e-03
28/08/2017;2.938188e-03
29/08/2017;9.317267e-04
30/08/2017;3.527873e-03
31/08/2017;-2.491862e-03
01/09/2017;9.311382e-04
05/09/2017;-5.850429e-03
06/09/2017;8.279794e-03
07/09/2017;3.814611e-03
08/09/2017;3.912817e-03
11/09/2017;-4.149619e-03
12/09/2017;8.570459e-03
13/09/2017;7.748447e-04
14/09/2017;5.632718e-03
15/09/2017;1.361212e-03
18/09/2017;-3.677945e-04
19/09/2017;1.677417e-03
20/09/2017;8.121557e-04
21/09/2017;7.542157e-03
22/09/2017;-2.659801e-03
25/09/2017;3.926635e-03
26/09/2017;-6.324358e-03
27/09/2017;5.303743e-04
28/09/2017;-2.224881e-03
29/09/2017;-2.042316e-03
02/10/2017;1.134969e-03
03/10/2017;1.264709e-03
04/10/2017;4.389462e-03
05/10/2017;-7.195861e-03
06/10/2017;2.686449e-03
09/10/2017;2.308887e-03
10/10/2017;2.469743e-04
11/10/2017;-2.857556e-03
12/10/2017;3.684767e-03
13/10/2017;-2.526917e-03
16/10/2017;-3.350635e-03
17/10/2017;2.113032e-03
18/10/2017;-1.484810e-03
19/10/2017;-9.112709e-04
20/10/2017;-1.782873e-03
23/10/2017;-3.687937e-03
24/10/2017;2.960661e-04
25/10/2017;-5.996513e-04
26/10/2017;-2.967990e-04
27/10/2017;4.029565e-03
30/10/2017;2.720446e-03
31/10/2017;-2.845148e-03
01/11/2017;-3.864056e-03
02/11/2017;-3.951493e-03
03/11/2017;4.879022e-03
06/11/2017;3.585650e-03
07/11/2017;2.396789e-03
08/11/2017;5.454329e-03
09/11/2017;-2.593789e-03
10/11/2017;-8.169824e-03
13/11/2017;9.414834e-04
14/11/2017;2.086313e-03
15/11/2017;-6.570500e-04
16/11/2017;2.845372e-03
17/11/2017;-3.766941e-03
20/11/2017;-2.676611e-04
21/11/2017;1.147149e-03
22/11/2017;-2.178477e-03
24/11/2017;-2.189827e-03
27/11/2017;8.294163e-03
28/11/2017;-7.420177e-03
29/11/2017;-2.189623e-03
30/11/2017;4.365785e-03
01/12/2017;2.190364e-03
04/12/2017;3.167245e-03
05/12/2017;5.844181e-03
06/12/2017;3.353452e-03
07/12/2017;2.359987e-03
08/12/2017;-1.025806e-02
11/12/2017;3.103787e-03
12/12/2017;-1.191885e-03
13/12/2017;3.803860e-03
14/12/2017;9.560161e-04
15/12/2017;-4.284210e-03
18/12/2017;-5.727994e-03
19/12/2017;1.010014e-03
20/12/2017;2.005090e-03
21/12/2017;-5.136784e-03
22/12/2017;4.185855e-03
26/12/2017;-5.935275e-04
27/12/2017;-3.740565e-03
28/12/2017;3.946123e-04
29/12/2017;-1.088686e-02
