dates;v1;v2;v3;v4;v5
01/01/2020;60.25;87.40;90.74;59.45;50.52
02/01/2020;75.14;73.23;64.31;66.19;55.90
03/01/2020;97.70;61.83;65.57;93.24;52.53
04/01/2020;50.38;62.30;62.53;60.90;82.33
05/01/2020;75.30;76.78;93.80;97.38;81.73
06/01/2020;71.43;85.11;78.10;68.04;86.81
07/01/2020;94.79;52.11;83.33;82.28;57.79
08/01/2020;59.31;80.93;81.38;60.24;74.79
09/01/2020;72.94;70.57;61.89;87.82;65.71
10/01/2020;85.82;88.64;98.02;78.88;61.64
11/01/2020;52.23;100.34;88.38;70.63;82.91
12/01/2020;83.58;95.74;72.52;98.91;79.38
13/01/2020;97.52;55.26;60.12;77.76;58.53
14/01/2020;55.13;68.40;85.44;62.34;90.05
15/01/2020;50.86;50.39;88.25;59.30;67.09
16/01/2020;96.34;53.23;59.73;95.64;79.48
17/01/2020;71.32;76.95;94.95;57.12;86.79
18/01/2020;67.50;74.16;90.55;94.66;73.34
19/01/2020;55.21;50.93;82.51;87.22;73.83
20/01/2020;95.45;68.61;84.63;86.36;66.67
21/01/2020;92.49;66.06;53.80;59.60;56.74
22/01/2020;92.57;97.70;67.96;89.96;81.72
23/01/2020;90.72;60.24;70.73;68.42;98.91
24/01/2020;68.54;65.05;94.83;83.33;59.88
25/01/2020;94.26;59.52;57.36;86.67;61.87
26/01/2020;62.14;69.06;64.84;90.08;57.74
27/01/2020;53.24;51.73;57.77;54.10;78.28
28/01/2020;75.22;93.82;96.68;90.88;59.13
29/01/2020;77.68;85.95;53.16;95.98;78.48
30/01/2020;87.77;59.41;59.40;51.21;63.02
31/01/2020;51.98;85.80;53.44;95.25;93.38
01/02/2020;81.51;76.95;90.40;92.00;80.22
02/02/2020;51.24;70.64;91.66;86.91;75.16
03/02/2020;87.22;71.72;87.99;78.99;81.94
04/02/2020;52.91;94.43;52.80;97.85;97.84
05/02/2020;82.44;67.24;68.33;78.22;59.10
06/02/2020;100.49;83.30;59.21;60.88;64.29
07/02/2020;50.56;88.09;54.85;89.20;60.45
08/02/2020;61.08;73.10;80.50;56.18;100.48
09/02/2020;88.83;58.02;71.50;74.62;51.81
10/02/2020;83.70;92.01;60.01;79.02;97.44
11/02/2020;96.26;70.85;65.77;65.71;56.56
12/02/2020;78.74;52.64;82.89;54.11;53.98
13/02/2020;63.65;91.76;97.01;91.35;90.61
14/02/2020;86.92;50.75;60.21;73.88;96.50
15/02/2020;75.14;98.32;76.67;72.60;71.83
16/02/2020;89.51;86.21;67.39;77.61;51.53
17/02/2020;60.02;68.44;95.85;82.81;80.73
18/02/2020;85.84;69.62;85.84;63.93;92.71
19/02/2020;71.83;52.72;70.41;66.02;60.37
20/02/2020;72.66;91.57;84.10;78.87;79.54
21/02/2020;75.24;100.69;68.43;81.31;85.72
22/02/2020;92.76;91.17;57.69;94.55;64.54
23/02/2020;78.99;94.97;84.51;53.31;54.11
24/02/2020;92.03;93.79;85.34;86.80;59.89
25/02/2020;65.37;79.76;51.56;56.17;97.32
26/02/2020;74.81;73.91;98.90;51.74;55.99
27/02/2020;54.14;71.19;65.15;91.04;71.84
28/02/2020;63.08;73.97;97.18;69.78;81.41
29/02/2020;68.85;88.83;61.92;84.18;60.49
01/03/2020;52.45;68.32;64.00;80.60;86.21
02/03/2020;52.35;79.12;91.05;62.02;66.65
03/03/2020;97.10;92.94;54.54;96.78;98.50
04/03/2020;89.34;74.36;95.58;52.44;89.36
05/03/2020;62.86;68.13;55.66;77.71;61.49
06/03/2020;80.16;82.70;73.53;60.06;91.56
07/03/2020;56.90;73.81;65.37;76.59;52.49
08/03/2020;81.74;86.49;97.74;81.97;86.26
09/03/2020;59.41;51.60;74.00;87.45;77.75
10/03/2020;64.96;93.62;96.28;88.02;85.65
11/03/2020;58.53;77.31;98.70;65.32;77.24
12/03/2020;50.85;57.11;67.91;50.86;60.91
13/03/2020;68.17;66.91;81.89;80.45;82.89
14/03/2020;84.44;57.57;74.52;89.06;52.75
15/03/2020;72.53;99.49;94.73;96.12;84.27
16/03/2020;59.98;90.95;54.84;69.44;64.54
17/03/2020;80.54;77.86;99.41;100.35;54.91
18/03/2020;74.00;89.99;95.88;76.92;77.42
19/03/2020;64.10;99.05;91.35;67.20;82.15
20/03/2020;65.50;50.27;63.24;68.92;72.72
21/03/2020;65.38;76.33;94.80;81.82;69.21
22/03/2020;67.01;78.46;62.80;99.40;70.03
23/03/2020;83.79;53.97;50.45;59.08;66.24
24/03/2020;60.45;69.17;53.79;94.36;96.26
25/03/2020;54.07;98.78;65.12;75.50;75.40
26/03/2020;51.84;81.45;65.11;92.47;93.24
27/03/2020;99.32;99.71;87.13;91.93;86.60
28/03/2020;59.07;77.60;71.99;80.44;50.47
29/03/2020;62.11;59.20;87.65;94.14;61.66
30/03/2020;66.30;70.15;79.25;91.67;61.89
31/03/2020;79.02;84.40;75.53;68.70;86.99
01/04/2020;56.41;50.80;70.84;51.80;88.33
02/04/2020;67.88;98.50;78.90;98.29;99.21
03/04/2020;95.77;51.76;83.15;97.43;68.12
04/04/2020;78.50;58.47;92.06;82.33;86.87
05/04/2020;81.17;71.22;84.73;80.04;83.89
06/04/2020;54.58;81.65;94.42;54.11;60.83
07/04/2020;55.20;92.26;78.09;89.01;81.64
08/04/2020;96.85;60.68;66.88;52.36;82.57
09/04/2020;50.03;83.20;64.47;69.68;88.50
10/04/2020;58.89;68.86;76.59;93.27;52.89
11/04/2020;95.40;88.06;84.13;71.73;58.63
12/04/2020;75.01;85.80;52.50;93.98;83.55
13/04/2020;93.97;97.30;50.27;74.34;58.08
14/04/2020;68.79;53.89;70.73;55.80;50.27
15/04/2020;95.17;68.91;80.60;99.13;72.35
16/04/2020;59.91;60.15;80.02;95.55;93.50
17/04/2020;74.83;76.36;58.03;62.33;65.73
18/04/2020;79.07;60.74;71.17;66.47;85.23
19/04/2020;74.60;79.69;66.54;65.41;62.53
20/04/2020;59.01;55.34;51.53;95.31;59.36
21/04/2020;100.68;58.51;69.81;60.89;66.44
22/04/2020;68.11;79.36;60.28;98.91;68.85
23/04/2020;57.92;63.51;59.20;54.58;96.51
24/04/2020;72.46;72.32;52.72;88.55;60.28
25/04/2020;83.72;64.11;94.77;78.31;54.69
26/04/2020;92.96;87.10;83.95;74.71;54.43
27/04/2020;93.79;86.55;95.68;65.62;78.62
28/04/2020;70.01;51.68;98.15;79.01;96.30
29/04/2020;59.85;91.12;99.18;92.50;89.82
30/04/2020;79.18;94.58;95.33;75.25;73.11
01/05/2020;62.19;100.52;67.11;71.21;92.72
02/05/2020;83.00;66.15;76.92;70.53;77.02
03/05/2020;87.01;75.40;57.83;93.89;65.06
04/05/2020;58.80;73.87;91.76;71.27;54.16
05/05/2020;83.06;80.94;91.08;91.24;94.24
06/05/2020;68.96;68.49;50.76;93.05;52.11
07/05/2020;66.86;79.26;89.75;74.78;57.94
08/05/2020;93.12;66.98;75.05;68.75;97.77
09/05/2020;81.51;55.53;91.63;58.80;98.86
10/05/2020;67.95;74.20;83.61;95.01;86.59
11/05/2020;67.43;89.33;88.64;65.44;100.24
12/05/2020;67.33;89.93;64.80;65.91;76.59
13/05/2020;70.44;85.78;69.43;98.14;95.77
14/05/2020;88.06;72.48;53.41;60.03;79.68
15/05/2020;84.76;95.86;76.71;56.03;95.92
16/05/2020;81.88;76.83;93.31;55.08;96.57
17/05/2020;80.64;57.38;99.18;83.17;99.47
18/05/2020;75.21;89.12;51.34;96.61;53.60
19/05/2020;75.04;58.30;54.51;55.57;74.00
20/05/2020;74.88;83.05;75.21;86.96;83.50
21/05/2020;99.93;54.05;79.40;69.90;60.64
22/05/2020;87.52;72.55;73.67;91.24;57.46
23/05/2020;86.10;67.15;53.96;51.24;66.97
24/05/2020;66.99;56.53;76.95;87.85;90.69
25/05/2020;88.44;60.91;62.75;56.64;94.62
26/05/2020;64.58;70.84;52.65;76.17;83.94
27/05/2020;78.35;100.03;80.10;81.34;93.05
28/05/2020;98.44;60.75;59.05;55.60;60.37
29/05/2020;99.25;53.37;96.94;96.92;86.78
30/05/2020;80.04;83.32;57.10;83.44;68.64
31/05/2020;77.30;73.55;53.50;62.60;94.52
01/06/2020;86.37;54.74;94.84;78.13;63.49
02/06/2020;67.02;60.37;86.84;60.08;53.71
03/06/2020;57.42;52.26;64.11;62.97;97.00
04/06/2020;65.71;100.17;90.97;68.43;57.03
05/06/2020;98.11;88.30;53.16;52.94;70.53
06/06/2020;53.02;94.78;61.46;91.57;58.56
07/06/2020;66.01;86.08;78.38;73.36;89.45
08/06/2020;52.53;96.79;76.66;61.00;59.37
09/06/2020;68.02;100.48;77.73;83.65;81.01
10/06/2020;66.19;72.65;63.42;80.36;65.26
11/06/2020;90.77;82.49;75.65;83.51;58.82
12/06/2020;98.19;91.04;71.65;61.88;94.87
13/06/2020;76.93;97.79;70.78;61.10;74.51
14/06/2020;92.10;62.23;82.50;66.51;94.75
15/06/2020;62.02;93.80;94.06;60.95;71.32
16/06/2020;51.82;89.62;77.59;88.87;65.03
17/06/2020;62.17;64.68;68.91;81.41;100.41
18/06/2020;95.24;61.13;66.86;100.62;78.40
19/06/2020;91.04;90.87;82.50;99.07;73.23
20/06/2020;89.08;65.93;65.68;87.07;68.08
21/06/2020;77.32;67.77;81.55;97.99;64.79
22/06/2020;87.65;89.48;62.25;52.02;88.30
23/06/2020;95.85;59.24;72.38;60.86;81.05
24/06/2020;58.70;93.42;57.78;73.35;88.49
25/06/2020;96.61;92.77;76.02;92.27;63.29
26/06/2020;92.93;58.45;92.91;70.06;59.99
27/06/2020;86.83;83.65;71.56;75.71;55.44
28/06/2020;75.27;74.04;79.73;70.54;84.55
29/06/2020;75.28;82.71;58.33;74.28;97.90
30/06/2020;99.86;74.33;50.84;95.33;84.96
01/07/2020;81.68;64.57;50.99;52.42;72.99
02/07/2020;98.54;98.89;52.51;85.59;60.15
03/07/2020;97.32;51.21;65.37;74.54;72.16
04/07/2020;90.54;70.04;68.75;52.23;53.96
05/07/2020;91.35;91.03;73.35;57.38;86.01
06/07/2020;98.12;53.93;92.85;88.70;93.12
07/07/2020;95.15;72.77;51.11;58.51;82.39
08/07/2020;56.69;81.72;98.98;89.03;52.61
09/07/2020;50.42;76.79;76.78;61.09;100.87
10/07/2020;91.92;64.59;91.89;69.94;91.36
11/07/2020;99.68;62.05;78.94;91.00;85.65
12/07/2020;85.21;88.85;100.50;92.59;86.04
13/07/2020;54.29;86.42;86.18;71.85;98.68
14/07/2020;91.70;95.70;66.97;52.66;99.12
15/07/2020;61.88;72.96;74.39;54.49;65.14
16/07/2020;67.56;54.97;93.38;74.58;99.43
17/07/2020;96.04;67.64;53.99;67.58;83.37
18/07/2020;54.51;89.64;72.09;70.62;70.56
19/07/2020;67.05;92.41;90.97;67.94;69.81
20/07/2020;55.72;74.77;70.32;80.32;89.46
21/07/2020;66.47;99.94;52.85;95.75;64.85
22/07/2020;82.18;88.28;53.50;84.14;60.70
23/07/2020;86.41;79.38;92.44;54.03;81.50
24/07/2020;64.00;62.11;63.20;98.14;96.94
25/07/2020;83.24;67.70;75.10;89.33;53.46
26/07/2020;74.35;50.99;73.21;82.86;83.97
27/07/2020;89.66;53.30;55.72;70.94;65.54
28/07/2020;93.73;56.74;86.49;58.83;73.74
29/07/2020;67.79;74.11;74.40;79.45;86.90
30/07/2020;90.21;93.85;63.56;64.31;80.95
31/07/2020;100.43;91.83;66.82;98.54;71.11
01/08/2020;83.82;96.53;72.41;74.41;69.22
02/08/2020;92.48;92.54;50.21;78.42;77.96
03/08/2020;57.53;60.91;86.40;77.87;85.88
04/08/2020;73.27;69.34;100.77;96.59;63.61
05/08/2020;80.10;81.76;75.10;71.56;85.72
06/08/2020;51.05;52.95;54.09;67.91;77.49
07/08/2020;88.12;76.55;84.16;87.62;62.27
08/08/2020;74.11;67.54;60.96;100.06;82.71
09/08/2020;97.26;89.05;80.44;57.58;51.77
10/08/2020;65.71;100.63;53.78;76.80;62.81
11/08/2020;54.63;97.63;53.66;75.58;61.24
12/08/2020;61.89;71.26;84.66;59.88;63.17
13/08/2020;92.44;69.48;71.91;54.56;87.17
14/08/2020;64.29;57.36;84.74;61.67;88.14
15/08/2020;92.88;85.56;76.96;99.32;77.21
16/08/2020;85.97;95.55;59.08;94.19;77.07
17/08/2020;74.56;57.11;70.42;69.11;76.93
18/08/2020;57.99;100.03;50.40;91.58;67.35
19/08/2020;50.90;60.32;71.07;96.91;54.80
20/08/2020;92.35;53.55;55.32;71.38;93.20
21/08/2020;71.85;70.46;71.20;69.84;54.73
22/08/2020;56.47;72.06;60.86;100.65;70.66
23/08/2020;76.71;51.88;88.63;63.97;71.53
24/08/2020;60.06;86.87;61.13;73.86;87.99
25/08/2020;99.28;73.97;51.90;87.96;60.61
26/08/2020;70.27;84.62;52.17;88.24;66.02
27/08/2020;87.28;64.58;88.43;56.74;77.56
28/08/2020;91.50;51.77;95.65;82.14;87.66
29/08/2020;63.11;52.54;87.96;56.52;89.61
30/08/2020;78.57;61.09;77.99;85.66;70.81
31/08/2020;75.04;77.28;66.86;99.74;92.04
01/09/2020;57.15;97.22;53.79;91.21;60.94
02/09/2020;76.36;84.46;98.60;55.99;51.45
03/09/2020;69.36;64.57;52.43;58.78;57.89
04/09/2020;81.77;95.38;58.65;69.05;56.84
05/09/2020;88.73;85.48;84.69;91.47;55.04
06/09/2020;73.74;54.26;57.43;66.07;93.73
07/09/2020;89.30;70.38;92.65;87.05;65.21
08/09/2020;53.71;82.97;77.30;65.49;80.72
09/09/2020;82.52;58.72;57.70;72.01;77.85
10/09/2020;90.48;85.64;53.41;73.53;97.83
11/09/2020;95.04;58.27;55.20;57.63;69.60
12/09/2020;79.72;93.61;77.81;75.39;77.87
13/09/2020;99.39;54.46;60.43;73.52;74.57
14/09/2020;72.08;66.39;83.39;85.38;81.43
15/09/2020;97.07;82.39;76.45;62.16;54.52
16/09/2020;67.97;97.80;96.66;93.90;69.97
17/09/2020;99.62;99.95;89.16;76.53;68.54
18/09/2020;94.08;86.00;82.94;90.14;74.72
19/09/2020;75.85;91.26;75.52;56.64;72.03
20/09/2020;74.91;61.58;100.98;65.80;98.27
21/09/2020;100.59;59.27;64.88;92.71;89.65
22/09/2020;87.31;80.51;59.37;50.49;98.86
23/09/2020;99.58;57.85;89.95;100.48;99.77
24/09/2020;91.39;70.89;57.83;88.36;71.12
25/09/2020;97.69;92.55;50.69;97.90;93.78
26/09/2020;94.17;60.91;57.94;74.86;82.64
27/09/2020;92.73;56.83;86.94;56.32;95.32
28/09/2020;99.60;82.89;54.95;86.19;79.83
29/09/2020;50.63;80.78;79.41;100.55;95.29
30/09/2020;63.16;67.24;51.54;51.31;98.07
01/10/2020;52.91;85.65;88.02;59.50;99.94
02/10/2020;67.53;54.67;80.94;68.59;77.21
03/10/2020;54.30;50.97;77.80;75.63;63.55
04/10/2020;79.40;92.30;78.37;99.36;95.80
05/10/2020;86.89;74.78;96.36;52.19;99.55
06/10/2020;59.04;61.55;69.38;75.55;59.95
07/10/2020;73.01;81.44;65.13;81.26;86.33
08/10/2020;87.07;89.97;51.20;64.85;98.42
09/10/2020;69.13;82.36;66.08;53.03;84.54
10/10/2020;67.58;77.77;55.70;52.88;71.57
11/10/2020;52.26;72.78;58.14;68.35;58.12
12/10/2020;69.90;51.90;87.12;93.11;88.57
13/10/2020;50.14;65.79;82.05;68.40;76.70
14/10/2020;59.54;76.70;80.70;66.91;68.57
15/10/2020;84.50;98.88;79.74;96.69;73.66
16/10/2020;59.78;87.56;75.19;57.56;58.45
17/10/2020;58.80;52.74;74.87;88.31;59.25
18/10/2020;78.18;62.78;75.12;80.54;85.98
19/10/2020;51.50;67.49;90.84;93.64;94.77
20/10/2020;81.42;87.13;62.93;58.57;97.00
21/10/2020;98.71;51.88;72.33;73.55;74.63
22/10/2020;100.87;67.06;97.27;56.70;84.01
23/10/2020;100.16;77.74;74.69;96.19;56.27
24/10/2020;53.60;87.51;78.19;88.83;81.50
25/10/2020;69.46;71.46;83.73;62.74;100.75
26/10/2020;98.46;50.44;99.92;77.72;52.85
27/10/2020;89.42;69.50;51.87;83.86;61.34
28/10/2020;75.47;71.67;50.55;51.62;53.34
29/10/2020;82.98;88.78;56.02;98.76;92.21
30/10/2020;97.40;52.48;78.59;59.10;97.52
31/10/2020;81.12;54.30;54.74;69.46;86.78
01/11/2020;81.57;53.57;95.09;59.97;66.72
02/11/2020;88.75;96.93;85.07;94.83;50.98
03/11/2020;81.58;73.78;62.98;63.74;69.00
04/11/2020;54.00;62.38;100.31;64.09;64.20
05/11/2020;74.90;86.17;82.47;94.50;97.45
06/11/2020;89.82;91.12;81.15;87.78;82.13
07/11/2020;96.67;65.63;69.94;82.70;86.80
08/11/2020;58.53;53.95;69.58;68.95;91.99
09/11/2020;84.42;92.13;89.79;65.67;86.41
10/11/2020;75.62;50.52;95.57;93.55;62.14
11/11/2020;61.26;79.41;99.44;84.61;94.60
12/11/2020;77.95;89.90;70.53;51.44;77.33
13/11/2020;54.35;90.17;53.99;90.06;95.70
14/11/2020;95.83;66.98;68.97;71.20;88.92
15/11/2020;99.22;60.19;52.17;82.34;81.91
16/11/2020;75.24;99.18;55.85;62.55;52.08
17/11/2020;66.55;75.81;93.13;77.79;75.28
18/11/2020;60.11;62.90;51.16;50.48;97.31
19/11/2020;58.55;80.10;73.68;92.77;97.16
20/11/2020;61.40;66.47;63.46;79.85;60.19
21/11/2020;58.34;93.45;92.75;51.24;84.21
22/11/2020;52.07;90.34;98.78;96.43;50.21
23/11/2020;68.76;53.40;52.91;61.87;57.60
24/11/2020;56.71;93.38;84.99;97.31;98.17
25/11/2020;58.95;57.96;76.18;69.19;66.07
26/11/2020;86.19;82.66;98.76;80.81;59.45
27/11/2020;82.86;51.95;78.92;60.47;72.57
28/11/2020;61.18;68.81;71.79;88.61;100.90
29/11/2020;72.16;86.88;55.09;70.74;80.22
30/11/2020;60.66;90.17;84.26;85.95;83.87
01/12/2020;76.96;67.82;99.18;53.25;91.51
02/12/2020;91.35;58.06;65.02;90.36;65.57
03/12/2020;69.03;50.07;54.95;90.19;55.93
04/12/2020;76.20;63.76;68.69;91.57;96.25
05/12/2020;90.12;65.13;87.26;60.58;71.72
06/12/2020;55.25;57.46;99.14;75.94;78.37
07/12/2020;61.37;83.95;87.68;77.12;79.12
08/12/2020;89.12;95.94;71.23;98.04;54.68
09/12/2020;94.75;62.98;52.65;52.78;86.00
10/12/2020;54.13;53.29;75.72;50.06;65.52
11/12/2020;65.35;54.39;63.31;93.81;65.24
12/12/2020;88.01;90.91;93.20;86.98;91.68
13/12/2020;83.66;70.40;88.74;56.11;52.02
14/12/2020;90.74;73.35;54.26;72.38;53.01
15/12/2020;95.56;68.39;62.19;101.00;68.18
16/12/2020;54.12;84.88;69.35;77.09;52.79
17/12/2020;65.64;72.45;84.86;64.29;83.28
18/12/2020;80.96;77.76;67.20;70.68;64.17
19/12/2020;50.80;75.33;98.89;64.77;79.08
20/12/2020;65.73;78.61;68.61;84.26;70.55
21/12/2020;54.51;56.86;55.96;100.04;77.88
22/12/2020;68.47;57.35;51.68;95.64;77.39
23/12/2020;65.35;89.90;85.23;100.62;88.18
24/12/2020;55.21;81.30;70.74;85.30;79.28
25/12/2020;94.44;94.92;86.08;77.29;98.23
26/12/2020;72.04;56.78;55.18;89.55;93.18
27/12/2020;95.47;85.46;63.50;83.36;58.88
28/12/2020;68.32;66.58;55.65;91.66;80.65
29/12/2020;69.37;100.56;69.68;57.84;63.43
30/12/2020;90.96;58.61;59.94;65.39;53.92
31/12/2020;64.15;89.41;87.13;81.18;52.83
01/01/2021;66.43;99.76;84.97;74.55;66.41
02/01/2021;68.25;88.80;61.01;89.25;57.08
03/01/2021;56.08;94.16;79.41;77.48;71.18
04/01/2021;64.45;92.42;85.90;65.30;68.38
05/01/2021;63.41;94.67;98.06;81.10;70.44
06/01/2021;56.08;54.65;50.05;66.86;92.14
07/01/2021;50.80;71.08;57.74;97.55;70.97
08/01/2021;56.41;100.74;99.48;66.81;93.23
09/01/2021;89.73;73.52;90.81;86.57;66.94
10/01/2021;93.67;90.18;98.47;52.47;70.15
11/01/2021;62.03;73.05;62.64;65.57;79.79
12/01/2021;89.31;83.72;80.47;50.45;55.79
13/01/2021;97.39;65.49;55.99;50.16;77.16
14/01/2021;59.65;59.37;75.78;71.31;97.39
15/01/2021;78.69;90.72;91.00;54.87;94.75
16/01/2021;99.11;72.89;55.75;91.87;83.44
17/01/2021;89.69;66.89;51.29;53.18;81.38
18/01/2021;81.26;81.16;64.65;95.41;79.71
19/01/2021;78.93;100.44;98.44;96.78;69.11
20/01/2021;86.99;52.99;85.01;72.30;83.41
21/01/2021;99.59;98.95;53.63;69.60;61.28
22/01/2021;71.38;81.29;69.24;97.44;72.94
23/01/2021;85.48;58.57;97.43;65.01;81.93
24/01/2021;86.23;50.23;76.17;77.71;74.19
25/01/2021;60.81;66.11;83.27;83.36;85.24
26/01/2021;88.31;73.87;98.72;69.67;65.89
27/01/2021;100.02;91.99;53.58;50.71;60.40
28/01/2021;72.93;50.89;97.89;72.36;67.64
29/01/2021;76.57;56.37;74.46;97.00;95.15
30/01/2021;76.54;76.41;51.96;75.96;55.38
31/01/2021;54.86;80.85;65.46;71.31;57.12
01/02/2021;72.09;95.53;81.30;84.90;67.87
02/02/2021;88.87;92.53;93.42;53.97;87.49
03/02/2021;56.79;67.29;98.35;83.77;76.91
04/02/2021;85.08;65.06;65.48;96.91;99.27
05/02/2021;84.88;91.90;90.15;66.90;55.85
06/02/2021;59.50;88.30;62.03;93.67;55.96
07/02/2021;61.07;73.85;92.70;85.78;95.39
08/02/2021;66.60;92.10;88.87;87.19;89.85
09/02/2021;67.42;89.50;100.13;85.84;73.08
10/02/2021;62.69;77.46;65.89;91.15;68.05
11/02/2021;100.96;91.66;72.08;99.71;67.87
12/02/2021;64.64;67.51;71.10;81.91;94.63
13/02/2021;92.36;73.34;75.72;50.53;86.73
14/02/2021;80.19;62.94;88.89;77.18;63.45
15/02/2021;58.99;70.18;71.54;93.25;65.04
16/02/2021;72.05;86.10;85.01;68.86;78.57
17/02/2021;60.39;90.98;100.07;97.86;67.57
18/02/2021;55.99;70.19;92.33;94.97;60.40
19/02/2021;73.21;69.02;89.15;88.23;71.78
20/02/2021;67.73;95.61;92.99;79.70;88.45
21/02/2021;65.62;72.21;84.18;86.28;73.50
22/02/2021;83.98;72.19;62.42;96.71;64.28
23/02/2021;63.59;63.46;54.88;59.99;82.12
24/02/2021;63.63;69.46;53.02;94.47;100.42
25/02/2021;76.69;73.72;61.76;58.13;64.61
26/02/2021;74.86;68.78;64.44;91.85;90.38
27/02/2021;99.73;83.14;100.13;70.25;87.90
28/02/2021;88.60;51.26;89.87;89.47;96.85
01/03/2021;92.90;96.82;98.08;61.61;81.66
02/03/2021;67.90;67.65;72.26;67.95;91.95
03/03/2021;60.79;54.14;85.57;79.78;53.41
04/03/2021;76.40;79.21;60.98;78.26;66.28
05/03/2021;61.25;89.69;69.89;59.33;81.75
06/03/2021;78.40;96.80;84.21;69.55;66.89
07/03/2021;83.82;62.78;99.06;60.48;69.09
08/03/2021;83.55;50.36;62.41;84.78;97.04
09/03/2021;82.26;58.76;80.88;60.54;97.47
10/03/2021;87.09;68.73;71.95;98.65;100.58
11/03/2021;100.13;56.41;91.62;90.10;75.95
12/03/2021;66.79;79.91;61.68;65.85;61.29
13/03/2021;90.64;58.48;80.65;77.82;63.71
14/03/2021;85.84;62.60;60.10;59.88;80.60
15/03/2021;87.58;86.68;60.87;59.03;79.77
16/03/2021;79.04;57.12;69.65;69.70;97.94
17/03/2021;75.14;57.81;64.84;82.10;89.73
18/03/2021;98.54;84.94;73.00;79.76;86.60
19/03/2021;80.14;79.17;94.26;96.64;90.73
20/03/2021;100.77;100.40;58.82;53.35;63.26
21/03/2021;61.50;82.90;82.73;86.94;93.71
22/03/2021;51.67;79.97;83.92;98.57;87.43
23/03/2021;86.08;53.10;93.17;67.96;65.40
24/03/2021;74.34;93.20;57.85;100.43;83.46
25/03/2021;59.55;54.98;67.92;94.57;97.80
26/03/2021;85.09;74.25;54.78;84.26;96.64
27/03/2021;74.86;74.30;80.86;83.27;79.03
28/03/2021;50.28;89.55;52.60;79.48;54.28
29/03/2021;63.41;50.53;60.89;79.90;98.68
30/03/2021;90.83;79.63;67.50;58.89;99.85
31/03/2021;71.72;78.03;69.10;60.16;94.24
01/04/2021;54.25;99.94;99.65;76.92;90.51
02/04/2021;75.05;76.79;65.80;57.84;94.68
03/04/2021;67.64;53.37;67.50;55.78;52.69
04/04/2021;94.94;100.29;87.25;50.56;59.43
05/04/2021;87.25;86.84;97.30;86.70;90.23
06/04/2021;67.52;85.61;62.00;52.56;56.58
07/04/2021;74.96;56.02;93.90;90.36;86.89
08/04/2021;70.43;61.78;79.37;70.41;95.73
09/04/2021;97.99;89.33;96.80;92.45;82.56
10/04/2021;91.31;99.22;80.06;79.57;88.53
11/04/2021;97.00;59.98;95.08;57.54;65.08
12/04/2021;76.86;95.28;69.76;60.94;89.27
13/04/2021;65.16;88.90;95.34;93.91;64.43
14/04/2021;100.55;60.52;64.57;99.39;52.19
15/04/2021;59.85;52.80;51.50;88.68;67.52
16/04/2021;67.48;55.90;56.83;57.03;66.87
17/04/2021;81.82;94.53;61.33;81.57;93.55
18/04/2021;57.20;89.27;88.83;90.54;80.00
19/04/2021;50.05;92.02;61.78;82.72;68.32
20/04/2021;75.13;87.57;79.75;61.88;57.49
21/04/2021;50.01;57.04;100.46;56.81;59.41
22/04/2021;59.16;100.62;63.37;67.73;96.77
23/04/2021;87.62;92.03;78.87;74.56;99.24
24/04/2021;78.59;97.08;92.10;97.75;64.65
25/04/2021;69.43;79.81;93.80;92.55;75.64
26/04/2021;95.83;76.25;75.66;95.35;61.33
27/04/2021;68.21;73.48;69.23;94.90;77.65
28/04/2021;65.23;65.67;78.90;71.02;51.32
29/04/2021;65.97;76.15;77.87;50.99;53.99
30/04/2021;94.47;77.10;51.62;74.29;62.93
01/05/2021;98.14;61.20;50.78;59.38;83.36
02/05/2021;55.30;86.94;82.12;87.08;70.33
03/05/2021;83.75;51.77;68.18;76.82;89.52
04/05/2021;71.44;67.35;59.57;61.97;92.54
05/05/2021;68.83;94.46;99.09;76.61;80.00
06/05/2021;98.15;52.51;64.23;84.84;94.32
07/05/2021;84.47;50.15;66.19;88.08;99.49
08/05/2021;64.92;91.65;91.74;87.43;87.95
09/05/2021;90.34;84.07;83.00;90.83;69.68
10/05/2021;58.17;52.21;68.25;73.39;83.38
11/05/2021;71.67;78.68;71.67;72.47;70.39
12/05/2021;65.70;83.32;57.27;85.89;65.81
13/05/2021;71.35;94.89;71.66;100.96;53.25
14/05/2021;55.22;84.18;92.24;67.85;98.87
15/05/2021;64.84;94.05;57.90;62.76;52.85
16/05/2021;60.74;61.36;68.84;78.61;75.59
17/05/2021;84.43;82.88;66.86;65.73;76.37
18/05/2021;97.40;79.27;71.23;58.85;100.07
19/05/2021;90.55;63.71;62.62;94.81;66.55
20/05/2021;78.06;56.44;52.99;76.02;55.95
21/05/2021;77.57;86.49;64.53;62.47;84.64
22/05/2021;70.07;57.00;56.32;69.56;60.37
23/05/2021;89.73;64.06;91.64;53.24;55.69
24/05/2021;53.47;96.00;79.78;55.15;95.86
25/05/2021;99.91;66.04;77.65;80.82;75.02
26/05/2021;88.91;65.15;78.61;85.12;67.47
27/05/2021;86.16;79.22;95.69;51.08;68.57
28/05/2021;50.55;52.95;100.85;64.63;84.97
29/05/2021;77.65;82.10;72.92;91.09;80.64
30/05/2021;72.86;84.91;52.34;90.95;84.89
31/05/2021;60.20;91.48;91.49;61.92;98.56
01/06/2021;96.24;93.68;81.01;69.74;81.88
02/06/2021;55.69;80.62;87.32;87.14;65.59
03/06/2021;99.17;56.13;83.93;56.17;71.61
04/06/2021;58.30;78.73;91.47;84.39;68.85
05/06/2021;75.41;82.58;82.19;69.20;73.03
06/06/2021;65.32;98.86;74.02;83.04;53.40
07/06/2021;75.38;88.91;68.65;77.81;90.20
08/06/2021;81.48;65.96;72.83;90.07;54.42
09/06/2021;89.62;64.14;95.30;86.28;61.98
10/06/2021;78.72;71.33;88.59;67.46;81.51
11/06/2021;60.67;81.31;76.10;78.88;65.95
12/06/2021;65.52;73.17;81.57;97.71;64.19
13/06/2021;50.69;68.73;78.90;66.08;86.81
14/06/2021;65.40;84.84;56.83;57.75;58.15
15/06/2021;86.59;80.62;69.07;69.70;98.01
16/06/2021;52.87;92.11;99.56;78.98;70.90
17/06/2021;97.72;97.23;76.62;72.13;83.11
18/06/2021;99.25;81.43;58.23;80.48;67.33
19/06/2021;96.93;82.78;95.14;96.25;74.63
20/06/2021;75.51;77.97;72.36;50.09;97.52
21/06/2021;67.63;91.57;54.54;92.01;85.69
22/06/2021;59.23;93.64;62.66;90.45;97.90
23/06/2021;88.18;78.76;60.47;70.10;50.90
24/06/2021;80.27;83.63;100.56;69.16;93.65
25/06/2021;64.14;68.88;77.01;87.45;72.79
26/06/2021;86.35;69.37;95.00;61.50;85.65
27/06/2021;67.11;65.02;64.56;73.17;82.84
28/06/2021;100.62;56.50;50.85;67.57;91.88
29/06/2021;90.72;92.24;87.99;96.84;58.05
30/06/2021;53.93;69.82;59.11;62.75;74.77
01/07/2021;83.80;95.35;98.90;63.76;82.64
02/07/2021;72.91;76.89;62.22;64.95;89.20
03/07/2021;79.45;83.70;70.07;50.10;67.07
04/07/2021;62.43;79.15;52.33;65.80;92.68
05/07/2021;59.73;61.82;70.44;67.65;96.56
06/07/2021;68.02;82.80;90.10;98.12;88.10
07/07/2021;64.55;68.81;96.49;93.54;64.99
08/07/2021;74.70;56.83;51.76;78.29;95.06
09/07/2021;91.57;52.55;95.64;67.62;94.70
10/07/2021;54.53;91.93;94.45;75.21;100.30
11/07/2021;85.75;63.32;97.59;90.74;83.95
12/07/2021;86.10;100.50;90.59;50.60;52.66
13/07/2021;50.95;64.14;73.39;89.24;59.08
14/07/2021;77.84;71.40;89.34;87.66;92.74
15/07/2021;57.24;78.87;74.51;86.47;100.51
16/07/2021;66.93;68.21;86.48;83.79;53.78
17/07/2021;56.86;51.59;62.32;83.23;97.74
18/07/2021;67.36;99.45;93.19;80.39;86.29
19/07/2021;56.26;68.58;82.72;92.13;92.49
20/07/2021;87.73;96.59;54.39;77.81;66.75
21/07/2021;99.15;51.33;81.10;85.73;85.32
22/07/2021;99.39;71.50;82.99;84.56;67.40
23/07/2021;53.13;94.33;68.22;70.80;80.47
24/07/2021;69.76;78.50;51.39;72.07;82.41
25/07/2021;97.35;66.86;67.58;84.80;76.35
26/07/2021;53.26;99.44;60.07;84.48;51.67
27/07/2021;80.50;96.24;87.32;70.01;86.54
28/07/2021;89.21;53.98;57.13;72.21;64.49
29/07/2021;80.15;52.62;85.28;61.40;61.11
30/07/2021;69.11;51.41;64.33;57.31;83.81
31/07/2021;100.12;52.03;78.88;55.27;76.44
01/08/2021;76.30;99.84;73.77;87.04;80.26
02/08/2021;55.65;77.02;88.08;84.99;97.36
03/08/2021;91.93;88.25;99.98;94.94;94.89
04/08/2021;94.75;52.43;73.00;57.12;62.92
05/08/2021;97.57;100.56;100.92;55.05;57.52
06/08/2021;76.90;86.04;80.98;76.95;65.94
07/08/2021;73.11;91.56;68.08;81.89;86.58
08/08/2021;77.02;71.87;55.87;67.15;79.56
09/08/2021;92.68;82.74;65.61;51.35;73.15
10/08/2021;87.40;91.89;92.23;97.11;87.39
11/08/2021;68.49;57.92;57.89;67.05;72.71
12/08/2021;70.02;82.64;69.61;51.05;99.07
13/08/2021;69.28;92.04;71.34;59.43;97.15
14/08/2021;53.20;61.20;87.83;95.29;73.44
15/08/2021;58.14;60.23;58.40;99.28;93.44
16/08/2021;59.06;58.89;62.94;90.20;53.87
17/08/2021;96.65;63.37;54.40;80.62;79.51
18/08/2021;92.93;68.86;94.74;92.93;59.20
19/08/2021;56.58;51.30;53.00;80.89;60.66
20/08/2021;86.11;78.71;56.46;87.28;81.30
21/08/2021;51.42;55.73;56.66;57.73;93.75
22/08/2021;71.33;55.89;55.22;61.34;53.22
23/08/2021;59.10;70.89;95.38;83.95;52.01
24/08/2021;88.03;52.86;79.37;66.04;74.83
25/08/2021;85.72;100.74;74.36;65.75;67.69
26/08/2021;96.12;92.18;79.66;68.48;57.60
27/08/2021;92.14;72.50;83.16;93.97;97.72
28/08/2021;63.00;76.34;58.35;50.05;89.28
29/08/2021;59.65;100.10;77.22;54.86;65.34
30/08/2021;94.82;50.13;96.12;78.21;67.23
31/08/2021;96.90;57.47;70.86;54.59;68.48
01/09/2021;71.84;53.77;70.20;77.68;83.14
02/09/2021;96.20;57.75;57.50;51.39;83.37
03/09/2021;85.57;51.84;60.84;68.89;98.23
04/09/2021;85.96;69.12;91.84;54.42;97.26
05/09/2021;71.44;72.00;63.06;72.08;67.47
06/09/2021;54.84;68.22;99.11;52.85;72.17
07/09/2021;53.41;70.06;87.32;64.85;85.03
08/09/2021;74.06;58.92;87.61;57.07;60.43
09/09/2021;98.38;88.27;52.30;58.68;78.60
10/09/2021;89.26;68.68;68.29;89.67;77.57
11/09/2021;83.35;72.43;51.51;98.67;93.16
12/09/2021;94.30;90.79;76.52;76.47;88.26
13/09/2021;82.60;98.96;72.71;91.25;96.11
14/09/2021;76.06;95.32;88.64;61.66;56.45
15/09/2021;97.54;60.10;75.23;69.45;79.21
16/09/2021;57.58;57.93;74.33;70.87;65.53
17/09/2021;91.77;51.75;51.70;65.84;99.43
18/09/2021;99.04;52.01;66.58;100.38;82.74
19/09/2021;74.04;88.47;87.85;89.61;81.93
20/09/2021;73.32;81.71;89.42;68.17;84.87
21/09/2021;78.06;54.78;100.16;96.42;71.49
22/09/2021;58.99;78.01;81.31;82.16;52.95
23/09/2021;91.20;87.89;96.90;79.56;92.65
24/09/2021;65.58;64.77;52.97;76.02;56.04
25/09/2021;81.93;81.51;91.48;82.49;85.64
26/09/2021;64.78;56.70;88.07;92.37;86.17
27/09/2021;60.51;59.60;85.78;95.87;85.96
28/09/2021;89.37;71.36;60.15;87.09;81.83
29/09/2021;81.68;64.54;68.92;72.45;78.06
30/09/2021;56.50;81.06;73.04;56.37;100.88
01/10/2021;100.61;92.66;62.89;86.71;58.01
02/10/2021;100.81;91.50;79.80;50.88;55.97
03/10/2021;56.32;69.64;58.48;56.81;67.04
04/10/2021;54.18;67.71;100.49;88.32;80.23
05/10/2021;75.02;70.75;80.56;99.60;55.29
06/10/2021;76.83;76.07;69.33;59.38;92.60
07/10/2021;59.08;71.63;53.94;75.67;78.31
08/10/2021;59.54;75.58;88.79;89.36;88.01
09/10/2021;96.54;98.56;100.59;86.05;51.13
10/10/2021;63.83;76.12;55.95;81.98;80.45
11/10/2021;87.33;89.73;52.71;61.12;98.04
12/10/2021;55.01;59.33;99.43;85.22;68.22
13/10/2021;78.08;62.90;56.30;62.03;84.68
14/10/2021;61.28;74.02;73.26;65.58;70.67
15/10/2021;69.22;71.63;53.36;95.82;57.83
16/10/2021;76.52;74.89;63.94;56.08;79.41
17/10/2021;94.98;71.74;96.16;54.98;97.53
18/10/2021;85.99;96.86;73.88;72.22;100.08
19/10/2021;78.03;52.46;63.56;75.99;60.67
20/10/2021;97.91;70.14;68.88;55.55;77.72
21/10/2021;61.40;57.58;92.32;74.43;80.11
22/10/2021;79.39;78.52;75.91;64.72;70.37
23/10/2021;61.95;57.05;75.98;96.98;78.46
24/10/2021;73.25;66.32;94.89;75.67;70.48
25/10/2021;87.19;64.33;67.42;98.30;76.87
26/10/2021;61.40;61.55;89.94;58.13;50.71
27/10/2021;91.56;63.95;88.28;59.21;51.67
28/10/2021;80.82;67.85;51.14;92.16;86.87
29/10/2021;90.84;79.42;55.98;80.28;79.54
30/10/2021;66.63;93.08;92.44;52.65;85.38
31/10/2021;94.05;99.58;54.38;60.67;67.45
01/11/2021;86.04;71.22;95.50;81.90;62.92
02/11/2021;95.59;85.38;85.98;61.00;87.59
03/11/2021;67.71;58.68;65.77;81.73;93.59
04/11/2021;87.16;70.24;85.49;53.49;53.52
05/11/2021;88.65;59.80;53.52;71.99;90.51
06/11/2021;68.27;52.17;66.85;68.29;91.38
07/11/2021;90.44;98.41;62.99;66.89;91.81
08/11/2021;66.43;53.86;51.68;70.72;65.08
09/11/2021;80.40;79.77;87.62;94.93;61.54
10/11/2021;76.44;58.57;70.76;52.82;97.60
11/11/2021;91.77;74.72;75.78;98.34;66.79
12/11/2021;99.87;76.69;82.10;57.00;88.77
13/11/2021;75.91;86.20;97.04;72.88;60.69
14/11/2021;85.39;95.05;69.10;54.19;66.83
15/11/2021;59.53;60.02;58.74;59.38;66.46
16/11/2021;54.52;100.30;96.14;70.45;80.00
17/11/2021;89.70;65.63;64.34;94.69;90.04
18/11/2021;58.69;92.82;76.47;69.88;62.73
19/11/2021;94.69;100.07;96.28;81.26;62.16
20/11/2021;77.22;61.25;61.85;77.18;90.96
21/11/2021;89.12;57.49;95.04;61.37;97.25
22/11/2021;92.70;76.27;78.06;84.54;66.59
23/11/2021;94.96;56.11;74.99;77.14;61.94
24/11/2021;89.80;71.05;84.78;59.65;87.19
25/11/2021;95.98;99.99;71.76;96.39;71.99
26/11/2021;91.12;92.61;65.54;70.11;100.00
27/11/2021;94.12;68.98;52.67;96.90;95.00
28/11/2021;95.66;82.96;57.26;90.49;72.03
29/11/2021;93.69;81.95;72.25;58.64;93.74
30/11/2021;55.52;99.93;53.42;72.70;97.06
01/12/2021;88.23;79.38;87.62;67.64;66.46
02/12/2021;85.20;63.19;100.59;86.06;56.11
03/12/2021;92.86;99.88;56.23;55.34;99.73
04/12/2021;62.48;57.03;84.82;68.49;97.00
05/12/2021;63.08;53.72;76.96;99.92;62.10
06/12/2021;76.20;54.32;90.95;87.29;72.40
07/12/2021;91.41;56.89;53.89;84.00;100.63
08/12/2021;80.23;72.45;60.77;50.83;85.59
09/12/2021;60.53;78.60;90.35;75.89;85.35
10/12/2021;54.76;100.07;99.66;97.58;64.94
11/12/2021;96.86;68.84;92.10;64.33;59.58
12/12/2021;65.81;76.19;90.37;74.17;70.02
13/12/2021;77.55;97.26;85.35;50.80;98.86
14/12/2021;54.41;80.57;60.57;81.70;60.86
15/12/2021;90.33;59.20;51.39;82.65;87.93
16/12/2021;58.33;62.27;57.51;61.63;78.64
17/12/2021;100.92;87.55;82.37;100.80;70.76
18/12/2021;77.10;68.32;66.74;99.10;62.14
19/12/2021;54.81;90.48;88.62;57.72;98.19
20/12/2021;58.52;55.83;72.60;84.07;82.05
21/12/2021;60.36;53.55;96.07;95.96;67.57
22/12/2021;98.89;78.63;67.46;100.90;98.50
23/12/2021;51.67;67.46;66.89;64.84;73.08
24/12/2021;86.44;78.46;97.35;68.76;64.74
25/12/2021;80.95;74.29;83.50;77.99;96.00
26/12/2021;96.75;76.48;52.25;89.23;55.93
27/12/2021;61.28;51.73;56.84;71.77;93.46
28/12/2021;98.91;85.83;67.68;68.85;88.62
29/12/2021;80.29;94.61;90.85;99.14;74.23
30/12/2021;83.15;82.14;51.40;94.62;100.51
31/12/2021;55.08;100.65;52.26;87.69;70.88
01/01/2022;93.44;66.71;51.99;83.46;62.48
02/01/2022;91.97;68.80;53.85;85.64;74.23
03/01/2022;50.18;64.04;75.91;86.95;53.93
04/01/2022;59.22;78.97;96.28;62.00;77.16
05/01/2022;52.93;67.28;96.24;59.61;66.47
06/01/2022;92.91;97.27;56.46;72.11;63.33
07/01/2022;97.64;75.84;78.93;81.26;90.09
08/01/2022;99.11;97.77;90.99;62.34;91.25
09/01/2022;93.58;96.67;65.73;52.78;90.04
10/01/2022;96.65;95.49;83.73;98.56;76.95
11/01/2022;72.86;68.73;59.10;77.33;91.16
12/01/2022;77.43;84.89;58.16;69.20;89.33
13/01/2022;63.65;69.11;71.18;99.25;87.38
14/01/2022;54.69;61.70;82.41;100.63;70.46
15/01/2022;68.21;61.88;85.43;92.34;65.07
16/01/2022;57.33;64.68;88.35;98.86;96.10
17/01/2022;84.27;91.21;73.60;88.92;62.13
18/01/2022;66.32;65.98;60.56;89.20;92.26
19/01/2022;67.97;53.34;54.63;61.07;79.25
20/01/2022;55.47;70.68;52.57;94.69;75.78
21/01/2022;93.23;66.85;68.43;54.10;75.34
22/01/2022;64.02;69.26;68.34;58.46;94.73
23/01/2022;87.64;54.24;99.26;93.98;52.74
24/01/2022;81.35;64.96;59.16;88.65;80.59
25/01/2022;93.70;89.45;77.01;55.13;76.95
26/01/2022;89.03;70.10;86.81;54.13;57.20
27/01/2022;55.77;91.90;95.13;73.34;52.29
28/01/2022;60.09;53.44;99.80;67.44;91.12
29/01/2022;98.96;88.29;95.04;64.47;93.46
30/01/2022;70.55;72.22;84.81;91.32;66.15
31/01/2022;68.10;100.52;69.20;53.60;58.36
01/02/2022;86.12;68.73;50.95;88.80;51.57
02/02/2022;58.71;94.38;62.51;87.38;76.27
03/02/2022;72.48;77.48;99.22;88.89;83.21
04/02/2022;74.23;50.71;59.49;94.50;59.99
05/02/2022;97.12;73.30;50.70;88.83;53.12
06/02/2022;65.07;75.60;69.51;69.01;50.52
07/02/2022;97.22;66.81;61.72;57.61;51.35
08/02/2022;99.27;77.09;62.78;61.22;83.21
09/02/2022;82.52;57.83;95.34;52.49;80.35
10/02/2022;70.09;61.00;79.62;71.19;100.91
11/02/2022;99.70;84.39;76.72;94.21;97.54
12/02/2022;88.66;65.15;90.35;52.63;83.32
13/02/2022;62.37;65.87;90.36;85.21;57.54
14/02/2022;62.33;67.49;50.73;57.65;55.45
15/02/2022;95.10;99.38;93.01;96.44;77.62
16/02/2022;89.51;72.77;58.97;62.28;100.94
17/02/2022;57.75;85.40;52.60;84.12;68.67
18/02/2022;77.43;85.90;77.82;76.95;84.20
19/02/2022;72.20;71.63;71.30;69.86;81.74
20/02/2022;89.61;87.68;73.84;61.54;70.09
21/02/2022;76.56;65.22;63.54;77.41;85.44
22/02/2022;59.68;82.42;88.50;77.88;85.16
23/02/2022;61.89;80.53;81.31;97.04;74.29
24/02/2022;91.74;69.44;88.98;55.40;58.96
25/02/2022;70.61;97.75;97.66;78.66;100.74
26/02/2022;97.51;76.50;51.12;89.96;91.71
27/02/2022;93.55;83.24;89.48;93.21;93.48
28/02/2022;61.83;58.82;77.13;75.01;70.73
01/03/2022;57.72;60.40;51.37;84.41;51.99
02/03/2022;91.60;57.23;79.92;53.10;70.46
03/03/2022;89.86;93.05;97.13;50.63;75.78
04/03/2022;56.26;91.03;75.34;99.95;66.65
05/03/2022;93.92;98.14;100.84;84.65;55.50
06/03/2022;60.24;52.12;88.00;62.70;100.55
07/03/2022;77.38;65.40;71.21;75.20;68.70
08/03/2022;75.32;61.56;82.97;91.47;76.59
09/03/2022;80.41;98.98;95.55;88.73;83.12
10/03/2022;80.19;68.10;67.79;51.54;58.85
11/03/2022;53.06;52.38;97.82;59.61;91.04
12/03/2022;84.98;100.52;68.00;74.41;75.03
13/03/2022;66.64;70.86;64.77;70.62;55.34
14/03/2022;79.65;59.73;76.95;74.80;68.34
15/03/2022;82.22;75.51;92.77;93.19;91.76
16/03/2022;72.83;81.14;60.40;61.46;54.58
17/03/2022;66.73;51.43;93.23;78.24;87.04
18/03/2022;76.58;90.43;72.03;76.24;75.34
19/03/2022;91.08;91.00;60.21;79.42;99.30
20/03/2022;60.78;100.77;81.76;87.46;57.66
21/03/2022;91.31;95.74;71.30;75.69;63.01
22/03/2022;57.12;100.47;71.95;87.46;88.16
23/03/2022;95.44;69.04;96.08;69.38;87.16
24/03/2022;66.39;55.24;89.58;88.08;57.12
25/03/2022;85.24;68.09;97.94;81.92;64.88
26/03/2022;59.14;55.54;74.83;66.36;76.26
27/03/2022;87.52;65.65;77.86;83.52;62.69
28/03/2022;63.94;88.83;100.88;92.29;79.13
29/03/2022;90.95;95.98;65.37;66.57;97.79
30/03/2022;82.63;80.68;79.47;59.38;94.47
31/03/2022;81.10;86.77;68.28;59.36;96.67
01/04/2022;70.56;69.13;92.74;64.97;88.70
02/04/2022;61.91;54.60;60.25;61.34;54.46
03/04/2022;93.59;78.84;86.41;93.85;66.47
04/04/2022;76.46;65.97;81.73;92.58;95.93
05/04/2022;72.48;90.15;92.21;93.66;65.67
06/04/2022;96.45;77.47;90.29;60.79;95.24
07/04/2022;54.29;68.75;53.08;65.09;72.48
08/04/2022;77.66;61.28;55.82;53.91;57.05
09/04/2022;96.84;84.14;77.85;75.50;59.30
10/04/2022;64.40;97.43;75.01;74.63;60.07
11/04/2022;100.35;82.67;65.41;71.51;79.76
12/04/2022;63.76;82.78;68.19;60.26;89.52
13/04/2022;97.32;56.59;87.12;57.55;89.23
14/04/2022;89.15;56.91;81.69;54.61;87.69
15/04/2022;62.38;54.85;69.27;89.06;54.20
16/04/2022;95.33;56.11;97.66;74.03;81.61
17/04/2022;86.62;58.43;60.52;83.17;54.56
18/04/2022;63.43;58.65;66.49;50.16;93.75
19/04/2022;58.69;84.11;98.89;95.05;99.30
20/04/2022;90.76;55.22;76.02;67.27;89.10
21/04/2022;61.05;93.53;100.56;66.00;88.34
22/04/2022;57.01;97.91;62.13;58.48;98.49
23/04/2022;66.10;65.78;92.28;86.80;95.39
24/04/2022;99.68;91.63;72.24;84.82;99.15
25/04/2022;69.36;85.51;59.91;50.92;90.54
26/04/2022;75.30;66.00;91.57;84.56;98.38
27/04/2022;54.26;91.69;55.79;62.84;53.90
28/04/2022;70.11;59.52;67.27;93.82;52.47
29/04/2022;91.89;56.80;57.66;66.13;99.28
30/04/2022;65.99;83.24;89.81;75.74;65.37
01/05/2022;52.62;53.80;66.15;96.07;91.66
02/05/2022;54.40;93.71;56.75;65.16;54.17
03/05/2022;59.54;70.12;85.40;89.10;56.67
04/05/2022;81.86;51.14;57.32;63.46;81.02
05/05/2022;97.22;70.13;81.54;97.68;61.72
06/05/2022;84.22;85.70;90.95;91.43;90.71
07/05/2022;73.42;50.42;88.06;88.73;54.91
08/05/2022;67.54;89.59;62.31;80.09;82.39
09/05/2022;71.48;57.93;51.68;82.39;89.93
10/05/2022;71.44;57.86;93.74;84.06;80.95
11/05/2022;72.95;79.52;68.71;63.10;94.36
12/05/2022;86.97;56.06;64.04;68.51;77.44
13/05/2022;80.25;62.29;75.57;61.10;98.13
14/05/2022;54.93;88.87;98.55;100.30;77.22
15/05/2022;94.80;52.02;58.10;92.99;69.17
16/05/2022;51.01;78.06;84.09;90.51;98.76
17/05/2022;73.01;82.21;78.53;86.20;99.64
18/05/2022;77.78;71.76;85.28;99.51;98.49
19/05/2022;90.63;66.11;67.08;65.72;98.36
20/05/2022;58.41;84.35;66.53;72.36;83.79
21/05/2022;100.98;51.44;94.09;96.69;70.84
22/05/2022;87.47;70.87;97.71;52.21;54.46
23/05/2022;93.49;77.76;88.32;88.17;67.38
24/05/2022;94.49;59.23;69.47;67.11;73.30
25/05/2022;66.19;71.13;100.70;93.49;96.69
26/05/2022;81.20;58.78;99.49;61.09;51.34
27/05/2022;75.58;96.75;95.77;56.23;64.51
28/05/2022;50.85;76.25;58.90;90.27;73.79
29/05/2022;69.72;53.37;100.74;75.43;89.25
30/05/2022;57.27;70.77;75.81;75.70;70.37
31/05/2022;61.63;68.35;53.67;89.61;68.49
01/06/2022;52.85;66.29;63.49;71.08;70.94
02/06/2022;99.70;85.40;68.77;76.94;87.03
03/06/2022;61.02;64.74;69.59;67.09;52.76
04/06/2022;57.12;65.04;63.03;76.09;54.34
05/06/2022;65.90;81.84;85.02;50.36;100.90
06/06/2022;84.85;100.84;74.23;79.15;90.59
07/06/2022;68.76;68.96;72.06;96.29;64.52
08/06/2022;90.64;75.73;89.72;51.87;79.83
09/06/2022;78.47;75.13;85.99;51.67;50.40
10/06/2022;73.24;50.59;75.38;59.93;87.36
11/06/2022;62.74;85.38;99.92;67.97;71.13
12/06/2022;53.80;99.72;51.79;82.44;63.98
13/06/2022;71.89;67.85;93.09;80.08;54.43
14/06/2022;92.53;86.08;99.12;55.05;61.03
15/06/2022;76.58;66.22;67.60;53.61;98.57
16/06/2022;78.03;55.83;53.18;69.07;71.09
17/06/2022;73.45;81.78;67.58;62.48;97.34
18/06/2022;79.60;98.48;92.44;69.35;63.75
19/06/2022;68.82;81.43;98.13;94.83;86.57
20/06/2022;91.74;75.88;97.35;75.24;100.99
21/06/2022;80.08;90.44;74.00;73.86;94.61
22/06/2022;84.83;89.45;94.79;89.66;57.81
23/06/2022;51.25;73.80;74.09;60.57;87.10
24/06/2022;63.42;89.38;55.13;77.06;62.84
25/06/2022;63.33;82.12;93.43;50.55;62.68
26/06/2022;90.02;67.26;63.36;68.22;62.65
27/06/2022;88.04;70.23;67.09;95.82;74.69
28/06/2022;68.16;84.98;95.83;70.65;99.67
29/06/2022;91.61;56.14;64.39;88.02;59.75
30/06/2022;81.55;54.19;58.26;84.36;60.85
01/07/2022;63.44;52.75;74.59;99.44;92.46
02/07/2022;64.23;92.04;69.59;83.88;73.34
03/07/2022;51.19;90.95;83.19;78.54;85.65
04/07/2022;71.97;53.12;90.27;65.39;58.14
05/07/2022;92.78;65.41;55.94;87.46;78.77
06/07/2022;52.74;54.20;63.26;80.34;96.50
07/07/2022;62.11;90.68;88.67;96.80;97.25
08/07/2022;68.00;61.92;63.74;59.38;74.26
09/07/2022;51.69;78.73;83.97;93.41;62.22
10/07/2022;84.02;53.60;52.96;51.32;52.00
11/07/2022;85.99;60.33;61.32;98.72;56.33
12/07/2022;60.02;55.31;67.54;85.25;69.97
13/07/2022;96.38;92.11;65.94;95.07;86.06
14/07/2022;60.51;79.57;56.62;72.62;91.46
15/07/2022;55.79;95.58;83.86;50.17;95.77
16/07/2022;60.95;83.57;75.12;75.80;96.59
17/07/2022;57.16;73.10;67.13;93.04;53.74
18/07/2022;90.01;69.89;63.59;92.94;61.93
19/07/2022;57.07;98.22;62.09;91.55;55.56
20/07/2022;97.73;84.44;85.20;93.29;65.32
21/07/2022;57.29;94.37;99.82;89.33;80.95
22/07/2022;77.37;70.01;98.08;60.86;97.80
23/07/2022;66.70;63.82;68.35;85.72;61.25
24/07/2022;71.60;72.74;58.92;88.30;79.79
25/07/2022;92.52;61.62;58.32;85.85;92.60
26/07/2022;67.03;60.05;69.57;79.90;89.98
27/07/2022;51.26;83.95;97.63;70.29;59.09
28/07/2022;83.34;60.85;59.84;76.76;54.26
29/07/2022;61.60;96.63;67.36;68.78;82.34
30/07/2022;99.23;82.76;55.86;51.48;99.70
31/07/2022;86.65;59.04;85.83;79.94;56.98
01/08/2022;81.64;78.31;88.40;72.78;59.64
02/08/2022;79.39;56.62;58.45;70.97;92.17
03/08/2022;56.25;52.52;52.04;51.04;72.95
04/08/2022;61.81;92.01;72.02;58.58;69.49
05/08/2022;90.94;85.96;99.01;50.31;82.32
06/08/2022;50.53;83.54;51.22;80.35;89.10
07/08/2022;50.77;77.89;62.97;80.21;89.89
08/08/2022;58.79;89.26;89.67;95.85;97.62
09/08/2022;95.10;73.34;54.66;69.53;65.61
10/08/2022;96.18;66.10;95.72;79.42;100.15
11/08/2022;60.11;86.34;94.41;89.11;67.86
12/08/2022;72.78;59.07;68.67;81.30;91.10
13/08/2022;56.05;83.64;74.19;69.88;90.44
14/08/2022;84.47;77.58;55.37;53.76;99.90
15/08/2022;98.77;67.32;83.53;79.42;57.31
16/08/2022;81.37;75.72;82.26;56.21;61.76
17/08/2022;86.05;100.26;91.76;69.24;74.16
18/08/2022;63.41;78.05;60.45;69.04;70.71
19/08/2022;80.84;94.76;73.64;95.13;77.73
20/08/2022;86.68;50.01;70.51;84.98;98.42
21/08/2022;57.83;96.35;92.56;56.30;80.75
22/08/2022;56.00;90.94;76.52;71.84;95.30
23/08/2022;53.95;54.90;63.91;80.40;88.48
24/08/2022;74.31;91.31;75.52;91.13;92.50
25/08/2022;74.76;90.86;66.59;65.98;56.85
26/08/2022;97.19;96.05;83.35;84.47;51.85
27/08/2022;94.92;61.97;91.44;65.72;80.39
28/08/2022;54.84;61.11;63.50;76.27;76.50
29/08/2022;86.15;58.11;92.70;57.64;66.65
30/08/2022;54.00;99.72;75.52;96.50;73.27
31/08/2022;63.99;97.51;77.87;71.66;87.13
01/09/2022;88.43;79.91;87.00;76.84;60.28
02/09/2022;92.97;66.41;87.36;76.68;98.70
03/09/2022;61.90;68.88;80.55;71.96;84.80
04/09/2022;97.16;67.65;97.81;88.54;52.22
05/09/2022;88.51;56.07;68.13;67.45;96.78
06/09/2022;99.29;86.99;61.21;57.71;56.56
07/09/2022;100.61;63.98;93.12;89.30;57.74
08/09/2022;93.57;93.58;64.86;63.81;57.82
09/09/2022;99.86;55.37;79.57;95.21;50.30
10/09/2022;54.86;67.13;80.80;69.89;69.24
11/09/2022;79.26;98.46;51.06;70.61;62.53
12/09/2022;75.58;89.02;99.90;85.31;90.61
13/09/2022;75.11;93.87;100.64;68.76;86.95
14/09/2022;53.59;93.78;70.36;91.39;94.33
15/09/2022;100.16;73.35;72.89;84.12;85.31
16/09/2022;68.86;60.98;74.38;60.44;86.93
17/09/2022;54.20;98.97;60.65;78.07;65.84
18/09/2022;55.46;53.12;93.89;54.29;99.92
19/09/2022;70.95;85.50;69.03;83.01;83.26
20/09/2022;78.40;98.46;71.92;87.80;93.56
21/09/2022;55.93;61.64;93.64;57.77;80.59
22/09/2022;54.73;55.91;52.18;83.02;73.01
23/09/2022;58.20;60.97;65.40;62.03;70.08
24/09/2022;70.60;90.45;85.21;96.80;90.28
25/09/2022;97.75;63.38;55.91;81.17;75.78
